Request URL   : https://maps.googleapis.com/$rpc/google.internal.maps.mapsjs.v1.MapsJsInternalService/GetViewportInfo
Method        : POST
Status Code   : 200
------------------------------------------------------------
Request Payload:
[
  [
    [
      37.430860769598475,
      -93.99591370541165
    ],
    [
      39.42803234250304,
      -88.00439898669795
    ]
  ],
  10,
  null,
  "en-US",
  0,
  "m@790000000",
  0,
  0,
  null,
  null,
  null,
  1,
  "https://hanafloralpos3.com/AdvancedDispatch/AdvanceDispatch",
  1,
  null,
  null,
  "74EF897C-A9F4-4031-A1B5-A77D107C1CBF"
]
------------------------------------------------------------
Response Body:
[
  "Map data ©2026 Google",
  [
    [
      "obliques",
      [
        [
          38.82259097617711,
          -92.4609375
        ],
        [
          39.09596293630548,
          -92.109375
        ]
      ]
    ],
    [
      "obliques",
      [
        [
          38.82259097617711,
          -91.0546875
        ],
        [
          39.09596293630548,
          -89.6484375
        ]
      ]
    ],
    [
      "obliques",
      [
        [
          38.54816542304658,
          -92.4609375
        ],
        [
          38.82259097617711,
          -91.7578125
        ]
      ]
    ],
    [
      "obliques",
      [
        [
          38.54816542304658,
          -91.0546875
        ],
        [
          38.82259097617711,
          -89.6484375
        ]
      ]
    ],
    [
      "obliques",
      [
        [
          38.27268853598096,
          -92.4609375
        ],
        [
          38.54816542304658,
          -91.7578125
        ]
      ]
    ],
    [
      "obliques",
      [
        [
          38.27268853598096,
          -90.703125
        ],
        [
          38.54816542304658,
          -89.6484375
        ]
      ]
    ],
    [
      "obliques",
      [
        [
          37.718590325588146,
          -89.296875
        ],
        [
          37.99616267972812,
          -88.9453125
        ]
      ]
    ],
    [
      "obliques",
      [
        [
          37.43997405227058,
          -89.296875
        ],
        [
          37.718590325588146,
          -88.9453125
        ]
      ]
    ],
    [
      "obliques",
      [
        [
          37.160316546736766,
          -93.515625
        ],
        [
          37.43997405227058,
          -92.8125
        ]
      ]
    ],
    [
      "obliques",
      [
        [
          37.160316546736766,
          -89.6484375
        ],
        [
          37.43997405227058,
          -89.296875
        ]
      ]
    ],
    [
      "obliques",
      [
        [
          37.160316546736766,
          -88.9453125
        ],
        [
          37.43997405227058,
          -88.59375
        ]
      ]
    ],
    [
      "report_map_issue",
      [
        [
          39.36827914916013,
          -94.21875
        ],
        [
          39.639537564366705,
          -87.890625
        ]
      ]
    ],
    [
      "report_map_issue",
      [
        [
          39.09596293630548,
          -94.21875
        ],
        [
          39.36827914916013,
          -87.890625
        ]
      ]
    ],
    [
      "report_map_issue",
      [
        [
          38.82259097617711,
          -94.21875
        ],
        [
          39.09596293630548,
          -87.890625
        ]
      ]
    ],
    [
      "report_map_issue",
      [
        [
          38.54816542304658,
          -94.21875
        ],
        [
          38.82259097617711,
          -87.890625
        ]
      ]
    ],
    [
      "report_map_issue",
      [
        [
          38.27268853598096,
          -94.21875
        ],
        [
          38.54816542304658,
          -87.890625
        ]
      ]
    ],
    [
      "report_map_issue",
      [
        [
          37.99616267972812,
          -94.21875
        ],
        [
          38.27268853598096,
          -87.890625
        ]
      ]
    ],
    [
      "report_map_issue",
      [
        [
          37.718590325588146,
          -94.21875
        ],
        [
          37.99616267972812,
          -87.890625
        ]
      ]
    ],
    [
      "report_map_issue",
      [
        [
          37.43997405227058,
          -94.21875
        ],
        [
          37.718590325588146,
          -87.890625
        ]
      ]
    ],
    [
      "report_map_issue",
      [
        [
          37.160316546736766,
          -94.21875
        ],
        [
          37.43997405227058,
          -87.890625
        ]
      ]
    ],
    [
      "traffic",
      [
        [
          39.36827914916013,
          -94.21875
        ],
        [
          39.639537564366705,
          -87.890625
        ]
      ]
    ],
    [
      "traffic",
      [
        [
          39.09596293630548,
          -94.21875
        ],
        [
          39.36827914916013,
          -87.890625
        ]
      ]
    ],
    [
      "traffic",
      [
        [
          38.82259097617711,
          -94.21875
        ],
        [
          39.09596293630548,
          -87.890625
        ]
      ]
    ],
    [
      "traffic",
      [
        [
          38.54816542304658,
          -94.21875
        ],
        [
          38.82259097617711,
          -87.890625
        ]
      ]
    ],
    [
      "traffic",
      [
        [
          38.27268853598096,
          -94.21875
        ],
        [
          38.54816542304658,
          -87.890625
        ]
      ]
    ],
    [
      "traffic",
      [
        [
          37.99616267972812,
          -94.21875
        ],
        [
          38.27268853598096,
          -87.890625
        ]
      ]
    ],
    [
      "traffic",
      [
        [
          37.718590325588146,
          -94.21875
        ],
        [
          37.99616267972812,
          -87.890625
        ]
      ]
    ],
    [
      "traffic",
      [
        [
          37.43997405227058,
          -94.21875
        ],
        [
          37.718590325588146,
          -87.890625
        ]
      ]
    ],
    [
      "traffic",
      [
        [
          37.160316546736766,
          -94.21875
        ],
        [
          37.43997405227058,
          -87.890625
        ]
      ]
    ]
  ],
  [
    [
      19,
      [
        [
          -90,
          -180
        ],
        [
          90,
          180
        ]
      ]
    ],
    [
      9,
      [
        [
          -90,
          -180
        ],
        [
          90,
          180
        ]
      ]
    ],
    [
      13,
      [
        [
          -57.000160199999996,
          -180
        ],
        [
          83.68852609999999,
          180
        ]
      ]
    ],
    [
      14,
      [
        [
          -57.000074299999994,
          -180
        ],
        [
          83.6884403,
          180
        ]
      ]
    ],
    [
      20,
      [
        [
          36.39221190000001,
          -90.7525634
        ],
        [
          37.8808593,
          -89.6429443
        ]
      ]
    ],
    [
      20,
      [
        [
          38.6169433,
          -93.3233642
        ],
        [
          39.50134270000001,
          -92.16979979999999
        ]
      ]
    ],
    [
      20,
      [
        [
          37.26013179999998,
          -91.69189449999999
        ],
        [
          38.2324218,
          -90.7086181
        ]
      ]
    ],
    [
      20,
      [
        [
          37.309570300000004,
          -93.38378900000001
        ],
        [
          38.3587646,
          -92.4938964
        ]
      ]
    ],
    [
      20,
      [
        [
          37.3150634,
          -93.38378900000001
        ],
        [
          38.3587646,
          -92.50488279999999
        ]
      ]
    ],
    [
      20,
      [
        [
          38.45764159999999,
          -89.28039550000001
        ],
        [
          39.446411100000006,
          -88.3850097
        ]
      ]
    ],
    [
      20,
      [
        [
          38.4521484,
          -88.41796869999999
        ],
        [
          39.44091789999999,
          -87.52807609999999
        ]
      ]
    ],
    [
      20,
      [
        [
          38.979492100000016,
          -91.241455
        ],
        [
          39.75952140000001,
          -90.1208496
        ]
      ]
    ],
    [
      20,
      [
        [
          38.45764159999999,
          -89.263916
        ],
        [
          39.44091789999999,
          -88.37951660000002
        ]
      ]
    ],
    [
      20,
      [
        [
          38.55651849999998,
          -90.1593017
        ],
        [
          39.4519042,
          -89.2199707
        ]
      ]
    ],
    [
      20,
      [
        [
          37.359008700000004,
          -92.5598144
        ],
        [
          38.23791499999999,
          -91.6040039
        ]
      ]
    ],
    [
      20,
      [
        [
          38.567504799999995,
          -90.170288
        ],
        [
          39.44091789999999,
          -89.2144775
        ]
      ]
    ],
    [
      20,
      [
        [
          38.1939697,
          -92.614746
        ],
        [
          39.06738279999999,
          -91.6644287
        ]
      ]
    ],
    [
      13,
      [
        [
          38.567504799999995,
          -90.1646232
        ],
        [
          39.44057459999999,
          -89.2144775
        ]
      ]
    ],
    [
      20,
      [
        [
          38.1555175,
          -91.7138671
        ],
        [
          39.0783691,
          -90.8184814
        ]
      ]
    ],
    [
      20,
      [
        [
          38.15002440000001,
          -91.7028808
        ],
        [
          39.0783691,
          -90.81298819999999
        ]
      ]
    ],
    [
      20,
      [
        [
          37.36450189999999,
          -92.55432119999999
        ],
        [
          38.23791499999999,
          -91.60949699999999
        ]
      ]
    ],
    [
      20,
      [
        [
          38.4521484,
          -88.42346189999999
        ],
        [
          39.375,
          -87.53356929999998
        ]
      ]
    ],
    [
      20,
      [
        [
          38.15002440000001,
          -91.70837399999999
        ],
        [
          39.0783691,
          -90.8239746
        ]
      ]
    ],
    [
      20,
      [
        [
          38.1555175,
          -91.70837399999999
        ],
        [
          39.072875899999985,
          -90.8184814
        ]
      ]
    ],
    [
      20,
      [
        [
          37.3150634,
          -94.19128409999999
        ],
        [
          38.23791499999999,
          -93.3068847
        ]
      ]
    ],
    [
      20,
      [
        [
          36.97998039999999,
          -88.82446279999999
        ],
        [
          37.8588867,
          -87.89611810000001
        ]
      ]
    ],
    [
      20,
      [
        [
          38.1994628,
          -92.6092529
        ],
        [
          39.0618896,
          -91.6644287
        ]
      ]
    ],
    [
      20,
      [
        [
          38.627929600000016,
          -94.1748046
        ],
        [
          39.490356399999996,
          -93.2299804
        ]
      ]
    ],
    [
      20,
      [
        [
          39.40795889999998,
          -88.6322021
        ],
        [
          40.29235829999999,
          -87.7203369
        ]
      ]
    ],
    [
      20,
      [
        [
          36.97998039999999,
          -88.81896969999998
        ],
        [
          37.85339350000001,
          -87.89611810000001
        ]
      ]
    ],
    [
      20,
      [
        [
          38.627929600000016,
          -94.16931149999999
        ],
        [
          39.490356399999996,
          -93.23547359999999
        ]
      ]
    ],
    [
      20,
      [
        [
          39.402465800000016,
          -90.20324699999999
        ],
        [
          40.281372000000005,
          -89.296875
        ]
      ]
    ],
    [
      20,
      [
        [
          36.985473600000006,
          -89.6978759
        ],
        [
          37.84790029999999,
          -88.77502439999999
        ]
      ]
    ],
    [
      20,
      [
        [
          39.40795889999998,
          -90.2087402
        ],
        [
          40.27587890000001,
          -89.3078613
        ]
      ]
    ],
    [
      20,
      [
        [
          39.40795889999998,
          -88.6212158
        ],
        [
          40.27587890000001,
          -87.72582999999999
        ]
      ]
    ],
    [
      20,
      [
        [
          39.40795889999998,
          -88.6157226
        ],
        [
          40.27587890000001,
          -87.7203369
        ]
      ]
    ],
    [
      20,
      [
        [
          39.03442380000001,
          -92.2247314
        ],
        [
          39.75952140000001,
          -91.1590576
        ]
      ]
    ],
    [
      13,
      [
        [
          38.567504799999995,
          -89.2733573
        ],
        [
          39.435939700000006,
          -88.38912959999999
        ]
      ]
    ],
    [
      20,
      [
        [
          37.814941399999995,
          -89.8132324
        ],
        [
          38.6004638,
          -88.862915
        ]
      ]
    ],
    [
      20,
      [
        [
          38.62243649999999,
          -93.02673329999999
        ],
        [
          39.495849599999985,
          -92.1752929
        ]
      ]
    ],
    [
      20,
      [
        [
          37.80944819999999,
          -91.1206054
        ],
        [
          38.347778300000016,
          -89.74182119999998
        ]
      ]
    ],
    [
      20,
      [
        [
          37.814941399999995,
          -91.1315917
        ],
        [
          38.3422851,
          -89.73083489999999
        ]
      ]
    ],
    [
      20,
      [
        [
          37.814941399999995,
          -89.8077392
        ],
        [
          38.6004638,
          -88.8684082
        ]
      ]
    ],
    [
      20,
      [
        [
          39.40795889999998,
          -89.3518066
        ],
        [
          40.27587890000001,
          -88.55529779999999
        ]
      ]
    ],
    [
      20,
      [
        [
          37.22167959999999,
          -90.74707029999999
        ],
        [
          37.85339350000001,
          -89.65393060000001
        ]
      ]
    ],
    [
      20,
      [
        [
          39.40795889999998,
          -89.3518066
        ],
        [
          40.27038569999999,
          -88.560791
        ]
      ]
    ],
    [
      20,
      [
        [
          38.1939697,
          -93.92761229999999
        ],
        [
          38.66638180000001,
          -92.5598144
        ]
      ]
    ],
    [
      20,
      [
        [
          38.1994628,
          -93.92761229999999
        ],
        [
          38.66088859999999,
          -92.5653076
        ]
      ]
    ],
    [
      20,
      [
        [
          38.18847650000001,
          -95.0427246
        ],
        [
          38.671875,
          -93.8946533
        ]
      ]
    ],
    [
      21,
      [
        [
          38.55632939999998,
          -94.4743665
        ],
        [
          39.56535969999999,
          -93.93267089999999
        ]
      ]
    ],
    [
      20,
      [
        [
          38.1994628,
          -95.0482177
        ],
        [
          38.66088859999999,
          -93.8891601
        ]
      ]
    ],
    [
      20,
      [
        [
          38.1555175,
          -91.307373
        ],
        [
          39.072875899999985,
          -90.8184814
        ]
      ]
    ],
    [
      20,
      [
        [
          37.3150634,
          -93.7957763
        ],
        [
          38.2324218,
          -93.317871
        ]
      ]
    ],
    [
      20,
      [
        [
          37.3150634,
          -94.185791
        ],
        [
          38.2324218,
          -93.751831
        ]
      ]
    ],
    [
      20,
      [
        [
          37.36450189999999,
          -92.0544433
        ],
        [
          38.2324218,
          -91.6149902
        ]
      ]
    ],
    [
      20,
      [
        [
          36.985473600000006,
          -89.2034912
        ],
        [
          37.84790029999999,
          -88.77502439999999
        ]
      ]
    ],
    [
      20,
      [
        [
          38.30932609999999,
          -90.2416992
        ],
        [
          39.01794430000001,
          -89.7473144
        ]
      ]
    ],
    [
      20,
      [
        [
          38.16101069999999,
          -91.4227294
        ],
        [
          39.0783691,
          -91.04370109999999
        ]
      ]
    ],
    [
      21,
      [
        [
          38.3390383,
          -92.7256152
        ],
        [
          38.72436110000001,
          -91.87527039999999
        ]
      ]
    ],
    [
      20,
      [
        [
          38.4521484,
          -88.70910639999998
        ],
        [
          39.44091789999999,
          -88.37951660000002
        ]
      ]
    ],
    [
      21,
      [
        [
          36.86570019999998,
          -93.2580055
        ],
        [
          37.56366729999999,
          -92.80734679999999
        ]
      ]
    ],
    [
      21,
      [
        [
          37.90195829999999,
          -92.9476578
        ],
        [
          38.5375741,
          -92.4767705
        ]
      ]
    ],
    [
      21,
      [
        [
          36.94767250000001,
          -93.5377424
        ],
        [
          37.70772009999999,
          -93.166225
        ]
      ]
    ],
    [
      20,
      [
        [
          36.97998039999999,
          -89.0881347
        ],
        [
          37.85339350000001,
          -88.77502439999999
        ]
      ]
    ],
    [
      14,
      [
        [
          38.70182990000001,
          -94.43246839999999
        ],
        [
          39.2374992,
          -93.9621162
        ]
      ]
    ],
    [
      20,
      [
        [
          36.985473600000006,
          -89.0441894
        ],
        [
          37.84790029999999,
          -88.76953119999999
        ]
      ]
    ],
    [
      20,
      [
        [
          38.0648803,
          -90.52185050000001
        ],
        [
          38.9328002,
          -90.2636718
        ]
      ]
    ],
    [
      14,
      [
        [
          38.1939697,
          -92.6037597
        ],
        [
          38.90198699999999,
          -92.2904777
        ]
      ]
    ],
    [
      20,
      [
        [
          39.40521239999998,
          -89.35729979999999
        ],
        [
          40.273132299999986,
          -89.12658689999999
        ]
      ]
    ],
    [
      20,
      [
        [
          38.1747436,
          -90.66467279999999
        ],
        [
          38.9328002,
          -90.4119873
        ]
      ]
    ],
    [
      14,
      [
        [
          39.01004789999999,
          -89.54243650000001
        ],
        [
          39.82818599999999,
          -89.31172370000002
        ]
      ]
    ],
    [
      20,
      [
        [
          38.5427856,
          -93.9413452
        ],
        [
          39.498596099999986,
          -93.75732420000001
        ]
      ]
    ],
    [
      20,
      [
        [
          38.54827879999999,
          -93.935852
        ],
        [
          39.5068359,
          -93.7600708
        ]
      ]
    ],
    [
      14,
      [
        [
          38.0735492,
          -90.49618720000001
        ],
        [
          38.92507549999999,
          -90.3032398
        ]
      ]
    ],
    [
      20,
      [
        [
          38.998718199999985,
          -91.07391349999999
        ],
        [
          39.73480219999999,
          -90.85144040000002
        ]
      ]
    ],
    [
      20,
      [
        [
          39.4134521,
          -89.3353271
        ],
        [
          40.27587890000001,
          -89.1567993
        ]
      ]
    ],
    [
      20,
      [
        [
          38.07312009999998,
          -94.08416740000001
        ],
        [
          38.916320799999994,
          -93.90289299999999
        ]
      ]
    ],
    [
      20,
      [
        [
          39.12506099999999,
          -93.79302969999999
        ],
        [
          39.9682617,
          -93.6117553
        ]
      ]
    ],
    [
      20,
      [
        [
          38.1994628,
          -93.9385986
        ],
        [
          38.66088859999999,
          -93.60900869999999
        ]
      ]
    ],
    [
      20,
      [
        [
          39.12506099999999,
          -93.79302969999999
        ],
        [
          39.97650139999999,
          -93.6145019
        ]
      ]
    ],
    [
      14,
      [
        [
          38.20306769999999,
          -90.6531715
        ],
        [
          38.92945280000001,
          -90.4459762
        ]
      ]
    ],
    [
      20,
      [
        [
          38.084106399999996,
          -94.07867429999999
        ],
        [
          38.92181389999999,
          -93.90289299999999
        ]
      ]
    ],
    [
      14,
      [
        [
          37.05671310000001,
          -91.8737697
        ],
        [
          37.57830609999999,
          -91.6185951
        ]
      ]
    ],
    [
      14,
      [
        [
          39.4173145,
          -89.0426445
        ],
        [
          40.2003479,
          -88.8802528
        ]
      ]
    ],
    [
      20,
      [
        [
          39.01519769999999,
          -91.0601806
        ],
        [
          39.73754880000001,
          -90.88439939999999
        ]
      ]
    ],
    [
      14,
      [
        [
          37.483634899999984,
          -93.7199878
        ],
        [
          38.199377,
          -93.5524463
        ]
      ]
    ],
    [
      21,
      [
        [
          37.7325848,
          -90.6142915
        ],
        [
          38.182751999999994,
          -90.34890039999999
        ]
      ]
    ],
    [
      20,
      [
        [
          37.00469969999999,
          -91.2167358
        ],
        [
          37.540283200000005,
          -91.0079956
        ]
      ]
    ],
    [
      20,
      [
        [
          37.488098100000016,
          -91.2139892
        ],
        [
          38.00170889999998,
          -91.00524899999999
        ]
      ]
    ],
    [
      20,
      [
        [
          37.95776359999999,
          -91.7852783
        ],
        [
          38.471374499999996,
          -91.5792846
        ]
      ]
    ],
    [
      20,
      [
        [
          37.273864699999976,
          -90.35980219999999
        ],
        [
          37.7655029,
          -90.14556879999999
        ]
      ]
    ],
    [
      20,
      [
        [
          37.265625,
          -90.4943847
        ],
        [
          37.7572631,
          -90.2828979
        ]
      ]
    ],
    [
      20,
      [
        [
          37.0349121,
          -90.637207
        ],
        [
          37.5265502,
          -90.4257202
        ]
      ]
    ],
    [
      20,
      [
        [
          38.7680053,
          -93.50738520000002
        ],
        [
          39.27886960000001,
          -93.3041381
        ]
      ]
    ],
    [
      20,
      [
        [
          37.49633779999999,
          -93.9385986
        ],
        [
          38.0072021,
          -93.7353515
        ]
      ]
    ],
    [
      20,
      [
        [
          38.64990230000001,
          -92.64221189999999
        ],
        [
          39.16076659999999,
          -92.4389648
        ]
      ]
    ],
    [
      20,
      [
        [
          39.116821200000004,
          -92.6449584
        ],
        [
          39.627685499999984,
          -92.4417114
        ]
      ]
    ],
    [
      14,
      [
        [
          37.48380660000001,
          -93.71269219999999
        ],
        [
          38.19705959999999,
          -93.5675525
        ]
      ]
    ],
    [
      20,
      [
        [
          38.4329223,
          -91.78253169999999
        ],
        [
          38.924560499999984,
          -91.5737915
        ]
      ]
    ],
    [
      20,
      [
        [
          37.6171875,
          -91.3540649
        ],
        [
          38.10882559999999,
          -91.14532469999999
        ]
      ]
    ]
  ],
  [
    [
      [
        "m",
        [
          10,
          227,
          382
        ],
        790555512
      ],
      [
        "m",
        [
          10,
          228,
          382
        ],
        790555512
      ],
      [
        "m",
        [
          10,
          229,
          382
        ],
        790555512
      ],
      [
        "m",
        [
          10,
          230,
          382
        ],
        790555512
      ],
      [
        "m",
        [
          10,
          231,
          382
        ],
        790555512
      ],
      [
        "m",
        [
          10,
          232,
          382
        ],
        790556058
      ],
      [
        "m",
        [
          10,
          233,
          382
        ],
        790556058
      ],
      [
        "m",
        [
          10,
          234,
          382
        ],
        790556364
      ],
      [
        "m",
        [
          10,
          235,
          382
        ],
        790556364
      ],
      [
        "m",
        [
          10,
          236,
          382
        ],
        790556364
      ],
      [
        "m",
        [
          10,
          237,
          382
        ],
        790556364
      ],
      [
        "m",
        [
          10,
          238,
          382
        ],
        790556364
      ],
      [
        "m",
        [
          10,
          239,
          382
        ],
        790556364
      ],
      [
        "m",
        [
          10,
          240,
          382
        ],
        790556364
      ],
      [
        "m",
        [
          10,
          241,
          382
        ],
        790556058
      ],
      [
        "m",
        [
          10,
          242,
          382
        ],
        790556238
      ],
      [
        "m",
        [
          10,
          243,
          382
        ],
        790556238
      ],
      [
        "m",
        [
          10,
          244,
          382
        ],
        790556364
      ],
      [
        "m",
        [
          10,
          245,
          382
        ],
        790556364
      ],
      [
        "m",
        [
          10,
          246,
          382
        ],
        790556364
      ],
      [
        "m",
        [
          10,
          247,
          382
        ],
        790556238
      ],
      [
        "m",
        [
          10,
          248,
          382
        ],
        790555680
      ],
      [
        "m",
        [
          10,
          249,
          382
        ],
        790556058
      ],
      [
        "m",
        [
          10,
          250,
          382
        ],
        790556058
      ],
      [
        "m",
        [
          10,
          251,
          382
        ],
        790556418
      ],
      [
        "m",
        [
          10,
          252,
          382
        ],
        790556418
      ],
      [
        "m",
        [
          10,
          253,
          382
        ],
        790556418
      ],
      [
        "m",
        [
          10,
          254,
          382
        ],
        790556364
      ],
      [
        "m",
        [
          10,
          255,
          382
        ],
        790556364
      ],
      [
        "m",
        [
          10,
          256,
          382
        ],
        790556238
      ],
      [
        "m",
        [
          10,
          257,
          382
        ],
        790556238
      ],
      [
        "m",
        [
          10,
          258,
          382
        ],
        790556238
      ],
      [
        "m",
        [
          10,
          259,
          382
        ],
        790556364
      ],
      [
        "m",
        [
          10,
          260,
          382
        ],
        790556364
      ],
      [
        "m",
        [
          10,
          261,
          382
        ],
        790556364
      ],
      [
        "m",
        [
          10,
          262,
          382
        ],
        790556364
      ],
      [
        "m",
        [
          10,
          263,
          382
        ],
        790556364
      ],
      [
        "m",
        [
          10,
          264,
          382
        ],
        790556364
      ],
      [
        "m",
        [
          10,
          265,
          382
        ],
        790556166
      ],
      [
        "m",
        [
          10,
          266,
          382
        ],
        790556058
      ],
      [
        "m",
        [
          10,
          267,
          382
        ],
        790556058
      ],
      [
        "m",
        [
          10,
          268,
          382
        ],
        790556364
      ],
      [
        "m",
        [
          10,
          269,
          382
        ],
        790556364
      ],
      [
        "m",
        [
          10,
          270,
          382
        ],
        790556364
      ],
      [
        "m",
        [
          10,
          271,
          382
        ],
        790556418
      ],
      [
        "m",
        [
          10,
          272,
          382
        ],
        790556418
      ],
      [
        "m",
        [
          10,
          273,
          382
        ],
        790556418
      ],
      [
        "m",
        [
          10,
          274,
          382
        ],
        790556364
      ],
      [
        "m",
        [
          10,
          275,
          382
        ],
        790556364
      ],
      [
        "m",
        [
          10,
          276,
          382
        ],
        790556058
      ],
      [
        "m",
        [
          10,
          277,
          382
        ],
        790556418
      ],
      [
        "m",
        [
          10,
          278,
          382
        ],
        790556418
      ],
      [
        "m",
        [
          10,
          227,
          383
        ],
        790555512
      ],
      [
        "m",
        [
          10,
          228,
          383
        ],
        790555512
      ],
      [
        "m",
        [
          10,
          229,
          383
        ],
        790556058
      ],
      [
        "m",
        [
          10,
          230,
          383
        ],
        790556058
      ],
      [
        "m",
        [
          10,
          231,
          383
        ],
        790556364
      ],
      [
        "m",
        [
          10,
          232,
          383
        ],
        790556364
      ],
      [
        "m",
        [
          10,
          233,
          383
        ],
        790556364
      ],
      [
        "m",
        [
          10,
          234,
          383
        ],
        790556364
      ],
      [
        "m",
        [
          10,
          235,
          383
        ],
        790556364
      ],
      [
        "m",
        [
          10,
          236,
          383
        ],
        790556418
      ],
      [
        "m",
        [
          10,
          237,
          383
        ],
        790556418
      ],
      [
        "m",
        [
          10,
          238,
          383
        ],
        790556418
      ],
      [
        "m",
        [
          10,
          239,
          383
        ],
        790556364
      ],
      [
        "m",
        [
          10,
          240,
          383
        ],
        790556364
      ],
      [
        "m",
        [
          10,
          241,
          383
        ],
        790556166
      ],
      [
        "m",
        [
          10,
          242,
          383
        ],
        790556166
      ],
      [
        "m",
        [
          10,
          243,
          383
        ],
        790556058
      ],
      [
        "m",
        [
          10,
          244,
          383
        ],
        790556364
      ],
      [
        "m",
        [
          10,
          245,
          383
        ],
        790556364
      ],
      [
        "m",
        [
          10,
          246,
          383
        ],
        790556364
      ],
      [
        "m",
        [
          10,
          247,
          383
        ],
        790556238
      ],
      [
        "m",
        [
          10,
          248,
          383
        ],
        790556058
      ],
      [
        "m",
        [
          10,
          249,
          383
        ],
        790556058
      ],
      [
        "m",
        [
          10,
          250,
          383
        ],
        790556058
      ],
      [
        "m",
        [
          10,
          251,
          383
        ],
        790556418
      ],
      [
        "m",
        [
          10,
          252,
          383
        ],
        790556418
      ],
      [
        "m",
        [
          10,
          253,
          383
        ],
        790556418
      ],
      [
        "m",
        [
          10,
          254,
          383
        ],
        790556058
      ],
      [
        "m",
        [
          10,
          255,
          383
        ],
        790556058
      ],
      [
        "m",
        [
          10,
          256,
          383
        ],
        790556238
      ],
      [
        "m",
        [
          10,
          257,
          383
        ],
        790556238
      ],
      [
        "m",
        [
          10,
          258,
          383
        ],
        790556238
      ],
      [
        "m",
        [
          10,
          259,
          383
        ],
        790556364
      ],
      [
        "m",
        [
          10,
          260,
          383
        ],
        790556364
      ],
      [
        "m",
        [
          10,
          261,
          383
        ],
        790556364
      ],
      [
        "m",
        [
          10,
          262,
          383
        ],
        790556364
      ],
      [
        "m",
        [
          10,
          263,
          383
        ],
        790556238
      ],
      [
        "m",
        [
          10,
          264,
          383
        ],
        790556058
      ],
      [
        "m",
        [
          10,
          265,
          383
        ],
        790556058
      ],
      [
        "m",
        [
          10,
          266,
          383
        ],
        790556058
      ],
      [
        "m",
        [
          10,
          267,
          383
        ],
        790556058
      ],
      [
        "m",
        [
          10,
          268,
          383
        ],
        790556364
      ],
      [
        "m",
        [
          10,
          269,
          383
        ],
        790556364
      ],
      [
        "m",
        [
          10,
          270,
          383
        ],
        790556364
      ],
      [
        "m",
        [
          10,
          271,
          383
        ],
        790556418
      ],
      [
        "m",
        [
          10,
          272,
          383
        ],
        790556418
      ],
      [
        "m",
        [
          10,
          273,
          383
        ],
        790556418
      ],
      [
        "m",
        [
          10,
          274,
          383
        ],
        790556058
      ],
      [
        "m",
        [
          10,
          275,
          383
        ],
        790556058
      ],
      [
        "m",
        [
          10,
          276,
          383
        ],
        790556058
      ],
      [
        "m",
        [
          10,
          277,
          383
        ],
        790556418
      ],
      [
        "m",
        [
          10,
          278,
          383
        ],
        790556418
      ],
      [
        "m",
        [
          10,
          227,
          384
        ],
        790555512
      ],
      [
        "m",
        [
          10,
          228,
          384
        ],
        790556058
      ],
      [
        "m",
        [
          10,
          229,
          384
        ],
        790556058
      ],
      [
        "m",
        [
          10,
          230,
          384
        ],
        790556058
      ],
      [
        "m",
        [
          10,
          231,
          384
        ],
        790556364
      ],
      [
        "m",
        [
          10,
          232,
          384
        ],
        790556364
      ],
      [
        "m",
        [
          10,
          233,
          384
        ],
        790556364
      ],
      [
        "m",
        [
          10,
          234,
          384
        ],
        790556364
      ],
      [
        "m",
        [
          10,
          235,
          384
        ],
        790556364
      ],
      [
        "m",
        [
          10,
          236,
          384
        ],
        790556418
      ],
      [
        "m",
        [
          10,
          237,
          384
        ],
        790556418
      ],
      [
        "m",
        [
          10,
          238,
          384
        ],
        790556418
      ],
      [
        "m",
        [
          10,
          239,
          384
        ],
        790556364
      ],
      [
        "m",
        [
          10,
          240,
          384
        ],
        790556364
      ],
      [
        "m",
        [
          10,
          241,
          384
        ],
        790556166
      ],
      [
        "m",
        [
          10,
          242,
          384
        ],
        790556166
      ],
      [
        "m",
        [
          10,
          243,
          384
        ],
        790556058
      ],
      [
        "m",
        [
          10,
          244,
          384
        ],
        790556058
      ],
      [
        "m",
        [
          10,
          245,
          384
        ],
        790556238
      ],
      [
        "m",
        [
          10,
          246,
          384
        ],
        790556238
      ],
      [
        "m",
        [
          10,
          247,
          384
        ],
        790556238
      ],
      [
        "m",
        [
          10,
          248,
          384
        ],
        790556058
      ],
      [
        "m",
        [
          10,
          249,
          384
        ],
        790556058
      ],
      [
        "m",
        [
          10,
          250,
          384
        ],
        790556058
      ],
      [
        "m",
        [
          10,
          251,
          384
        ],
        790556418
      ],
      [
        "m",
        [
          10,
          252,
          384
        ],
        790556418
      ],
      [
        "m",
        [
          10,
          253,
          384
        ],
        790556418
      ],
      [
        "m",
        [
          10,
          254,
          384
        ],
        790556058
      ],
      [
        "m",
        [
          10,
          255,
          384
        ],
        790556058
      ],
      [
        "m",
        [
          10,
          256,
          384
        ],
        790556238
      ],
      [
        "m",
        [
          10,
          257,
          384
        ],
        790556418
      ],
      [
        "m",
        [
          10,
          258,
          384
        ],
        790556418
      ],
      [
        "m",
        [
          10,
          259,
          384
        ],
        790556418
      ],
      [
        "m",
        [
          10,
          260,
          384
        ],
        790556058
      ],
      [
        "m",
        [
          10,
          261,
          384
        ],
        790556058
      ],
      [
        "m",
        [
          10,
          262,
          384
        ],
        790556058
      ],
      [
        "m",
        [
          10,
          263,
          384
        ],
        790556166
      ],
      [
        "m",
        [
          10,
          264,
          384
        ],
        790556166
      ],
      [
        "m",
        [
          10,
          265,
          384
        ],
        790556166
      ],
      [
        "m",
        [
          10,
          266,
          384
        ],
        790556058
      ],
      [
        "m",
        [
          10,
          267,
          384
        ],
        790556364
      ],
      [
        "m",
        [
          10,
          268,
          384
        ],
        790556364
      ],
      [
        "m",
        [
          10,
          269,
          384
        ],
        790556364
      ],
      [
        "m",
        [
          10,
          270,
          384
        ],
        790556364
      ],
      [
        "m",
        [
          10,
          271,
          384
        ],
        790556238
      ],
      [
        "m",
        [
          10,
          272,
          384
        ],
        790556238
      ],
      [
        "m",
        [
          10,
          273,
          384
        ],
        790556238
      ],
      [
        "m",
        [
          10,
          274,
          384
        ],
        790556058
      ],
      [
        "m",
        [
          10,
          275,
          384
        ],
        790556058
      ],
      [
        "m",
        [
          10,
          276,
          384
        ],
        790556058
      ],
      [
        "m",
        [
          10,
          277,
          384
        ],
        790556058
      ],
      [
        "m",
        [
          10,
          278,
          384
        ],
        790556418
      ],
      [
        "m",
        [
          10,
          227,
          385
        ],
        790555512
      ],
      [
        "m",
        [
          10,
          228,
          385
        ],
        790556058
      ],
      [
        "m",
        [
          10,
          229,
          385
        ],
        790556058
      ],
      [
        "m",
        [
          10,
          230,
          385
        ],
        790556058
      ],
      [
        "m",
        [
          10,
          231,
          385
        ],
        790556364
      ],
      [
        "m",
        [
          10,
          232,
          385
        ],
        790556364
      ],
      [
        "m",
        [
          10,
          233,
          385
        ],
        790556364
      ],
      [
        "m",
        [
          10,
          234,
          385
        ],
        790556058
      ],
      [
        "m",
        [
          10,
          235,
          385
        ],
        790556058
      ],
      [
        "m",
        [
          10,
          236,
          385
        ],
        790556418
      ],
      [
        "m",
        [
          10,
          237,
          385
        ],
        790556418
      ],
      [
        "m",
        [
          10,
          238,
          385
        ],
        790556418
      ],
      [
        "m",
        [
          10,
          239,
          385
        ],
        790556364
      ],
      [
        "m",
        [
          10,
          240,
          385
        ],
        790556364
      ],
      [
        "m",
        [
          10,
          241,
          385
        ],
        790556166
      ],
      [
        "m",
        [
          10,
          242,
          385
        ],
        790556166
      ],
      [
        "m",
        [
          10,
          243,
          385
        ],
        790556058
      ],
      [
        "m",
        [
          10,
          244,
          385
        ],
        790556058
      ],
      [
        "m",
        [
          10,
          245,
          385
        ],
        790556058
      ],
      [
        "m",
        [
          10,
          246,
          385
        ],
        790556058
      ],
      [
        "m",
        [
          10,
          247,
          385
        ],
        790556058
      ],
      [
        "m",
        [
          10,
          248,
          385
        ],
        790556058
      ],
      [
        "m",
        [
          10,
          249,
          385
        ],
        790556058
      ],
      [
        "m",
        [
          10,
          250,
          385
        ],
        790556058
      ],
      [
        "m",
        [
          10,
          251,
          385
        ],
        790556058
      ],
      [
        "m",
        [
          10,
          252,
          385
        ],
        790556058
      ],
      [
        "m",
        [
          10,
          253,
          385
        ],
        790556058
      ],
      [
        "m",
        [
          10,
          254,
          385
        ],
        790556364
      ],
      [
        "m",
        [
          10,
          255,
          385
        ],
        790556364
      ],
      [
        "m",
        [
          10,
          256,
          385
        ],
        790556364
      ],
      [
        "m",
        [
          10,
          257,
          385
        ],
        790556418
      ],
      [
        "m",
        [
          10,
          258,
          385
        ],
        790556418
      ],
      [
        "m",
        [
          10,
          259,
          385
        ],
        790556418
      ],
      [
        "m",
        [
          10,
          260,
          385
        ],
        790556058
      ],
      [
        "m",
        [
          10,
          261,
          385
        ],
        790555512
      ],
      [
        "m",
        [
          10,
          262,
          385
        ],
        790555512
      ],
      [
        "m",
        [
          10,
          263,
          385
        ],
        790556166
      ],
      [
        "m",
        [
          10,
          264,
          385
        ],
        790556166
      ],
      [
        "m",
        [
          10,
          265,
          385
        ],
        790556166
      ],
      [
        "m",
        [
          10,
          266,
          385
        ],
        790556058
      ],
      [
        "m",
        [
          10,
          267,
          385
        ],
        790556364
      ],
      [
        "m",
        [
          10,
          268,
          385
        ],
        790556364
      ],
      [
        "m",
        [
          10,
          269,
          385
        ],
        790556364
      ],
      [
        "m",
        [
          10,
          270,
          385
        ],
        790556364
      ],
      [
        "m",
        [
          10,
          271,
          385
        ],
        790556364
      ],
      [
        "m",
        [
          10,
          272,
          385
        ],
        790556364
      ],
      [
        "m",
        [
          10,
          273,
          385
        ],
        790556364
      ],
      [
        "m",
        [
          10,
          274,
          385
        ],
        790556364
      ],
      [
        "m",
        [
          10,
          275,
          385
        ],
        790556364
      ],
      [
        "m",
        [
          10,
          276,
          385
        ],
        790556364
      ],
      [
        "m",
        [
          10,
          277,
          385
        ],
        790556058
      ],
      [
        "m",
        [
          10,
          278,
          385
        ],
        790556058
      ],
      [
        "m",
        [
          10,
          227,
          386
        ],
        790555512
      ],
      [
        "m",
        [
          10,
          228,
          386
        ],
        790556058
      ],
      [
        "m",
        [
          10,
          229,
          386
        ],
        790556058
      ],
      [
        "m",
        [
          10,
          230,
          386
        ],
        790556058
      ],
      [
        "m",
        [
          10,
          231,
          386
        ],
        790556058
      ],
      [
        "m",
        [
          10,
          232,
          386
        ],
        790556058
      ],
      [
        "m",
        [
          10,
          233,
          386
        ],
        790556058
      ],
      [
        "m",
        [
          10,
          234,
          386
        ],
        790556058
      ],
      [
        "m",
        [
          10,
          235,
          386
        ],
        790556058
      ],
      [
        "m",
        [
          10,
          236,
          386
        ],
        790556058
      ],
      [
        "m",
        [
          10,
          237,
          386
        ],
        790556058
      ],
      [
        "m",
        [
          10,
          238,
          386
        ],
        790556058
      ],
      [
        "m",
        [
          10,
          239,
          386
        ],
        790556058
      ],
      [
        "m",
        [
          10,
          240,
          386
        ],
        790556058
      ],
      [
        "m",
        [
          10,
          241,
          386
        ],
        790556058
      ],
      [
        "m",
        [
          10,
          242,
          386
        ],
        790556058
      ],
      [
        "m",
        [
          10,
          243,
          386
        ],
        790556058
      ],
      [
        "m",
        [
          10,
          244,
          386
        ],
        790556058
      ],
      [
        "m",
        [
          10,
          245,
          386
        ],
        790555512
      ],
      [
        "m",
        [
          10,
          246,
          386
        ],
        790556058
      ],
      [
        "m",
        [
          10,
          247,
          386
        ],
        790556058
      ],
      [
        "m",
        [
          10,
          248,
          386
        ],
        790556058
      ],
      [
        "m",
        [
          10,
          249,
          386
        ],
        790556058
      ],
      [
        "m",
        [
          10,
          250,
          386
        ],
        790556058
      ],
      [
        "m",
        [
          10,
          251,
          386
        ],
        790556058
      ],
      [
        "m",
        [
          10,
          252,
          386
        ],
        790556058
      ],
      [
        "m",
        [
          10,
          253,
          386
        ],
        790556058
      ],
      [
        "m",
        [
          10,
          254,
          386
        ],
        790556364
      ],
      [
        "m",
        [
          10,
          255,
          386
        ],
        790556364
      ],
      [
        "m",
        [
          10,
          256,
          386
        ],
        790556364
      ],
      [
        "m",
        [
          10,
          257,
          386
        ],
        790556418
      ],
      [
        "m",
        [
          10,
          258,
          386
        ],
        790556418
      ],
      [
        "m",
        [
          10,
          259,
          386
        ],
        790556418
      ],
      [
        "m",
        [
          10,
          260,
          386
        ],
        790556364
      ],
      [
        "m",
        [
          10,
          261,
          386
        ],
        790556364
      ],
      [
        "m",
        [
          10,
          262,
          386
        ],
        790556364
      ],
      [
        "m",
        [
          10,
          263,
          386
        ],
        790556364
      ],
      [
        "m",
        [
          10,
          264,
          386
        ],
        790556364
      ],
      [
        "m",
        [
          10,
          265,
          386
        ],
        790556364
      ],
      [
        "m",
        [
          10,
          266,
          386
        ],
        790556472
      ],
      [
        "m",
        [
          10,
          267,
          386
        ],
        790556472
      ],
      [
        "m",
        [
          10,
          268,
          386
        ],
        790556472
      ],
      [
        "m",
        [
          10,
          269,
          386
        ],
        790556364
      ],
      [
        "m",
        [
          10,
          270,
          386
        ],
        790556058
      ],
      [
        "m",
        [
          10,
          271,
          386
        ],
        790556364
      ],
      [
        "m",
        [
          10,
          272,
          386
        ],
        790556364
      ],
      [
        "m",
        [
          10,
          273,
          386
        ],
        790556364
      ],
      [
        "m",
        [
          10,
          274,
          386
        ],
        790556472
      ],
      [
        "m",
        [
          10,
          275,
          386
        ],
        790556472
      ],
      [
        "m",
        [
          10,
          276,
          386
        ],
        790556472
      ],
      [
        "m",
        [
          10,
          277,
          386
        ],
        790556364
      ],
      [
        "m",
        [
          10,
          278,
          386
        ],
        790556364
      ],
      [
        "m",
        [
          10,
          227,
          387
        ],
        790556058
      ],
      [
        "m",
        [
          10,
          228,
          387
        ],
        790556058
      ],
      [
        "m",
        [
          10,
          229,
          387
        ],
        790556058
      ],
      [
        "m",
        [
          10,
          230,
          387
        ],
        790556058
      ],
      [
        "m",
        [
          10,
          231,
          387
        ],
        790556058
      ],
      [
        "m",
        [
          10,
          232,
          387
        ],
        790556058
      ],
      [
        "m",
        [
          10,
          233,
          387
        ],
        790556058
      ],
      [
        "m",
        [
          10,
          234,
          387
        ],
        790556058
      ],
      [
        "m",
        [
          10,
          235,
          387
        ],
        790556058
      ],
      [
        "m",
        [
          10,
          236,
          387
        ],
        790556058
      ],
      [
        "m",
        [
          10,
          237,
          387
        ],
        790556058
      ],
      [
        "m",
        [
          10,
          238,
          387
        ],
        790556058
      ],
      [
        "m",
        [
          10,
          239,
          387
        ],
        790556058
      ],
      [
        "m",
        [
          10,
          240,
          387
        ],
        790556058
      ],
      [
        "m",
        [
          10,
          241,
          387
        ],
        790556058
      ],
      [
        "m",
        [
          10,
          242,
          387
        ],
        790556058
      ],
      [
        "m",
        [
          10,
          243,
          387
        ],
        790556058
      ],
      [
        "m",
        [
          10,
          244,
          387
        ],
        790556058
      ],
      [
        "m",
        [
          10,
          245,
          387
        ],
        790556058
      ],
      [
        "m",
        [
          10,
          246,
          387
        ],
        790556058
      ],
      [
        "m",
        [
          10,
          247,
          387
        ],
        790556058
      ],
      [
        "m",
        [
          10,
          248,
          387
        ],
        790556058
      ],
      [
        "m",
        [
          10,
          249,
          387
        ],
        790556058
      ],
      [
        "m",
        [
          10,
          250,
          387
        ],
        790556058
      ],
      [
        "m",
        [
          10,
          251,
          387
        ],
        790556058
      ],
      [
        "m",
        [
          10,
          252,
          387
        ],
        790556058
      ],
      [
        "m",
        [
          10,
          253,
          387
        ],
        790556058
      ],
      [
        "m",
        [
          10,
          254,
          387
        ],
        790556364
      ],
      [
        "m",
        [
          10,
          255,
          387
        ],
        790556364
      ],
      [
        "m",
        [
          10,
          256,
          387
        ],
        790556364
      ],
      [
        "m",
        [
          10,
          257,
          387
        ],
        790556364
      ],
      [
        "m",
        [
          10,
          258,
          387
        ],
        790556364
      ],
      [
        "m",
        [
          10,
          259,
          387
        ],
        790556058
      ],
      [
        "m",
        [
          10,
          260,
          387
        ],
        790556364
      ],
      [
        "m",
        [
          10,
          261,
          387
        ],
        790556364
      ],
      [
        "m",
        [
          10,
          262,
          387
        ],
        790556364
      ],
      [
        "m",
        [
          10,
          263,
          387
        ],
        790556364
      ],
      [
        "m",
        [
          10,
          264,
          387
        ],
        790556364
      ],
      [
        "m",
        [
          10,
          265,
          387
        ],
        790556364
      ],
      [
        "m",
        [
          10,
          266,
          387
        ],
        790556472
      ],
      [
        "m",
        [
          10,
          267,
          387
        ],
        790556472
      ],
      [
        "m",
        [
          10,
          268,
          387
        ],
        790556472
      ],
      [
        "m",
        [
          10,
          269,
          387
        ],
        790556058
      ],
      [
        "m",
        [
          10,
          270,
          387
        ],
        790556058
      ],
      [
        "m",
        [
          10,
          271,
          387
        ],
        790556364
      ],
      [
        "m",
        [
          10,
          272,
          387
        ],
        790556364
      ],
      [
        "m",
        [
          10,
          273,
          387
        ],
        790556364
      ],
      [
        "m",
        [
          10,
          274,
          387
        ],
        790556472
      ],
      [
        "m",
        [
          10,
          275,
          387
        ],
        790556472
      ],
      [
        "m",
        [
          10,
          276,
          387
        ],
        790556472
      ],
      [
        "m",
        [
          10,
          277,
          387
        ],
        790556418
      ],
      [
        "m",
        [
          10,
          278,
          387
        ],
        790556418
      ],
      [
        "m",
        [
          10,
          227,
          388
        ],
        790556058
      ],
      [
        "m",
        [
          10,
          228,
          388
        ],
        790556058
      ],
      [
        "m",
        [
          10,
          229,
          388
        ],
        790556058
      ],
      [
        "m",
        [
          10,
          230,
          388
        ],
        790556058
      ],
      [
        "m",
        [
          10,
          231,
          388
        ],
        790556058
      ],
      [
        "m",
        [
          10,
          232,
          388
        ],
        790556058
      ],
      [
        "m",
        [
          10,
          233,
          388
        ],
        790556058
      ],
      [
        "m",
        [
          10,
          234,
          388
        ],
        790556058
      ],
      [
        "m",
        [
          10,
          235,
          388
        ],
        790555512
      ],
      [
        "m",
        [
          10,
          236,
          388
        ],
        790555512
      ],
      [
        "m",
        [
          10,
          237,
          388
        ],
        790556058
      ],
      [
        "m",
        [
          10,
          238,
          388
        ],
        790556058
      ],
      [
        "m",
        [
          10,
          239,
          388
        ],
        790556058
      ],
      [
        "m",
        [
          10,
          240,
          388
        ],
        790556058
      ],
      [
        "m",
        [
          10,
          241,
          388
        ],
        790556058
      ],
      [
        "m",
        [
          10,
          242,
          388
        ],
        790556058
      ],
      [
        "m",
        [
          10,
          243,
          388
        ],
        790556058
      ],
      [
        "m",
        [
          10,
          244,
          388
        ],
        790556058
      ],
      [
        "m",
        [
          10,
          245,
          388
        ],
        790556058
      ],
      [
        "m",
        [
          10,
          246,
          388
        ],
        790556058
      ],
      [
        "m",
        [
          10,
          247,
          388
        ],
        790556058
      ],
      [
        "m",
        [
          10,
          248,
          388
        ],
        790556058
      ],
      [
        "m",
        [
          10,
          249,
          388
        ],
        790556058
      ],
      [
        "m",
        [
          10,
          250,
          388
        ],
        790556058
      ],
      [
        "m",
        [
          10,
          251,
          388
        ],
        790556058
      ],
      [
        "m",
        [
          10,
          252,
          388
        ],
        790556058
      ],
      [
        "m",
        [
          10,
          253,
          388
        ],
        790556058
      ],
      [
        "m",
        [
          10,
          254,
          388
        ],
        790556058
      ],
      [
        "m",
        [
          10,
          255,
          388
        ],
        790556058
      ],
      [
        "m",
        [
          10,
          256,
          388
        ],
        790556364
      ],
      [
        "m",
        [
          10,
          257,
          388
        ],
        790556364
      ],
      [
        "m",
        [
          10,
          258,
          388
        ],
        790556364
      ],
      [
        "m",
        [
          10,
          259,
          388
        ],
        790556058
      ],
      [
        "m",
        [
          10,
          260,
          388
        ],
        790556364
      ],
      [
        "m",
        [
          10,
          261,
          388
        ],
        790556364
      ],
      [
        "m",
        [
          10,
          262,
          388
        ],
        790556364
      ],
      [
        "m",
        [
          10,
          263,
          388
        ],
        790556364
      ],
      [
        "m",
        [
          10,
          264,
          388
        ],
        790556364
      ],
      [
        "m",
        [
          10,
          265,
          388
        ],
        790556364
      ],
      [
        "m",
        [
          10,
          266,
          388
        ],
        790556472
      ],
      [
        "m",
        [
          10,
          267,
          388
        ],
        790556472
      ],
      [
        "m",
        [
          10,
          268,
          388
        ],
        790556472
      ],
      [
        "m",
        [
          10,
          269,
          388
        ],
        790556238
      ],
      [
        "m",
        [
          10,
          270,
          388
        ],
        790556364
      ],
      [
        "m",
        [
          10,
          271,
          388
        ],
        790556364
      ],
      [
        "m",
        [
          10,
          272,
          388
        ],
        790556364
      ],
      [
        "m",
        [
          10,
          273,
          388
        ],
        790556364
      ],
      [
        "m",
        [
          10,
          274,
          388
        ],
        790556472
      ],
      [
        "m",
        [
          10,
          275,
          388
        ],
        790556472
      ],
      [
        "m",
        [
          10,
          276,
          388
        ],
        790556472
      ],
      [
        "m",
        [
          10,
          277,
          388
        ],
        790556418
      ],
      [
        "m",
        [
          10,
          278,
          388
        ],
        790556418
      ],
      [
        "m",
        [
          10,
          227,
          389
        ],
        790556058
      ],
      [
        "m",
        [
          10,
          228,
          389
        ],
        790556058
      ],
      [
        "m",
        [
          10,
          229,
          389
        ],
        790556058
      ],
      [
        "m",
        [
          10,
          230,
          389
        ],
        790556058
      ],
      [
        "m",
        [
          10,
          231,
          389
        ],
        790555512
      ],
      [
        "m",
        [
          10,
          232,
          389
        ],
        790556058
      ],
      [
        "m",
        [
          10,
          233,
          389
        ],
        790556058
      ],
      [
        "m",
        [
          10,
          234,
          389
        ],
        790556058
      ],
      [
        "m",
        [
          10,
          235,
          389
        ],
        790556058
      ],
      [
        "m",
        [
          10,
          236,
          389
        ],
        790556058
      ],
      [
        "m",
        [
          10,
          237,
          389
        ],
        790556058
      ],
      [
        "m",
        [
          10,
          238,
          389
        ],
        790556058
      ],
      [
        "m",
        [
          10,
          239,
          389
        ],
        790556058
      ],
      [
        "m",
        [
          10,
          240,
          389
        ],
        790556472
      ],
      [
        "m",
        [
          10,
          241,
          389
        ],
        790556472
      ],
      [
        "m",
        [
          10,
          242,
          389
        ],
        790556472
      ],
      [
        "m",
        [
          10,
          243,
          389
        ],
        790556472
      ],
      [
        "m",
        [
          10,
          244,
          389
        ],
        790556166
      ],
      [
        "m",
        [
          10,
          245,
          389
        ],
        790556058
      ],
      [
        "m",
        [
          10,
          246,
          389
        ],
        790556058
      ],
      [
        "m",
        [
          10,
          247,
          389
        ],
        790556058
      ],
      [
        "m",
        [
          10,
          248,
          389
        ],
        790556058
      ],
      [
        "m",
        [
          10,
          249,
          389
        ],
        790556058
      ],
      [
        "m",
        [
          10,
          250,
          389
        ],
        790556058
      ],
      [
        "m",
        [
          10,
          251,
          389
        ],
        790556058
      ],
      [
        "m",
        [
          10,
          252,
          389
        ],
        790556058
      ],
      [
        "m",
        [
          10,
          253,
          389
        ],
        790556058
      ],
      [
        "m",
        [
          10,
          254,
          389
        ],
        790556058
      ],
      [
        "m",
        [
          10,
          255,
          389
        ],
        790556058
      ],
      [
        "m",
        [
          10,
          256,
          389
        ],
        790556058
      ],
      [
        "m",
        [
          10,
          257,
          389
        ],
        790556058
      ],
      [
        "m",
        [
          10,
          258,
          389
        ],
        790556058
      ],
      [
        "m",
        [
          10,
          259,
          389
        ],
        790556058
      ],
      [
        "m",
        [
          10,
          260,
          389
        ],
        790556058
      ],
      [
        "m",
        [
          10,
          261,
          389
        ],
        790556058
      ],
      [
        "m",
        [
          10,
          262,
          389
        ],
        790556364
      ],
      [
        "m",
        [
          10,
          263,
          389
        ],
        790556364
      ],
      [
        "m",
        [
          10,
          264,
          389
        ],
        790556364
      ],
      [
        "m",
        [
          10,
          265,
          389
        ],
        790556364
      ],
      [
        "m",
        [
          10,
          266,
          389
        ],
        790556364
      ],
      [
        "m",
        [
          10,
          267,
          389
        ],
        790556364
      ],
      [
        "m",
        [
          10,
          268,
          389
        ],
        790556364
      ],
      [
        "m",
        [
          10,
          269,
          389
        ],
        790556418
      ],
      [
        "m",
        [
          10,
          270,
          389
        ],
        790556418
      ],
      [
        "m",
        [
          10,
          271,
          389
        ],
        790556418
      ],
      [
        "m",
        [
          10,
          272,
          389
        ],
        790556418
      ],
      [
        "m",
        [
          10,
          273,
          389
        ],
        790556364
      ],
      [
        "m",
        [
          10,
          274,
          389
        ],
        790556364
      ],
      [
        "m",
        [
          10,
          275,
          389
        ],
        790556364
      ],
      [
        "m",
        [
          10,
          276,
          389
        ],
        790556238
      ],
      [
        "m",
        [
          10,
          277,
          389
        ],
        790556418
      ],
      [
        "m",
        [
          10,
          278,
          389
        ],
        790556418
      ],
      [
        "m",
        [
          10,
          227,
          390
        ],
        790556058
      ],
      [
        "m",
        [
          10,
          228,
          390
        ],
        790556058
      ],
      [
        "m",
        [
          10,
          229,
          390
        ],
        790555512
      ],
      [
        "m",
        [
          10,
          230,
          390
        ],
        790556058
      ],
      [
        "m",
        [
          10,
          231,
          390
        ],
        790556058
      ],
      [
        "m",
        [
          10,
          232,
          390
        ],
        790556058
      ],
      [
        "m",
        [
          10,
          233,
          390
        ],
        790556058
      ],
      [
        "m",
        [
          10,
          234,
          390
        ],
        790556058
      ],
      [
        "m",
        [
          10,
          235,
          390
        ],
        790556166
      ],
      [
        "m",
        [
          10,
          236,
          390
        ],
        790556166
      ],
      [
        "m",
        [
          10,
          237,
          390
        ],
        790556166
      ],
      [
        "m",
        [
          10,
          238,
          390
        ],
        790556058
      ],
      [
        "m",
        [
          10,
          239,
          390
        ],
        790556058
      ],
      [
        "m",
        [
          10,
          240,
          390
        ],
        790556472
      ],
      [
        "m",
        [
          10,
          241,
          390
        ],
        790556472
      ],
      [
        "m",
        [
          10,
          242,
          390
        ],
        790556472
      ],
      [
        "m",
        [
          10,
          243,
          390
        ],
        790556472
      ],
      [
        "m",
        [
          10,
          244,
          390
        ],
        790556166
      ],
      [
        "m",
        [
          10,
          245,
          390
        ],
        790556058
      ],
      [
        "m",
        [
          10,
          246,
          390
        ],
        790556058
      ],
      [
        "m",
        [
          10,
          247,
          390
        ],
        790556058
      ],
      [
        "m",
        [
          10,
          248,
          390
        ],
        790556058
      ],
      [
        "m",
        [
          10,
          249,
          390
        ],
        790556058
      ],
      [
        "m",
        [
          10,
          250,
          390
        ],
        790556058
      ],
      [
        "m",
        [
          10,
          251,
          390
        ],
        790556166
      ],
      [
        "m",
        [
          10,
          252,
          390
        ],
        790556166
      ],
      [
        "m",
        [
          10,
          253,
          390
        ],
        790556166
      ],
      [
        "m",
        [
          10,
          254,
          390
        ],
        790556364
      ],
      [
        "m",
        [
          10,
          255,
          390
        ],
        790556364
      ],
      [
        "m",
        [
          10,
          256,
          390
        ],
        790556364
      ],
      [
        "m",
        [
          10,
          257,
          390
        ],
        790556058
      ],
      [
        "m",
        [
          10,
          258,
          390
        ],
        790556058
      ],
      [
        "m",
        [
          10,
          259,
          390
        ],
        790556058
      ],
      [
        "m",
        [
          10,
          260,
          390
        ],
        790556058
      ],
      [
        "m",
        [
          10,
          261,
          390
        ],
        790556058
      ],
      [
        "m",
        [
          10,
          262,
          390
        ],
        790556364
      ],
      [
        "m",
        [
          10,
          263,
          390
        ],
        790556364
      ],
      [
        "m",
        [
          10,
          264,
          390
        ],
        790556364
      ],
      [
        "m",
        [
          10,
          265,
          390
        ],
        790556364
      ],
      [
        "m",
        [
          10,
          266,
          390
        ],
        790556364
      ],
      [
        "m",
        [
          10,
          267,
          390
        ],
        790556364
      ],
      [
        "m",
        [
          10,
          268,
          390
        ],
        790556058
      ],
      [
        "m",
        [
          10,
          269,
          390
        ],
        790556418
      ],
      [
        "m",
        [
          10,
          270,
          390
        ],
        790556418
      ],
      [
        "m",
        [
          10,
          271,
          390
        ],
        790556418
      ],
      [
        "m",
        [
          10,
          272,
          390
        ],
        790556418
      ],
      [
        "m",
        [
          10,
          273,
          390
        ],
        790556364
      ],
      [
        "m",
        [
          10,
          274,
          390
        ],
        790556364
      ],
      [
        "m",
        [
          10,
          275,
          390
        ],
        790556238
      ],
      [
        "m",
        [
          10,
          276,
          390
        ],
        790556238
      ],
      [
        "m",
        [
          10,
          277,
          390
        ],
        790556058
      ],
      [
        "m",
        [
          10,
          278,
          390
        ],
        790556058
      ],
      [
        "m",
        [
          10,
          227,
          391
        ],
        790556058
      ],
      [
        "m",
        [
          10,
          228,
          391
        ],
        790556058
      ],
      [
        "m",
        [
          10,
          229,
          391
        ],
        790555512
      ],
      [
        "m",
        [
          10,
          230,
          391
        ],
        790556058
      ],
      [
        "m",
        [
          10,
          231,
          391
        ],
        790556058
      ],
      [
        "m",
        [
          10,
          232,
          391
        ],
        790556058
      ],
      [
        "m",
        [
          10,
          233,
          391
        ],
        790556058
      ],
      [
        "m",
        [
          10,
          234,
          391
        ],
        790556058
      ],
      [
        "m",
        [
          10,
          235,
          391
        ],
        790556166
      ],
      [
        "m",
        [
          10,
          236,
          391
        ],
        790556166
      ],
      [
        "m",
        [
          10,
          237,
          391
        ],
        790556166
      ],
      [
        "m",
        [
          10,
          238,
          391
        ],
        790556058
      ],
      [
        "m",
        [
          10,
          239,
          391
        ],
        790556058
      ],
      [
        "m",
        [
          10,
          240,
          391
        ],
        790556472
      ],
      [
        "m",
        [
          10,
          241,
          391
        ],
        790556472
      ],
      [
        "m",
        [
          10,
          242,
          391
        ],
        790556472
      ],
      [
        "m",
        [
          10,
          243,
          391
        ],
        790556472
      ],
      [
        "m",
        [
          10,
          244,
          391
        ],
        790556166
      ],
      [
        "m",
        [
          10,
          245,
          391
        ],
        790556058
      ],
      [
        "m",
        [
          10,
          246,
          391
        ],
        790556058
      ],
      [
        "m",
        [
          10,
          247,
          391
        ],
        790556058
      ],
      [
        "m",
        [
          10,
          248,
          391
        ],
        790556058
      ],
      [
        "m",
        [
          10,
          249,
          391
        ],
        790556058
      ],
      [
        "m",
        [
          10,
          250,
          391
        ],
        790556058
      ],
      [
        "m",
        [
          10,
          251,
          391
        ],
        790556166
      ],
      [
        "m",
        [
          10,
          252,
          391
        ],
        790556166
      ],
      [
        "m",
        [
          10,
          253,
          391
        ],
        790556166
      ],
      [
        "m",
        [
          10,
          254,
          391
        ],
        790556364
      ],
      [
        "m",
        [
          10,
          255,
          391
        ],
        790556364
      ],
      [
        "m",
        [
          10,
          256,
          391
        ],
        790556364
      ],
      [
        "m",
        [
          10,
          257,
          391
        ],
        790556364
      ],
      [
        "m",
        [
          10,
          258,
          391
        ],
        790556364
      ],
      [
        "m",
        [
          10,
          259,
          391
        ],
        790556058
      ],
      [
        "m",
        [
          10,
          260,
          391
        ],
        790556058
      ],
      [
        "m",
        [
          10,
          261,
          391
        ],
        790556058
      ],
      [
        "m",
        [
          10,
          262,
          391
        ],
        790556058
      ],
      [
        "m",
        [
          10,
          263,
          391
        ],
        790556058
      ],
      [
        "m",
        [
          10,
          264,
          391
        ],
        790556058
      ],
      [
        "m",
        [
          10,
          265,
          391
        ],
        790556364
      ],
      [
        "m",
        [
          10,
          266,
          391
        ],
        790556364
      ],
      [
        "m",
        [
          10,
          267,
          391
        ],
        790556364
      ],
      [
        "m",
        [
          10,
          268,
          391
        ],
        790556058
      ],
      [
        "m",
        [
          10,
          269,
          391
        ],
        790556418
      ],
      [
        "m",
        [
          10,
          270,
          391
        ],
        790556418
      ],
      [
        "m",
        [
          10,
          271,
          391
        ],
        790556418
      ],
      [
        "m",
        [
          10,
          272,
          391
        ],
        790556418
      ],
      [
        "m",
        [
          10,
          273,
          391
        ],
        790556274
      ],
      [
        "m",
        [
          10,
          274,
          391
        ],
        790556274
      ],
      [
        "m",
        [
          10,
          275,
          391
        ],
        790556238
      ],
      [
        "m",
        [
          10,
          276,
          391
        ],
        790556238
      ],
      [
        "m",
        [
          10,
          277,
          391
        ],
        790556112
      ],
      [
        "m",
        [
          10,
          278,
          391
        ],
        790556058
      ],
      [
        "m",
        [
          10,
          227,
          392
        ],
        790555512
      ],
      [
        "m",
        [
          10,
          228,
          392
        ],
        790555512
      ],
      [
        "m",
        [
          10,
          229,
          392
        ],
        790555512
      ],
      [
        "m",
        [
          10,
          230,
          392
        ],
        790556058
      ],
      [
        "m",
        [
          10,
          231,
          392
        ],
        790556058
      ],
      [
        "m",
        [
          10,
          232,
          392
        ],
        790556058
      ],
      [
        "m",
        [
          10,
          233,
          392
        ],
        790556058
      ],
      [
        "m",
        [
          10,
          234,
          392
        ],
        790556058
      ],
      [
        "m",
        [
          10,
          235,
          392
        ],
        790556166
      ],
      [
        "m",
        [
          10,
          236,
          392
        ],
        790556166
      ],
      [
        "m",
        [
          10,
          237,
          392
        ],
        790556166
      ],
      [
        "m",
        [
          10,
          238,
          392
        ],
        790556058
      ],
      [
        "m",
        [
          10,
          239,
          392
        ],
        790556058
      ],
      [
        "m",
        [
          10,
          240,
          392
        ],
        790556058
      ],
      [
        "m",
        [
          10,
          241,
          392
        ],
        790556166
      ],
      [
        "m",
        [
          10,
          242,
          392
        ],
        790556166
      ],
      [
        "m",
        [
          10,
          243,
          392
        ],
        790556166
      ],
      [
        "m",
        [
          10,
          244,
          392
        ],
        790556166
      ],
      [
        "m",
        [
          10,
          245,
          392
        ],
        790556058
      ],
      [
        "m",
        [
          10,
          246,
          392
        ],
        790556058
      ],
      [
        "m",
        [
          10,
          247,
          392
        ],
        790556058
      ],
      [
        "m",
        [
          10,
          248,
          392
        ],
        790556058
      ],
      [
        "m",
        [
          10,
          249,
          392
        ],
        790556058
      ],
      [
        "m",
        [
          10,
          250,
          392
        ],
        790556058
      ],
      [
        "m",
        [
          10,
          251,
          392
        ],
        790556166
      ],
      [
        "m",
        [
          10,
          252,
          392
        ],
        790556166
      ],
      [
        "m",
        [
          10,
          253,
          392
        ],
        790556166
      ],
      [
        "m",
        [
          10,
          254,
          392
        ],
        790556364
      ],
      [
        "m",
        [
          10,
          255,
          392
        ],
        790556364
      ],
      [
        "m",
        [
          10,
          256,
          392
        ],
        790556364
      ],
      [
        "m",
        [
          10,
          257,
          392
        ],
        790556364
      ],
      [
        "m",
        [
          10,
          258,
          392
        ],
        790556364
      ],
      [
        "m",
        [
          10,
          259,
          392
        ],
        790556058
      ],
      [
        "m",
        [
          10,
          260,
          392
        ],
        790556058
      ],
      [
        "m",
        [
          10,
          261,
          392
        ],
        790555512
      ],
      [
        "m",
        [
          10,
          262,
          392
        ],
        790556166
      ],
      [
        "m",
        [
          10,
          263,
          392
        ],
        790556166
      ],
      [
        "m",
        [
          10,
          264,
          392
        ],
        790556166
      ],
      [
        "m",
        [
          10,
          265,
          392
        ],
        790555968
      ],
      [
        "m",
        [
          10,
          266,
          392
        ],
        790556058
      ],
      [
        "m",
        [
          10,
          267,
          392
        ],
        790556364
      ],
      [
        "m",
        [
          10,
          268,
          392
        ],
        790556364
      ],
      [
        "m",
        [
          10,
          269,
          392
        ],
        790556364
      ],
      [
        "m",
        [
          10,
          270,
          392
        ],
        790556364
      ],
      [
        "m",
        [
          10,
          271,
          392
        ],
        790556364
      ],
      [
        "m",
        [
          10,
          272,
          392
        ],
        790556364
      ],
      [
        "m",
        [
          10,
          273,
          392
        ],
        790556058
      ],
      [
        "m",
        [
          10,
          274,
          392
        ],
        790556058
      ],
      [
        "m",
        [
          10,
          275,
          392
        ],
        790556112
      ],
      [
        "m",
        [
          10,
          276,
          392
        ],
        790556112
      ],
      [
        "m",
        [
          10,
          277,
          392
        ],
        790556112
      ],
      [
        "m",
        [
          10,
          278,
          392
        ],
        790556058
      ],
      [
        "m",
        [
          10,
          227,
          393
        ],
        790555512
      ],
      [
        "m",
        [
          10,
          228,
          393
        ],
        790555512
      ],
      [
        "m",
        [
          10,
          229,
          393
        ],
        790555512
      ],
      [
        "m",
        [
          10,
          230,
          393
        ],
        790556058
      ],
      [
        "m",
        [
          10,
          231,
          393
        ],
        790556058
      ],
      [
        "m",
        [
          10,
          232,
          393
        ],
        790556058
      ],
      [
        "m",
        [
          10,
          233,
          393
        ],
        790555512
      ],
      [
        "m",
        [
          10,
          234,
          393
        ],
        790556058
      ],
      [
        "m",
        [
          10,
          235,
          393
        ],
        790556058
      ],
      [
        "m",
        [
          10,
          236,
          393
        ],
        790556058
      ],
      [
        "m",
        [
          10,
          237,
          393
        ],
        790556058
      ],
      [
        "m",
        [
          10,
          238,
          393
        ],
        790556058
      ],
      [
        "m",
        [
          10,
          239,
          393
        ],
        790556058
      ],
      [
        "m",
        [
          10,
          240,
          393
        ],
        790556058
      ],
      [
        "m",
        [
          10,
          241,
          393
        ],
        790556058
      ],
      [
        "m",
        [
          10,
          242,
          393
        ],
        790556058
      ],
      [
        "m",
        [
          10,
          243,
          393
        ],
        790556058
      ],
      [
        "m",
        [
          10,
          244,
          393
        ],
        790556058
      ],
      [
        "m",
        [
          10,
          245,
          393
        ],
        790556058
      ],
      [
        "m",
        [
          10,
          246,
          393
        ],
        790556058
      ],
      [
        "m",
        [
          10,
          247,
          393
        ],
        790556058
      ],
      [
        "m",
        [
          10,
          248,
          393
        ],
        790556058
      ],
      [
        "m",
        [
          10,
          249,
          393
        ],
        790556058
      ],
      [
        "m",
        [
          10,
          250,
          393
        ],
        790556058
      ],
      [
        "m",
        [
          10,
          251,
          393
        ],
        790556058
      ],
      [
        "m",
        [
          10,
          252,
          393
        ],
        790556166
      ],
      [
        "m",
        [
          10,
          253,
          393
        ],
        790556166
      ],
      [
        "m",
        [
          10,
          254,
          393
        ],
        790556166
      ],
      [
        "m",
        [
          10,
          255,
          393
        ],
        790556166
      ],
      [
        "m",
        [
          10,
          256,
          393
        ],
        790556364
      ],
      [
        "m",
        [
          10,
          257,
          393
        ],
        790556364
      ],
      [
        "m",
        [
          10,
          258,
          393
        ],
        790556364
      ],
      [
        "m",
        [
          10,
          259,
          393
        ],
        790556058
      ],
      [
        "m",
        [
          10,
          260,
          393
        ],
        790556058
      ],
      [
        "m",
        [
          10,
          261,
          393
        ],
        790556058
      ],
      [
        "m",
        [
          10,
          262,
          393
        ],
        790556166
      ],
      [
        "m",
        [
          10,
          263,
          393
        ],
        790556166
      ],
      [
        "m",
        [
          10,
          264,
          393
        ],
        790556166
      ],
      [
        "m",
        [
          10,
          265,
          393
        ],
        790556058
      ],
      [
        "m",
        [
          10,
          266,
          393
        ],
        790556472
      ],
      [
        "m",
        [
          10,
          267,
          393
        ],
        790556472
      ],
      [
        "m",
        [
          10,
          268,
          393
        ],
        790556472
      ],
      [
        "m",
        [
          10,
          269,
          393
        ],
        790556364
      ],
      [
        "m",
        [
          10,
          270,
          393
        ],
        790556364
      ],
      [
        "m",
        [
          10,
          271,
          393
        ],
        790556364
      ],
      [
        "m",
        [
          10,
          272,
          393
        ],
        790556364
      ],
      [
        "m",
        [
          10,
          273,
          393
        ],
        790556058
      ],
      [
        "m",
        [
          10,
          274,
          393
        ],
        790556058
      ],
      [
        "m",
        [
          10,
          275,
          393
        ],
        790556112
      ],
      [
        "m",
        [
          10,
          276,
          393
        ],
        790556112
      ],
      [
        "m",
        [
          10,
          277,
          393
        ],
        790556112
      ],
      [
        "m",
        [
          10,
          278,
          393
        ],
        790556058
      ],
      [
        "m",
        [
          10,
          227,
          394
        ],
        790555512
      ],
      [
        "m",
        [
          10,
          228,
          394
        ],
        790555512
      ],
      [
        "m",
        [
          10,
          229,
          394
        ],
        790556058
      ],
      [
        "m",
        [
          10,
          230,
          394
        ],
        790556058
      ],
      [
        "m",
        [
          10,
          231,
          394
        ],
        790556058
      ],
      [
        "m",
        [
          10,
          232,
          394
        ],
        790556058
      ],
      [
        "m",
        [
          10,
          233,
          394
        ],
        790555512
      ],
      [
        "m",
        [
          10,
          234,
          394
        ],
        790556058
      ],
      [
        "m",
        [
          10,
          235,
          394
        ],
        790556058
      ],
      [
        "m",
        [
          10,
          236,
          394
        ],
        790556058
      ],
      [
        "m",
        [
          10,
          237,
          394
        ],
        790556058
      ],
      [
        "m",
        [
          10,
          238,
          394
        ],
        790556058
      ],
      [
        "m",
        [
          10,
          239,
          394
        ],
        790556058
      ],
      [
        "m",
        [
          10,
          240,
          394
        ],
        790556058
      ],
      [
        "m",
        [
          10,
          241,
          394
        ],
        790556058
      ],
      [
        "m",
        [
          10,
          242,
          394
        ],
        790556058
      ],
      [
        "m",
        [
          10,
          243,
          394
        ],
        790556058
      ],
      [
        "m",
        [
          10,
          244,
          394
        ],
        790556058
      ],
      [
        "m",
        [
          10,
          245,
          394
        ],
        790556058
      ],
      [
        "m",
        [
          10,
          246,
          394
        ],
        790556058
      ],
      [
        "m",
        [
          10,
          247,
          394
        ],
        790556058
      ],
      [
        "m",
        [
          10,
          248,
          394
        ],
        790556364
      ],
      [
        "m",
        [
          10,
          249,
          394
        ],
        790556364
      ],
      [
        "m",
        [
          10,
          250,
          394
        ],
        790556364
      ],
      [
        "m",
        [
          10,
          251,
          394
        ],
        790556166
      ],
      [
        "m",
        [
          10,
          252,
          394
        ],
        790556166
      ],
      [
        "m",
        [
          10,
          253,
          394
        ],
        790556058
      ],
      [
        "m",
        [
          10,
          254,
          394
        ],
        790556166
      ],
      [
        "m",
        [
          10,
          255,
          394
        ],
        790556166
      ],
      [
        "m",
        [
          10,
          256,
          394
        ],
        790556166
      ],
      [
        "m",
        [
          10,
          257,
          394
        ],
        790556058
      ],
      [
        "m",
        [
          10,
          258,
          394
        ],
        790556058
      ],
      [
        "m",
        [
          10,
          259,
          394
        ],
        790556058
      ],
      [
        "m",
        [
          10,
          260,
          394
        ],
        790556058
      ],
      [
        "m",
        [
          10,
          261,
          394
        ],
        790556058
      ],
      [
        "m",
        [
          10,
          262,
          394
        ],
        790556166
      ],
      [
        "m",
        [
          10,
          263,
          394
        ],
        790556166
      ],
      [
        "m",
        [
          10,
          264,
          394
        ],
        790556166
      ],
      [
        "m",
        [
          10,
          265,
          394
        ],
        790556058
      ],
      [
        "m",
        [
          10,
          266,
          394
        ],
        790556472
      ],
      [
        "m",
        [
          10,
          267,
          394
        ],
        790556472
      ],
      [
        "m",
        [
          10,
          268,
          394
        ],
        790556472
      ],
      [
        "m",
        [
          10,
          269,
          394
        ],
        790556364
      ],
      [
        "m",
        [
          10,
          270,
          394
        ],
        790556364
      ],
      [
        "m",
        [
          10,
          271,
          394
        ],
        790556364
      ],
      [
        "m",
        [
          10,
          272,
          394
        ],
        790556364
      ],
      [
        "m",
        [
          10,
          273,
          394
        ],
        790556058
      ],
      [
        "m",
        [
          10,
          274,
          394
        ],
        790556112
      ],
      [
        "m",
        [
          10,
          275,
          394
        ],
        790556112
      ],
      [
        "m",
        [
          10,
          276,
          394
        ],
        790556112
      ],
      [
        "m",
        [
          10,
          277,
          394
        ],
        790556058
      ],
      [
        "m",
        [
          10,
          278,
          394
        ],
        790556058
      ],
      [
        "m",
        [
          10,
          227,
          395
        ],
        790555512
      ],
      [
        "m",
        [
          10,
          228,
          395
        ],
        790555512
      ],
      [
        "m",
        [
          10,
          229,
          395
        ],
        790556058
      ],
      [
        "m",
        [
          10,
          230,
          395
        ],
        790556058
      ],
      [
        "m",
        [
          10,
          231,
          395
        ],
        790556058
      ],
      [
        "m",
        [
          10,
          232,
          395
        ],
        790556058
      ],
      [
        "m",
        [
          10,
          233,
          395
        ],
        790556364
      ],
      [
        "m",
        [
          10,
          234,
          395
        ],
        790556364
      ],
      [
        "m",
        [
          10,
          235,
          395
        ],
        790556364
      ],
      [
        "m",
        [
          10,
          236,
          395
        ],
        790556058
      ],
      [
        "m",
        [
          10,
          237,
          395
        ],
        790555512
      ],
      [
        "m",
        [
          10,
          238,
          395
        ],
        790556058
      ],
      [
        "m",
        [
          10,
          239,
          395
        ],
        790556058
      ],
      [
        "m",
        [
          10,
          240,
          395
        ],
        790556058
      ],
      [
        "m",
        [
          10,
          241,
          395
        ],
        790556058
      ],
      [
        "m",
        [
          10,
          242,
          395
        ],
        790556058
      ],
      [
        "m",
        [
          10,
          243,
          395
        ],
        790556058
      ],
      [
        "m",
        [
          10,
          244,
          395
        ],
        790556058
      ],
      [
        "m",
        [
          10,
          245,
          395
        ],
        790556058
      ],
      [
        "m",
        [
          10,
          246,
          395
        ],
        790556058
      ],
      [
        "m",
        [
          10,
          247,
          395
        ],
        790556058
      ],
      [
        "m",
        [
          10,
          248,
          395
        ],
        790556364
      ],
      [
        "m",
        [
          10,
          249,
          395
        ],
        790556364
      ],
      [
        "m",
        [
          10,
          250,
          395
        ],
        790556364
      ],
      [
        "m",
        [
          10,
          251,
          395
        ],
        790556166
      ],
      [
        "m",
        [
          10,
          252,
          395
        ],
        790556166
      ],
      [
        "m",
        [
          10,
          253,
          395
        ],
        790556058
      ],
      [
        "m",
        [
          10,
          254,
          395
        ],
        790556058
      ],
      [
        "m",
        [
          10,
          255,
          395
        ],
        790556058
      ],
      [
        "m",
        [
          10,
          256,
          395
        ],
        790556058
      ],
      [
        "m",
        [
          10,
          257,
          395
        ],
        790556058
      ],
      [
        "m",
        [
          10,
          258,
          395
        ],
        790556058
      ],
      [
        "m",
        [
          10,
          259,
          395
        ],
        790556238
      ],
      [
        "m",
        [
          10,
          260,
          395
        ],
        790556238
      ],
      [
        "m",
        [
          10,
          261,
          395
        ],
        790556238
      ],
      [
        "m",
        [
          10,
          262,
          395
        ],
        790556058
      ],
      [
        "m",
        [
          10,
          263,
          395
        ],
        790556058
      ],
      [
        "m",
        [
          10,
          264,
          395
        ],
        790556058
      ],
      [
        "m",
        [
          10,
          265,
          395
        ],
        790556058
      ],
      [
        "m",
        [
          10,
          266,
          395
        ],
        790556472
      ],
      [
        "m",
        [
          10,
          267,
          395
        ],
        790556472
      ],
      [
        "m",
        [
          10,
          268,
          395
        ],
        790556472
      ],
      [
        "m",
        [
          10,
          269,
          395
        ],
        790556364
      ],
      [
        "m",
        [
          10,
          270,
          395
        ],
        790556364
      ],
      [
        "m",
        [
          10,
          271,
          395
        ],
        790556364
      ],
      [
        "m",
        [
          10,
          272,
          395
        ],
        790556364
      ],
      [
        "m",
        [
          10,
          273,
          395
        ],
        790556058
      ],
      [
        "m",
        [
          10,
          274,
          395
        ],
        790556112
      ],
      [
        "m",
        [
          10,
          275,
          395
        ],
        790556112
      ],
      [
        "m",
        [
          10,
          276,
          395
        ],
        790556112
      ],
      [
        "m",
        [
          10,
          277,
          395
        ],
        790556058
      ],
      [
        "m",
        [
          10,
          278,
          395
        ],
        790556058
      ],
      [
        "m",
        [
          10,
          227,
          396
        ],
        790556058
      ],
      [
        "m",
        [
          10,
          228,
          396
        ],
        790556166
      ],
      [
        "m",
        [
          10,
          229,
          396
        ],
        790556166
      ],
      [
        "m",
        [
          10,
          230,
          396
        ],
        790556166
      ],
      [
        "m",
        [
          10,
          231,
          396
        ],
        790556058
      ],
      [
        "m",
        [
          10,
          232,
          396
        ],
        790556058
      ],
      [
        "m",
        [
          10,
          233,
          396
        ],
        790556364
      ],
      [
        "m",
        [
          10,
          234,
          396
        ],
        790556364
      ],
      [
        "m",
        [
          10,
          235,
          396
        ],
        790556364
      ],
      [
        "m",
        [
          10,
          236,
          396
        ],
        790556058
      ],
      [
        "m",
        [
          10,
          237,
          396
        ],
        790555512
      ],
      [
        "m",
        [
          10,
          238,
          396
        ],
        790555512
      ],
      [
        "m",
        [
          10,
          239,
          396
        ],
        790555788
      ],
      [
        "m",
        [
          10,
          240,
          396
        ],
        790556058
      ],
      [
        "m",
        [
          10,
          241,
          396
        ],
        790556058
      ],
      [
        "m",
        [
          10,
          242,
          396
        ],
        790556058
      ],
      [
        "m",
        [
          10,
          243,
          396
        ],
        790556058
      ],
      [
        "m",
        [
          10,
          244,
          396
        ],
        790556058
      ],
      [
        "m",
        [
          10,
          245,
          396
        ],
        790556058
      ],
      [
        "m",
        [
          10,
          246,
          396
        ],
        790556058
      ],
      [
        "m",
        [
          10,
          247,
          396
        ],
        790556058
      ],
      [
        "m",
        [
          10,
          248,
          396
        ],
        790556364
      ],
      [
        "m",
        [
          10,
          249,
          396
        ],
        790556364
      ],
      [
        "m",
        [
          10,
          250,
          396
        ],
        790556364
      ],
      [
        "m",
        [
          10,
          251,
          396
        ],
        790556166
      ],
      [
        "m",
        [
          10,
          252,
          396
        ],
        790556166
      ],
      [
        "m",
        [
          10,
          253,
          396
        ],
        790556058
      ],
      [
        "m",
        [
          10,
          254,
          396
        ],
        790556058
      ],
      [
        "m",
        [
          10,
          255,
          396
        ],
        790556058
      ],
      [
        "m",
        [
          10,
          256,
          396
        ],
        790556058
      ],
      [
        "m",
        [
          10,
          257,
          396
        ],
        790556058
      ],
      [
        "m",
        [
          10,
          258,
          396
        ],
        790556058
      ],
      [
        "m",
        [
          10,
          259,
          396
        ],
        790556238
      ],
      [
        "m",
        [
          10,
          260,
          396
        ],
        790556238
      ],
      [
        "m",
        [
          10,
          261,
          396
        ],
        790556364
      ],
      [
        "m",
        [
          10,
          262,
          396
        ],
        790556364
      ],
      [
        "m",
        [
          10,
          263,
          396
        ],
        790556364
      ],
      [
        "m",
        [
          10,
          264,
          396
        ],
        790556364
      ],
      [
        "m",
        [
          10,
          265,
          396
        ],
        790555512
      ],
      [
        "m",
        [
          10,
          266,
          396
        ],
        790555512
      ],
      [
        "m",
        [
          10,
          267,
          396
        ],
        790556058
      ],
      [
        "m",
        [
          10,
          268,
          396
        ],
        790556058
      ],
      [
        "m",
        [
          10,
          269,
          396
        ],
        790556058
      ],
      [
        "m",
        [
          10,
          270,
          396
        ],
        790556058
      ],
      [
        "m",
        [
          10,
          271,
          396
        ],
        790556058
      ],
      [
        "m",
        [
          10,
          272,
          396
        ],
        790556058
      ],
      [
        "m",
        [
          10,
          273,
          396
        ],
        790556058
      ],
      [
        "m",
        [
          10,
          274,
          396
        ],
        790556112
      ],
      [
        "m",
        [
          10,
          275,
          396
        ],
        790556112
      ],
      [
        "m",
        [
          10,
          276,
          396
        ],
        790556112
      ],
      [
        "m",
        [
          10,
          277,
          396
        ],
        790556058
      ],
      [
        "m",
        [
          10,
          278,
          396
        ],
        790556058
      ],
      [
        "m",
        [
          10,
          227,
          397
        ],
        790556058
      ],
      [
        "m",
        [
          10,
          228,
          397
        ],
        790556166
      ],
      [
        "m",
        [
          10,
          229,
          397
        ],
        790556166
      ],
      [
        "m",
        [
          10,
          230,
          397
        ],
        790556166
      ],
      [
        "m",
        [
          10,
          231,
          397
        ],
        790556058
      ],
      [
        "m",
        [
          10,
          232,
          397
        ],
        790556058
      ],
      [
        "m",
        [
          10,
          233,
          397
        ],
        790556364
      ],
      [
        "m",
        [
          10,
          234,
          397
        ],
        790556364
      ],
      [
        "m",
        [
          10,
          235,
          397
        ],
        790556364
      ],
      [
        "m",
        [
          10,
          236,
          397
        ],
        790556058
      ],
      [
        "m",
        [
          10,
          237,
          397
        ],
        790555512
      ],
      [
        "m",
        [
          10,
          238,
          397
        ],
        790555512
      ],
      [
        "m",
        [
          10,
          239,
          397
        ],
        790555788
      ],
      [
        "m",
        [
          10,
          240,
          397
        ],
        790556058
      ],
      [
        "m",
        [
          10,
          241,
          397
        ],
        790556472
      ],
      [
        "m",
        [
          10,
          242,
          397
        ],
        790556472
      ],
      [
        "m",
        [
          10,
          243,
          397
        ],
        790556472
      ],
      [
        "m",
        [
          10,
          244,
          397
        ],
        790556058
      ],
      [
        "m",
        [
          10,
          245,
          397
        ],
        790556058
      ],
      [
        "m",
        [
          10,
          246,
          397
        ],
        790556058
      ],
      [
        "m",
        [
          10,
          247,
          397
        ],
        790556058
      ],
      [
        "m",
        [
          10,
          248,
          397
        ],
        790556058
      ],
      [
        "m",
        [
          10,
          249,
          397
        ],
        790556058
      ],
      [
        "m",
        [
          10,
          250,
          397
        ],
        790556058
      ],
      [
        "m",
        [
          10,
          251,
          397
        ],
        790556058
      ],
      [
        "m",
        [
          10,
          252,
          397
        ],
        790556058
      ],
      [
        "m",
        [
          10,
          253,
          397
        ],
        790556058
      ],
      [
        "m",
        [
          10,
          254,
          397
        ],
        790556058
      ],
      [
        "m",
        [
          10,
          255,
          397
        ],
        790556058
      ],
      [
        "m",
        [
          10,
          256,
          397
        ],
        790556058
      ],
      [
        "m",
        [
          10,
          257,
          397
        ],
        790556058
      ],
      [
        "m",
        [
          10,
          258,
          397
        ],
        790556058
      ],
      [
        "m",
        [
          10,
          259,
          397
        ],
        790556238
      ],
      [
        "m",
        [
          10,
          260,
          397
        ],
        790556238
      ],
      [
        "m",
        [
          10,
          261,
          397
        ],
        790556364
      ],
      [
        "m",
        [
          10,
          262,
          397
        ],
        790556364
      ],
      [
        "m",
        [
          10,
          263,
          397
        ],
        790556364
      ],
      [
        "m",
        [
          10,
          264,
          397
        ],
        790556364
      ],
      [
        "m",
        [
          10,
          265,
          397
        ],
        790555968
      ],
      [
        "m",
        [
          10,
          266,
          397
        ],
        790555968
      ],
      [
        "m",
        [
          10,
          267,
          397
        ],
        790556058
      ],
      [
        "m",
        [
          10,
          268,
          397
        ],
        790556058
      ],
      [
        "m",
        [
          10,
          269,
          397
        ],
        790556058
      ],
      [
        "m",
        [
          10,
          270,
          397
        ],
        790555512
      ],
      [
        "m",
        [
          10,
          271,
          397
        ],
        790556058
      ],
      [
        "m",
        [
          10,
          272,
          397
        ],
        790556058
      ],
      [
        "m",
        [
          10,
          273,
          397
        ],
        790556058
      ],
      [
        "m",
        [
          10,
          274,
          397
        ],
        790556058
      ],
      [
        "m",
        [
          10,
          275,
          397
        ],
        790556058
      ],
      [
        "m",
        [
          10,
          276,
          397
        ],
        790556274
      ],
      [
        "m",
        [
          10,
          277,
          397
        ],
        790556274
      ],
      [
        "m",
        [
          10,
          278,
          397
        ],
        790556274
      ],
      [
        "m",
        [
          10,
          227,
          398
        ],
        790556058
      ],
      [
        "m",
        [
          10,
          228,
          398
        ],
        790556166
      ],
      [
        "m",
        [
          10,
          229,
          398
        ],
        790556166
      ],
      [
        "m",
        [
          10,
          230,
          398
        ],
        790556166
      ],
      [
        "m",
        [
          10,
          231,
          398
        ],
        790556166
      ],
      [
        "m",
        [
          10,
          232,
          398
        ],
        790556166
      ],
      [
        "m",
        [
          10,
          233,
          398
        ],
        790555512
      ],
      [
        "m",
        [
          10,
          234,
          398
        ],
        790555512
      ],
      [
        "m",
        [
          10,
          235,
          398
        ],
        790555512
      ],
      [
        "m",
        [
          10,
          236,
          398
        ],
        790555512
      ],
      [
        "m",
        [
          10,
          237,
          398
        ],
        790555512
      ],
      [
        "m",
        [
          10,
          238,
          398
        ],
        790555512
      ],
      [
        "m",
        [
          10,
          239,
          398
        ],
        790555788
      ],
      [
        "m",
        [
          10,
          240,
          398
        ],
        790556472
      ],
      [
        "m",
        [
          10,
          241,
          398
        ],
        790556472
      ],
      [
        "m",
        [
          10,
          242,
          398
        ],
        790556472
      ],
      [
        "m",
        [
          10,
          243,
          398
        ],
        790556472
      ],
      [
        "m",
        [
          10,
          244,
          398
        ],
        790556058
      ],
      [
        "m",
        [
          10,
          245,
          398
        ],
        790556058
      ],
      [
        "m",
        [
          10,
          246,
          398
        ],
        790556058
      ],
      [
        "m",
        [
          10,
          247,
          398
        ],
        790556058
      ],
      [
        "m",
        [
          10,
          248,
          398
        ],
        790556058
      ],
      [
        "m",
        [
          10,
          249,
          398
        ],
        790556058
      ],
      [
        "m",
        [
          10,
          250,
          398
        ],
        790556058
      ],
      [
        "m",
        [
          10,
          251,
          398
        ],
        790556058
      ],
      [
        "m",
        [
          10,
          252,
          398
        ],
        790556166
      ],
      [
        "m",
        [
          10,
          253,
          398
        ],
        790556166
      ],
      [
        "m",
        [
          10,
          254,
          398
        ],
        790556166
      ],
      [
        "m",
        [
          10,
          255,
          398
        ],
        790556058
      ],
      [
        "m",
        [
          10,
          256,
          398
        ],
        790556058
      ],
      [
        "m",
        [
          10,
          257,
          398
        ],
        790556058
      ],
      [
        "m",
        [
          10,
          258,
          398
        ],
        790556058
      ],
      [
        "m",
        [
          10,
          259,
          398
        ],
        790556058
      ],
      [
        "m",
        [
          10,
          260,
          398
        ],
        790556058
      ],
      [
        "m",
        [
          10,
          261,
          398
        ],
        790556364
      ],
      [
        "m",
        [
          10,
          262,
          398
        ],
        790556364
      ],
      [
        "m",
        [
          10,
          263,
          398
        ],
        790556364
      ],
      [
        "m",
        [
          10,
          264,
          398
        ],
        790556364
      ],
      [
        "m",
        [
          10,
          265,
          398
        ],
        790556058
      ],
      [
        "m",
        [
          10,
          266,
          398
        ],
        790556058
      ],
      [
        "m",
        [
          10,
          267,
          398
        ],
        790556058
      ],
      [
        "m",
        [
          10,
          268,
          398
        ],
        790556058
      ],
      [
        "m",
        [
          10,
          269,
          398
        ],
        790556058
      ],
      [
        "m",
        [
          10,
          270,
          398
        ],
        790556058
      ],
      [
        "m",
        [
          10,
          271,
          398
        ],
        790556058
      ],
      [
        "m",
        [
          10,
          272,
          398
        ],
        790556058
      ],
      [
        "m",
        [
          10,
          273,
          398
        ],
        790556058
      ],
      [
        "m",
        [
          10,
          274,
          398
        ],
        790556058
      ],
      [
        "m",
        [
          10,
          275,
          398
        ],
        790556058
      ],
      [
        "m",
        [
          10,
          276,
          398
        ],
        790556274
      ],
      [
        "m",
        [
          10,
          277,
          398
        ],
        790556364
      ],
      [
        "m",
        [
          10,
          278,
          398
        ],
        790556364
      ],
      [
        "m",
        [
          10,
          227,
          399
        ],
        790556058
      ],
      [
        "m",
        [
          10,
          228,
          399
        ],
        790556058
      ],
      [
        "m",
        [
          10,
          229,
          399
        ],
        790556058
      ],
      [
        "m",
        [
          10,
          230,
          399
        ],
        790556166
      ],
      [
        "m",
        [
          10,
          231,
          399
        ],
        790556166
      ],
      [
        "m",
        [
          10,
          232,
          399
        ],
        790556166
      ],
      [
        "m",
        [
          10,
          233,
          399
        ],
        790555512
      ],
      [
        "m",
        [
          10,
          234,
          399
        ],
        790555512
      ],
      [
        "m",
        [
          10,
          235,
          399
        ],
        790555512
      ],
      [
        "m",
        [
          10,
          236,
          399
        ],
        790555512
      ],
      [
        "m",
        [
          10,
          237,
          399
        ],
        790555512
      ],
      [
        "m",
        [
          10,
          238,
          399
        ],
        790556058
      ],
      [
        "m",
        [
          10,
          239,
          399
        ],
        790556058
      ],
      [
        "m",
        [
          10,
          240,
          399
        ],
        790556472
      ],
      [
        "m",
        [
          10,
          241,
          399
        ],
        790556472
      ],
      [
        "m",
        [
          10,
          242,
          399
        ],
        790556472
      ],
      [
        "m",
        [
          10,
          243,
          399
        ],
        790556472
      ],
      [
        "m",
        [
          10,
          244,
          399
        ],
        790556418
      ],
      [
        "m",
        [
          10,
          245,
          399
        ],
        790556418
      ],
      [
        "m",
        [
          10,
          246,
          399
        ],
        790556166
      ],
      [
        "m",
        [
          10,
          247,
          399
        ],
        790556058
      ],
      [
        "m",
        [
          10,
          248,
          399
        ],
        790556058
      ],
      [
        "m",
        [
          10,
          249,
          399
        ],
        790556058
      ],
      [
        "m",
        [
          10,
          250,
          399
        ],
        790556058
      ],
      [
        "m",
        [
          10,
          251,
          399
        ],
        790556058
      ],
      [
        "m",
        [
          10,
          252,
          399
        ],
        790556166
      ],
      [
        "m",
        [
          10,
          253,
          399
        ],
        790556166
      ],
      [
        "m",
        [
          10,
          254,
          399
        ],
        790556166
      ],
      [
        "m",
        [
          10,
          255,
          399
        ],
        790556058
      ],
      [
        "m",
        [
          10,
          256,
          399
        ],
        790556058
      ],
      [
        "m",
        [
          10,
          257,
          399
        ],
        790556058
      ],
      [
        "m",
        [
          10,
          258,
          399
        ],
        790556058
      ],
      [
        "m",
        [
          10,
          259,
          399
        ],
        790556058
      ],
      [
        "m",
        [
          10,
          260,
          399
        ],
        790556058
      ],
      [
        "m",
        [
          10,
          261,
          399
        ],
        790556058
      ],
      [
        "m",
        [
          10,
          262,
          399
        ],
        790556364
      ],
      [
        "m",
        [
          10,
          263,
          399
        ],
        790556364
      ],
      [
        "m",
        [
          10,
          264,
          399
        ],
        790556364
      ],
      [
        "m",
        [
          10,
          265,
          399
        ],
        790556058
      ],
      [
        "m",
        [
          10,
          266,
          399
        ],
        790556364
      ],
      [
        "m",
        [
          10,
          267,
          399
        ],
        790556364
      ],
      [
        "m",
        [
          10,
          268,
          399
        ],
        790556364
      ],
      [
        "m",
        [
          10,
          269,
          399
        ],
        790556058
      ],
      [
        "m",
        [
          10,
          270,
          399
        ],
        790556058
      ],
      [
        "m",
        [
          10,
          271,
          399
        ],
        790556058
      ],
      [
        "m",
        [
          10,
          272,
          399
        ],
        790556058
      ],
      [
        "m",
        [
          10,
          273,
          399
        ],
        790556058
      ],
      [
        "m",
        [
          10,
          274,
          399
        ],
        790556058
      ],
      [
        "m",
        [
          10,
          275,
          399
        ],
        790556058
      ],
      [
        "m",
        [
          10,
          276,
          399
        ],
        790556274
      ],
      [
        "m",
        [
          10,
          277,
          399
        ],
        790556364
      ],
      [
        "m",
        [
          10,
          278,
          399
        ],
        790556364
      ],
      [
        "m",
        [
          10,
          227,
          400
        ],
        790556058
      ],
      [
        "m",
        [
          10,
          228,
          400
        ],
        790556058
      ],
      [
        "m",
        [
          10,
          229,
          400
        ],
        790556058
      ],
      [
        "m",
        [
          10,
          230,
          400
        ],
        790556166
      ],
      [
        "m",
        [
          10,
          231,
          400
        ],
        790556166
      ],
      [
        "m",
        [
          10,
          232,
          400
        ],
        790556166
      ],
      [
        "m",
        [
          10,
          233,
          400
        ],
        790555512
      ],
      [
        "m",
        [
          10,
          234,
          400
        ],
        790556058
      ],
      [
        "m",
        [
          10,
          235,
          400
        ],
        790556058
      ],
      [
        "m",
        [
          10,
          236,
          400
        ],
        790556058
      ],
      [
        "m",
        [
          10,
          237,
          400
        ],
        790556418
      ],
      [
        "m",
        [
          10,
          238,
          400
        ],
        790556418
      ],
      [
        "m",
        [
          10,
          239,
          400
        ],
        790556418
      ],
      [
        "m",
        [
          10,
          240,
          400
        ],
        790556472
      ],
      [
        "m",
        [
          10,
          241,
          400
        ],
        790556472
      ],
      [
        "m",
        [
          10,
          242,
          400
        ],
        790556472
      ],
      [
        "m",
        [
          10,
          243,
          400
        ],
        790556472
      ],
      [
        "m",
        [
          10,
          244,
          400
        ],
        790556418
      ],
      [
        "m",
        [
          10,
          245,
          400
        ],
        790556418
      ],
      [
        "m",
        [
          10,
          246,
          400
        ],
        790556166
      ],
      [
        "m",
        [
          10,
          247,
          400
        ],
        790556058
      ],
      [
        "m",
        [
          10,
          248,
          400
        ],
        790556058
      ],
      [
        "m",
        [
          10,
          249,
          400
        ],
        790556058
      ],
      [
        "m",
        [
          10,
          250,
          400
        ],
        790556058
      ],
      [
        "m",
        [
          10,
          251,
          400
        ],
        790556058
      ],
      [
        "m",
        [
          10,
          252,
          400
        ],
        790556166
      ],
      [
        "m",
        [
          10,
          253,
          400
        ],
        790556166
      ],
      [
        "m",
        [
          10,
          254,
          400
        ],
        790556166
      ],
      [
        "m",
        [
          10,
          255,
          400
        ],
        790555512
      ],
      [
        "m",
        [
          10,
          256,
          400
        ],
        790556058
      ],
      [
        "m",
        [
          10,
          257,
          400
        ],
        790556058
      ],
      [
        "m",
        [
          10,
          258,
          400
        ],
        790556058
      ],
      [
        "m",
        [
          10,
          259,
          400
        ],
        790556058
      ],
      [
        "m",
        [
          10,
          260,
          400
        ],
        790556058
      ],
      [
        "m",
        [
          10,
          261,
          400
        ],
        790556058
      ],
      [
        "m",
        [
          10,
          262,
          400
        ],
        790556364
      ],
      [
        "m",
        [
          10,
          263,
          400
        ],
        790556364
      ],
      [
        "m",
        [
          10,
          264,
          400
        ],
        790556364
      ],
      [
        "m",
        [
          10,
          265,
          400
        ],
        790556364
      ],
      [
        "m",
        [
          10,
          266,
          400
        ],
        790556364
      ],
      [
        "m",
        [
          10,
          267,
          400
        ],
        790556364
      ],
      [
        "m",
        [
          10,
          268,
          400
        ],
        790556364
      ],
      [
        "m",
        [
          10,
          269,
          400
        ],
        790556058
      ],
      [
        "m",
        [
          10,
          270,
          400
        ],
        790556058
      ],
      [
        "m",
        [
          10,
          271,
          400
        ],
        790556076
      ],
      [
        "m",
        [
          10,
          272,
          400
        ],
        790556076
      ],
      [
        "m",
        [
          10,
          273,
          400
        ],
        790556076
      ],
      [
        "m",
        [
          10,
          274,
          400
        ],
        790556364
      ],
      [
        "m",
        [
          10,
          275,
          400
        ],
        790556364
      ],
      [
        "m",
        [
          10,
          276,
          400
        ],
        790556364
      ],
      [
        "m",
        [
          10,
          277,
          400
        ],
        790556364
      ],
      [
        "m",
        [
          10,
          278,
          400
        ],
        790556364
      ],
      [
        "m",
        [
          10,
          227,
          401
        ],
        790556058
      ],
      [
        "m",
        [
          10,
          228,
          401
        ],
        790556058
      ],
      [
        "m",
        [
          10,
          229,
          401
        ],
        790556058
      ],
      [
        "m",
        [
          10,
          230,
          401
        ],
        790556058
      ],
      [
        "m",
        [
          10,
          231,
          401
        ],
        790556058
      ],
      [
        "m",
        [
          10,
          232,
          401
        ],
        790556364
      ],
      [
        "m",
        [
          10,
          233,
          401
        ],
        790556364
      ],
      [
        "m",
        [
          10,
          234,
          401
        ],
        790556364
      ],
      [
        "m",
        [
          10,
          235,
          401
        ],
        790556364
      ],
      [
        "m",
        [
          10,
          236,
          401
        ],
        790556364
      ],
      [
        "m",
        [
          10,
          237,
          401
        ],
        790556418
      ],
      [
        "m",
        [
          10,
          238,
          401
        ],
        790556418
      ],
      [
        "m",
        [
          10,
          239,
          401
        ],
        790556418
      ],
      [
        "m",
        [
          10,
          240,
          401
        ],
        790556364
      ],
      [
        "m",
        [
          10,
          241,
          401
        ],
        790556274
      ],
      [
        "m",
        [
          10,
          242,
          401
        ],
        790556418
      ],
      [
        "m",
        [
          10,
          243,
          401
        ],
        790556418
      ],
      [
        "m",
        [
          10,
          244,
          401
        ],
        790556418
      ],
      [
        "m",
        [
          10,
          245,
          401
        ],
        790556418
      ],
      [
        "m",
        [
          10,
          246,
          401
        ],
        790556166
      ],
      [
        "m",
        [
          10,
          247,
          401
        ],
        790556058
      ],
      [
        "m",
        [
          10,
          248,
          401
        ],
        790556058
      ],
      [
        "m",
        [
          10,
          249,
          401
        ],
        790556058
      ],
      [
        "m",
        [
          10,
          250,
          401
        ],
        790556058
      ],
      [
        "m",
        [
          10,
          251,
          401
        ],
        790556058
      ],
      [
        "m",
        [
          10,
          252,
          401
        ],
        790556058
      ],
      [
        "m",
        [
          10,
          253,
          401
        ],
        790556058
      ],
      [
        "m",
        [
          10,
          254,
          401
        ],
        790556058
      ],
      [
        "m",
        [
          10,
          255,
          401
        ],
        790556166
      ],
      [
        "m",
        [
          10,
          256,
          401
        ],
        790556166
      ],
      [
        "m",
        [
          10,
          257,
          401
        ],
        790556166
      ],
      [
        "m",
        [
          10,
          258,
          401
        ],
        790556058
      ],
      [
        "m",
        [
          10,
          259,
          401
        ],
        790556058
      ],
      [
        "m",
        [
          10,
          260,
          401
        ],
        790556058
      ],
      [
        "m",
        [
          10,
          261,
          401
        ],
        790556058
      ],
      [
        "m",
        [
          10,
          262,
          401
        ],
        790556274
      ],
      [
        "m",
        [
          10,
          263,
          401
        ],
        790556364
      ],
      [
        "m",
        [
          10,
          264,
          401
        ],
        790556364
      ],
      [
        "m",
        [
          10,
          265,
          401
        ],
        790556364
      ],
      [
        "m",
        [
          10,
          266,
          401
        ],
        790556364
      ],
      [
        "m",
        [
          10,
          267,
          401
        ],
        790556364
      ],
      [
        "m",
        [
          10,
          268,
          401
        ],
        790556364
      ],
      [
        "m",
        [
          10,
          269,
          401
        ],
        790556364
      ],
      [
        "m",
        [
          10,
          270,
          401
        ],
        790556364
      ],
      [
        "m",
        [
          10,
          271,
          401
        ],
        790556364
      ],
      [
        "m",
        [
          10,
          272,
          401
        ],
        790556364
      ],
      [
        "m",
        [
          10,
          273,
          401
        ],
        790556166
      ],
      [
        "m",
        [
          10,
          274,
          401
        ],
        790556364
      ],
      [
        "m",
        [
          10,
          275,
          401
        ],
        790556364
      ],
      [
        "m",
        [
          10,
          276,
          401
        ],
        790556364
      ],
      [
        "m",
        [
          10,
          277,
          401
        ],
        790556364
      ],
      [
        "m",
        [
          10,
          278,
          401
        ],
        790556058
      ],
      [
        "m",
        [
          10,
          227,
          402
        ],
        790556058
      ],
      [
        "m",
        [
          10,
          228,
          402
        ],
        790556058
      ],
      [
        "m",
        [
          10,
          229,
          402
        ],
        790556364
      ],
      [
        "m",
        [
          10,
          230,
          402
        ],
        790556364
      ],
      [
        "m",
        [
          10,
          231,
          402
        ],
        790556364
      ],
      [
        "m",
        [
          10,
          232,
          402
        ],
        790556364
      ],
      [
        "m",
        [
          10,
          233,
          402
        ],
        790556364
      ],
      [
        "m",
        [
          10,
          234,
          402
        ],
        790556364
      ],
      [
        "m",
        [
          10,
          235,
          402
        ],
        790556364
      ],
      [
        "m",
        [
          10,
          236,
          402
        ],
        790556364
      ],
      [
        "m",
        [
          10,
          237,
          402
        ],
        790556418
      ],
      [
        "m",
        [
          10,
          238,
          402
        ],
        790556418
      ],
      [
        "m",
        [
          10,
          239,
          402
        ],
        790556418
      ],
      [
        "m",
        [
          10,
          240,
          402
        ],
        790556364
      ],
      [
        "m",
        [
          10,
          241,
          402
        ],
        790556274
      ],
      [
        "m",
        [
          10,
          242,
          402
        ],
        790556364
      ],
      [
        "m",
        [
          10,
          243,
          402
        ],
        790556364
      ],
      [
        "m",
        [
          10,
          244,
          402
        ],
        790556364
      ],
      [
        "m",
        [
          10,
          245,
          402
        ],
        790556364
      ],
      [
        "m",
        [
          10,
          246,
          402
        ],
        790556058
      ],
      [
        "m",
        [
          10,
          247,
          402
        ],
        790555512
      ],
      [
        "m",
        [
          10,
          248,
          402
        ],
        790556058
      ],
      [
        "m",
        [
          10,
          249,
          402
        ],
        790556058
      ],
      [
        "m",
        [
          10,
          250,
          402
        ],
        790556058
      ],
      [
        "m",
        [
          10,
          251,
          402
        ],
        790556058
      ],
      [
        "m",
        [
          10,
          252,
          402
        ],
        790556058
      ],
      [
        "m",
        [
          10,
          253,
          402
        ],
        790556058
      ],
      [
        "m",
        [
          10,
          254,
          402
        ],
        790556058
      ],
      [
        "m",
        [
          10,
          255,
          402
        ],
        790556166
      ],
      [
        "m",
        [
          10,
          256,
          402
        ],
        790556166
      ],
      [
        "m",
        [
          10,
          257,
          402
        ],
        790556166
      ],
      [
        "m",
        [
          10,
          258,
          402
        ],
        790556058
      ],
      [
        "m",
        [
          10,
          259,
          402
        ],
        790556058
      ],
      [
        "m",
        [
          10,
          260,
          402
        ],
        790556472
      ],
      [
        "m",
        [
          10,
          261,
          402
        ],
        790556472
      ],
      [
        "m",
        [
          10,
          262,
          402
        ],
        790556472
      ],
      [
        "m",
        [
          10,
          263,
          402
        ],
        790556364
      ],
      [
        "m",
        [
          10,
          264,
          402
        ],
        790556364
      ],
      [
        "m",
        [
          10,
          265,
          402
        ],
        790556364
      ],
      [
        "m",
        [
          10,
          266,
          402
        ],
        790556364
      ],
      [
        "m",
        [
          10,
          267,
          402
        ],
        790556364
      ],
      [
        "m",
        [
          10,
          268,
          402
        ],
        790556364
      ],
      [
        "m",
        [
          10,
          269,
          402
        ],
        790556364
      ],
      [
        "m",
        [
          10,
          270,
          402
        ],
        790556364
      ],
      [
        "m",
        [
          10,
          271,
          402
        ],
        790556364
      ],
      [
        "m",
        [
          10,
          272,
          402
        ],
        790556364
      ],
      [
        "m",
        [
          10,
          273,
          402
        ],
        790556166
      ],
      [
        "m",
        [
          10,
          274,
          402
        ],
        790556364
      ],
      [
        "m",
        [
          10,
          275,
          402
        ],
        790556364
      ],
      [
        "m",
        [
          10,
          276,
          402
        ],
        790556364
      ],
      [
        "m",
        [
          10,
          277,
          402
        ],
        790556364
      ],
      [
        "m",
        [
          10,
          278,
          402
        ],
        790556274
      ],
      [
        "m",
        [
          10,
          227,
          403
        ],
        790556058
      ],
      [
        "m",
        [
          10,
          228,
          403
        ],
        790556058
      ],
      [
        "m",
        [
          10,
          229,
          403
        ],
        790556364
      ],
      [
        "m",
        [
          10,
          230,
          403
        ],
        790556364
      ],
      [
        "m",
        [
          10,
          231,
          403
        ],
        790556364
      ],
      [
        "m",
        [
          10,
          232,
          403
        ],
        790556364
      ],
      [
        "m",
        [
          10,
          233,
          403
        ],
        790556364
      ],
      [
        "m",
        [
          10,
          234,
          403
        ],
        790556364
      ],
      [
        "m",
        [
          10,
          235,
          403
        ],
        790556364
      ],
      [
        "m",
        [
          10,
          236,
          403
        ],
        790556364
      ],
      [
        "m",
        [
          10,
          237,
          403
        ],
        790556418
      ],
      [
        "m",
        [
          10,
          238,
          403
        ],
        790556418
      ],
      [
        "m",
        [
          10,
          239,
          403
        ],
        790556418
      ],
      [
        "m",
        [
          10,
          240,
          403
        ],
        790556364
      ],
      [
        "m",
        [
          10,
          241,
          403
        ],
        790556274
      ],
      [
        "m",
        [
          10,
          242,
          403
        ],
        790556364
      ],
      [
        "m",
        [
          10,
          243,
          403
        ],
        790556364
      ],
      [
        "m",
        [
          10,
          244,
          403
        ],
        790556364
      ],
      [
        "m",
        [
          10,
          245,
          403
        ],
        790555512
      ],
      [
        "m",
        [
          10,
          246,
          403
        ],
        790556472
      ],
      [
        "m",
        [
          10,
          247,
          403
        ],
        790556472
      ],
      [
        "m",
        [
          10,
          248,
          403
        ],
        790556472
      ],
      [
        "m",
        [
          10,
          249,
          403
        ],
        790556058
      ],
      [
        "m",
        [
          10,
          250,
          403
        ],
        790556058
      ],
      [
        "m",
        [
          10,
          251,
          403
        ],
        790556058
      ],
      [
        "m",
        [
          10,
          252,
          403
        ],
        790556058
      ],
      [
        "m",
        [
          10,
          253,
          403
        ],
        790556058
      ],
      [
        "m",
        [
          10,
          254,
          403
        ],
        790556058
      ],
      [
        "m",
        [
          10,
          255,
          403
        ],
        790556166
      ],
      [
        "m",
        [
          10,
          256,
          403
        ],
        790556364
      ],
      [
        "m",
        [
          10,
          257,
          403
        ],
        790556364
      ],
      [
        "m",
        [
          10,
          258,
          403
        ],
        790556364
      ],
      [
        "m",
        [
          10,
          259,
          403
        ],
        790556058
      ],
      [
        "m",
        [
          10,
          260,
          403
        ],
        790556472
      ],
      [
        "m",
        [
          10,
          261,
          403
        ],
        790556472
      ],
      [
        "m",
        [
          10,
          262,
          403
        ],
        790556472
      ],
      [
        "m",
        [
          10,
          263,
          403
        ],
        790556364
      ],
      [
        "m",
        [
          10,
          264,
          403
        ],
        790556364
      ],
      [
        "m",
        [
          10,
          265,
          403
        ],
        790556364
      ],
      [
        "m",
        [
          10,
          266,
          403
        ],
        790556364
      ],
      [
        "m",
        [
          10,
          267,
          403
        ],
        790556364
      ],
      [
        "m",
        [
          10,
          268,
          403
        ],
        790556364
      ],
      [
        "m",
        [
          10,
          269,
          403
        ],
        790556364
      ],
      [
        "m",
        [
          10,
          270,
          403
        ],
        790556364
      ],
      [
        "m",
        [
          10,
          271,
          403
        ],
        790556364
      ],
      [
        "m",
        [
          10,
          272,
          403
        ],
        790556364
      ],
      [
        "m",
        [
          10,
          273,
          403
        ],
        790556166
      ],
      [
        "m",
        [
          10,
          274,
          403
        ],
        790556166
      ],
      [
        "m",
        [
          10,
          275,
          403
        ],
        790556364
      ],
      [
        "m",
        [
          10,
          276,
          403
        ],
        790556364
      ],
      [
        "m",
        [
          10,
          277,
          403
        ],
        790556364
      ],
      [
        "m",
        [
          10,
          278,
          403
        ],
        790556274
      ],
      [
        "m",
        [
          10,
          227,
          404
        ],
        790556058
      ],
      [
        "m",
        [
          10,
          228,
          404
        ],
        790556058
      ],
      [
        "m",
        [
          10,
          229,
          404
        ],
        790556364
      ],
      [
        "m",
        [
          10,
          230,
          404
        ],
        790556364
      ],
      [
        "m",
        [
          10,
          231,
          404
        ],
        790556364
      ],
      [
        "m",
        [
          10,
          232,
          404
        ],
        790556364
      ],
      [
        "m",
        [
          10,
          233,
          404
        ],
        790556364
      ],
      [
        "m",
        [
          10,
          234,
          404
        ],
        790556364
      ],
      [
        "m",
        [
          10,
          235,
          404
        ],
        790556364
      ],
      [
        "m",
        [
          10,
          236,
          404
        ],
        790556364
      ],
      [
        "m",
        [
          10,
          237,
          404
        ],
        790556364
      ],
      [
        "m",
        [
          10,
          238,
          404
        ],
        790556112
      ],
      [
        "m",
        [
          10,
          239,
          404
        ],
        790556112
      ],
      [
        "m",
        [
          10,
          240,
          404
        ],
        790556112
      ],
      [
        "m",
        [
          10,
          241,
          404
        ],
        790556058
      ],
      [
        "m",
        [
          10,
          242,
          404
        ],
        790556364
      ],
      [
        "m",
        [
          10,
          243,
          404
        ],
        790556364
      ],
      [
        "m",
        [
          10,
          244,
          404
        ],
        790556364
      ],
      [
        "m",
        [
          10,
          245,
          404
        ],
        790555512
      ],
      [
        "m",
        [
          10,
          246,
          404
        ],
        790556472
      ],
      [
        "m",
        [
          10,
          247,
          404
        ],
        790556472
      ],
      [
        "m",
        [
          10,
          248,
          404
        ],
        790556472
      ],
      [
        "m",
        [
          10,
          249,
          404
        ],
        790556166
      ],
      [
        "m",
        [
          10,
          250,
          404
        ],
        790556058
      ],
      [
        "m",
        [
          10,
          251,
          404
        ],
        790556058
      ],
      [
        "m",
        [
          10,
          252,
          404
        ],
        790556058
      ],
      [
        "m",
        [
          10,
          253,
          404
        ],
        790556058
      ],
      [
        "m",
        [
          10,
          254,
          404
        ],
        790556058
      ],
      [
        "m",
        [
          10,
          255,
          404
        ],
        790556364
      ],
      [
        "m",
        [
          10,
          256,
          404
        ],
        790556364
      ],
      [
        "m",
        [
          10,
          257,
          404
        ],
        790556364
      ],
      [
        "m",
        [
          10,
          258,
          404
        ],
        790556364
      ],
      [
        "m",
        [
          10,
          259,
          404
        ],
        790556058
      ],
      [
        "m",
        [
          10,
          260,
          404
        ],
        790556472
      ],
      [
        "m",
        [
          10,
          261,
          404
        ],
        790556472
      ],
      [
        "m",
        [
          10,
          262,
          404
        ],
        790556472
      ],
      [
        "m",
        [
          10,
          263,
          404
        ],
        790556364
      ],
      [
        "m",
        [
          10,
          264,
          404
        ],
        790556364
      ],
      [
        "m",
        [
          10,
          265,
          404
        ],
        790556364
      ],
      [
        "m",
        [
          10,
          266,
          404
        ],
        790556364
      ],
      [
        "m",
        [
          10,
          267,
          404
        ],
        790556364
      ],
      [
        "m",
        [
          10,
          268,
          404
        ],
        790556364
      ],
      [
        "m",
        [
          10,
          269,
          404
        ],
        790556364
      ],
      [
        "m",
        [
          10,
          270,
          404
        ],
        790556364
      ],
      [
        "m",
        [
          10,
          271,
          404
        ],
        790556058
      ],
      [
        "m",
        [
          10,
          272,
          404
        ],
        790556058
      ],
      [
        "m",
        [
          10,
          273,
          404
        ],
        790556058
      ],
      [
        "m",
        [
          10,
          274,
          404
        ],
        790556058
      ],
      [
        "m",
        [
          10,
          275,
          404
        ],
        790556238
      ],
      [
        "m",
        [
          10,
          276,
          404
        ],
        790556274
      ],
      [
        "m",
        [
          10,
          277,
          404
        ],
        790556274
      ],
      [
        "m",
        [
          10,
          278,
          404
        ],
        790556274
      ],
      [
        "m",
        [
          9,
          113,
          191
        ],
        790555788
      ],
      [
        "m",
        [
          9,
          114,
          191
        ],
        790556058
      ],
      [
        "m",
        [
          9,
          115,
          191
        ],
        790556058
      ],
      [
        "m",
        [
          9,
          116,
          191
        ],
        790556058
      ],
      [
        "m",
        [
          9,
          117,
          191
        ],
        790556418
      ],
      [
        "m",
        [
          9,
          118,
          191
        ],
        790556418
      ],
      [
        "m",
        [
          9,
          119,
          191
        ],
        790556418
      ],
      [
        "m",
        [
          9,
          120,
          191
        ],
        790556364
      ],
      [
        "m",
        [
          9,
          121,
          191
        ],
        790556238
      ],
      [
        "m",
        [
          9,
          122,
          191
        ],
        790556238
      ],
      [
        "m",
        [
          9,
          123,
          191
        ],
        790556238
      ],
      [
        "m",
        [
          9,
          124,
          191
        ],
        790556238
      ],
      [
        "m",
        [
          9,
          125,
          191
        ],
        790556418
      ],
      [
        "m",
        [
          9,
          126,
          191
        ],
        790556418
      ],
      [
        "m",
        [
          9,
          127,
          191
        ],
        790556418
      ],
      [
        "m",
        [
          9,
          128,
          191
        ],
        790556238
      ],
      [
        "m",
        [
          9,
          129,
          191
        ],
        790556472
      ],
      [
        "m",
        [
          9,
          130,
          191
        ],
        790556472
      ],
      [
        "m",
        [
          9,
          131,
          191
        ],
        790556472
      ],
      [
        "m",
        [
          9,
          132,
          191
        ],
        790556364
      ],
      [
        "m",
        [
          9,
          133,
          191
        ],
        790556238
      ],
      [
        "m",
        [
          9,
          134,
          191
        ],
        790556238
      ],
      [
        "m",
        [
          9,
          135,
          191
        ],
        790556418
      ],
      [
        "m",
        [
          9,
          136,
          191
        ],
        790556418
      ],
      [
        "m",
        [
          9,
          137,
          191
        ],
        790556418
      ],
      [
        "m",
        [
          9,
          138,
          191
        ],
        790556418
      ],
      [
        "m",
        [
          9,
          139,
          191
        ],
        790556418
      ],
      [
        "m",
        [
          9,
          113,
          192
        ],
        790556058
      ],
      [
        "m",
        [
          9,
          114,
          192
        ],
        790556058
      ],
      [
        "m",
        [
          9,
          115,
          192
        ],
        790556058
      ],
      [
        "m",
        [
          9,
          116,
          192
        ],
        790556058
      ],
      [
        "m",
        [
          9,
          117,
          192
        ],
        790556418
      ],
      [
        "m",
        [
          9,
          118,
          192
        ],
        790556418
      ],
      [
        "m",
        [
          9,
          119,
          192
        ],
        790556418
      ],
      [
        "m",
        [
          9,
          120,
          192
        ],
        790556364
      ],
      [
        "m",
        [
          9,
          121,
          192
        ],
        790556058
      ],
      [
        "m",
        [
          9,
          122,
          192
        ],
        790556076
      ],
      [
        "m",
        [
          9,
          123,
          192
        ],
        790556238
      ],
      [
        "m",
        [
          9,
          124,
          192
        ],
        790556238
      ],
      [
        "m",
        [
          9,
          125,
          192
        ],
        790556418
      ],
      [
        "m",
        [
          9,
          126,
          192
        ],
        790556418
      ],
      [
        "m",
        [
          9,
          127,
          192
        ],
        790556418
      ],
      [
        "m",
        [
          9,
          128,
          192
        ],
        790556238
      ],
      [
        "m",
        [
          9,
          129,
          192
        ],
        790556364
      ],
      [
        "m",
        [
          9,
          130,
          192
        ],
        790556364
      ],
      [
        "m",
        [
          9,
          131,
          192
        ],
        790556364
      ],
      [
        "m",
        [
          9,
          132,
          192
        ],
        790556238
      ],
      [
        "m",
        [
          9,
          133,
          192
        ],
        790556238
      ],
      [
        "m",
        [
          9,
          134,
          192
        ],
        790556238
      ],
      [
        "m",
        [
          9,
          135,
          192
        ],
        790556418
      ],
      [
        "m",
        [
          9,
          136,
          192
        ],
        790556472
      ],
      [
        "m",
        [
          9,
          137,
          192
        ],
        790556472
      ],
      [
        "m",
        [
          9,
          138,
          192
        ],
        790556472
      ],
      [
        "m",
        [
          9,
          139,
          192
        ],
        790556418
      ],
      [
        "m",
        [
          9,
          113,
          193
        ],
        790556058
      ],
      [
        "m",
        [
          9,
          114,
          193
        ],
        790556058
      ],
      [
        "m",
        [
          9,
          115,
          193
        ],
        790556058
      ],
      [
        "m",
        [
          9,
          116,
          193
        ],
        790556058
      ],
      [
        "m",
        [
          9,
          117,
          193
        ],
        790556418
      ],
      [
        "m",
        [
          9,
          118,
          193
        ],
        790556418
      ],
      [
        "m",
        [
          9,
          119,
          193
        ],
        790556418
      ],
      [
        "m",
        [
          9,
          120,
          193
        ],
        790556364
      ],
      [
        "m",
        [
          9,
          121,
          193
        ],
        790556058
      ],
      [
        "m",
        [
          9,
          122,
          193
        ],
        790556058
      ],
      [
        "m",
        [
          9,
          123,
          193
        ],
        790556058
      ],
      [
        "m",
        [
          9,
          124,
          193
        ],
        790556058
      ],
      [
        "m",
        [
          9,
          125,
          193
        ],
        790556058
      ],
      [
        "m",
        [
          9,
          126,
          193
        ],
        790556058
      ],
      [
        "m",
        [
          9,
          127,
          193
        ],
        790556238
      ],
      [
        "m",
        [
          9,
          128,
          193
        ],
        790556238
      ],
      [
        "m",
        [
          9,
          129,
          193
        ],
        790556364
      ],
      [
        "m",
        [
          9,
          130,
          193
        ],
        790556364
      ],
      [
        "m",
        [
          9,
          131,
          193
        ],
        790556364
      ],
      [
        "m",
        [
          9,
          132,
          193
        ],
        790556364
      ],
      [
        "m",
        [
          9,
          133,
          193
        ],
        790556364
      ],
      [
        "m",
        [
          9,
          134,
          193
        ],
        790556364
      ],
      [
        "m",
        [
          9,
          135,
          193
        ],
        790556418
      ],
      [
        "m",
        [
          9,
          136,
          193
        ],
        790556472
      ],
      [
        "m",
        [
          9,
          137,
          193
        ],
        790556472
      ],
      [
        "m",
        [
          9,
          138,
          193
        ],
        790556472
      ],
      [
        "m",
        [
          9,
          139,
          193
        ],
        790556418
      ],
      [
        "m",
        [
          9,
          113,
          194
        ],
        790556058
      ],
      [
        "m",
        [
          9,
          114,
          194
        ],
        790556058
      ],
      [
        "m",
        [
          9,
          115,
          194
        ],
        790556058
      ],
      [
        "m",
        [
          9,
          116,
          194
        ],
        790556058
      ],
      [
        "m",
        [
          9,
          117,
          194
        ],
        790555620
      ],
      [
        "m",
        [
          9,
          118,
          194
        ],
        790556058
      ],
      [
        "m",
        [
          9,
          119,
          194
        ],
        790556058
      ],
      [
        "m",
        [
          9,
          120,
          194
        ],
        790556058
      ],
      [
        "m",
        [
          9,
          121,
          194
        ],
        790556058
      ],
      [
        "m",
        [
          9,
          122,
          194
        ],
        790556058
      ],
      [
        "m",
        [
          9,
          123,
          194
        ],
        790556058
      ],
      [
        "m",
        [
          9,
          124,
          194
        ],
        790556058
      ],
      [
        "m",
        [
          9,
          125,
          194
        ],
        790556058
      ],
      [
        "m",
        [
          9,
          126,
          194
        ],
        790556166
      ],
      [
        "m",
        [
          9,
          127,
          194
        ],
        790556166
      ],
      [
        "m",
        [
          9,
          128,
          194
        ],
        790556166
      ],
      [
        "m",
        [
          9,
          129,
          194
        ],
        790556364
      ],
      [
        "m",
        [
          9,
          130,
          194
        ],
        790556364
      ],
      [
        "m",
        [
          9,
          131,
          194
        ],
        790556364
      ],
      [
        "m",
        [
          9,
          132,
          194
        ],
        790556364
      ],
      [
        "m",
        [
          9,
          133,
          194
        ],
        790556364
      ],
      [
        "m",
        [
          9,
          134,
          194
        ],
        790556418
      ],
      [
        "m",
        [
          9,
          135,
          194
        ],
        790556418
      ],
      [
        "m",
        [
          9,
          136,
          194
        ],
        790556472
      ],
      [
        "m",
        [
          9,
          137,
          194
        ],
        790556472
      ],
      [
        "m",
        [
          9,
          138,
          194
        ],
        790556472
      ],
      [
        "m",
        [
          9,
          139,
          194
        ],
        790556418
      ],
      [
        "m",
        [
          9,
          113,
          195
        ],
        790556058
      ],
      [
        "m",
        [
          9,
          114,
          195
        ],
        790556058
      ],
      [
        "m",
        [
          9,
          115,
          195
        ],
        790556058
      ],
      [
        "m",
        [
          9,
          116,
          195
        ],
        790556058
      ],
      [
        "m",
        [
          9,
          117,
          195
        ],
        790555620
      ],
      [
        "m",
        [
          9,
          118,
          195
        ],
        790556058
      ],
      [
        "m",
        [
          9,
          119,
          195
        ],
        790556058
      ],
      [
        "m",
        [
          9,
          120,
          195
        ],
        790556058
      ],
      [
        "m",
        [
          9,
          121,
          195
        ],
        790556058
      ],
      [
        "m",
        [
          9,
          122,
          195
        ],
        790556058
      ],
      [
        "m",
        [
          9,
          123,
          195
        ],
        790556058
      ],
      [
        "m",
        [
          9,
          124,
          195
        ],
        790556058
      ],
      [
        "m",
        [
          9,
          125,
          195
        ],
        790556058
      ],
      [
        "m",
        [
          9,
          126,
          195
        ],
        790556166
      ],
      [
        "m",
        [
          9,
          127,
          195
        ],
        790556166
      ],
      [
        "m",
        [
          9,
          128,
          195
        ],
        790556166
      ],
      [
        "m",
        [
          9,
          129,
          195
        ],
        790556058
      ],
      [
        "m",
        [
          9,
          130,
          195
        ],
        790556058
      ],
      [
        "m",
        [
          9,
          131,
          195
        ],
        790555968
      ],
      [
        "m",
        [
          9,
          132,
          195
        ],
        790556364
      ],
      [
        "m",
        [
          9,
          133,
          195
        ],
        790556364
      ],
      [
        "m",
        [
          9,
          134,
          195
        ],
        790556418
      ],
      [
        "m",
        [
          9,
          135,
          195
        ],
        790556418
      ],
      [
        "m",
        [
          9,
          136,
          195
        ],
        790556418
      ],
      [
        "m",
        [
          9,
          137,
          195
        ],
        790556418
      ],
      [
        "m",
        [
          9,
          138,
          195
        ],
        790556418
      ],
      [
        "m",
        [
          9,
          139,
          195
        ],
        790556418
      ],
      [
        "m",
        [
          9,
          113,
          196
        ],
        790555512
      ],
      [
        "m",
        [
          9,
          114,
          196
        ],
        790556058
      ],
      [
        "m",
        [
          9,
          115,
          196
        ],
        790556058
      ],
      [
        "m",
        [
          9,
          116,
          196
        ],
        790556058
      ],
      [
        "m",
        [
          9,
          117,
          196
        ],
        790555620
      ],
      [
        "m",
        [
          9,
          118,
          196
        ],
        790556058
      ],
      [
        "m",
        [
          9,
          119,
          196
        ],
        790556058
      ],
      [
        "m",
        [
          9,
          120,
          196
        ],
        790556058
      ],
      [
        "m",
        [
          9,
          121,
          196
        ],
        790556058
      ],
      [
        "m",
        [
          9,
          122,
          196
        ],
        790556058
      ],
      [
        "m",
        [
          9,
          123,
          196
        ],
        790556058
      ],
      [
        "m",
        [
          9,
          124,
          196
        ],
        790556058
      ],
      [
        "m",
        [
          9,
          125,
          196
        ],
        790556058
      ],
      [
        "m",
        [
          9,
          126,
          196
        ],
        790556166
      ],
      [
        "m",
        [
          9,
          127,
          196
        ],
        790556166
      ],
      [
        "m",
        [
          9,
          128,
          196
        ],
        790556166
      ],
      [
        "m",
        [
          9,
          129,
          196
        ],
        790555512
      ],
      [
        "m",
        [
          9,
          130,
          196
        ],
        790555512
      ],
      [
        "m",
        [
          9,
          131,
          196
        ],
        790555968
      ],
      [
        "m",
        [
          9,
          132,
          196
        ],
        790556364
      ],
      [
        "m",
        [
          9,
          133,
          196
        ],
        790556364
      ],
      [
        "m",
        [
          9,
          134,
          196
        ],
        790556418
      ],
      [
        "m",
        [
          9,
          135,
          196
        ],
        790556418
      ],
      [
        "m",
        [
          9,
          136,
          196
        ],
        790556418
      ],
      [
        "m",
        [
          9,
          137,
          196
        ],
        790556274
      ],
      [
        "m",
        [
          9,
          138,
          196
        ],
        790556058
      ],
      [
        "m",
        [
          9,
          139,
          196
        ],
        790556058
      ],
      [
        "m",
        [
          9,
          113,
          197
        ],
        790556058
      ],
      [
        "m",
        [
          9,
          114,
          197
        ],
        790556058
      ],
      [
        "m",
        [
          9,
          115,
          197
        ],
        790556058
      ],
      [
        "m",
        [
          9,
          116,
          197
        ],
        790556058
      ],
      [
        "m",
        [
          9,
          117,
          197
        ],
        790556058
      ],
      [
        "m",
        [
          9,
          118,
          197
        ],
        790556058
      ],
      [
        "m",
        [
          9,
          119,
          197
        ],
        790556058
      ],
      [
        "m",
        [
          9,
          120,
          197
        ],
        790556058
      ],
      [
        "m",
        [
          9,
          121,
          197
        ],
        790556058
      ],
      [
        "m",
        [
          9,
          122,
          197
        ],
        790556058
      ],
      [
        "m",
        [
          9,
          123,
          197
        ],
        790556058
      ],
      [
        "m",
        [
          9,
          124,
          197
        ],
        790556058
      ],
      [
        "m",
        [
          9,
          125,
          197
        ],
        790556058
      ],
      [
        "m",
        [
          9,
          126,
          197
        ],
        790556058
      ],
      [
        "m",
        [
          9,
          127,
          197
        ],
        790556058
      ],
      [
        "m",
        [
          9,
          128,
          197
        ],
        790556058
      ],
      [
        "m",
        [
          9,
          129,
          197
        ],
        790556058
      ],
      [
        "m",
        [
          9,
          130,
          197
        ],
        790556364
      ],
      [
        "m",
        [
          9,
          131,
          197
        ],
        790556364
      ],
      [
        "m",
        [
          9,
          132,
          197
        ],
        790556364
      ],
      [
        "m",
        [
          9,
          133,
          197
        ],
        790556274
      ],
      [
        "m",
        [
          9,
          134,
          197
        ],
        790556274
      ],
      [
        "m",
        [
          9,
          135,
          197
        ],
        790556166
      ],
      [
        "m",
        [
          9,
          136,
          197
        ],
        790556166
      ],
      [
        "m",
        [
          9,
          137,
          197
        ],
        790555512
      ],
      [
        "m",
        [
          9,
          138,
          197
        ],
        790556058
      ],
      [
        "m",
        [
          9,
          139,
          197
        ],
        790556058
      ],
      [
        "m",
        [
          9,
          113,
          198
        ],
        790556058
      ],
      [
        "m",
        [
          9,
          114,
          198
        ],
        790556058
      ],
      [
        "m",
        [
          9,
          115,
          198
        ],
        790556058
      ],
      [
        "m",
        [
          9,
          116,
          198
        ],
        790556058
      ],
      [
        "m",
        [
          9,
          117,
          198
        ],
        790556058
      ],
      [
        "m",
        [
          9,
          118,
          198
        ],
        790556058
      ],
      [
        "m",
        [
          9,
          119,
          198
        ],
        790556472
      ],
      [
        "m",
        [
          9,
          120,
          198
        ],
        790556472
      ],
      [
        "m",
        [
          9,
          121,
          198
        ],
        790556472
      ],
      [
        "m",
        [
          9,
          122,
          198
        ],
        790556472
      ],
      [
        "m",
        [
          9,
          123,
          198
        ],
        790556058
      ],
      [
        "m",
        [
          9,
          124,
          198
        ],
        790556058
      ],
      [
        "m",
        [
          9,
          125,
          198
        ],
        790556166
      ],
      [
        "m",
        [
          9,
          126,
          198
        ],
        790556166
      ],
      [
        "m",
        [
          9,
          127,
          198
        ],
        790556166
      ],
      [
        "m",
        [
          9,
          128,
          198
        ],
        790556058
      ],
      [
        "m",
        [
          9,
          129,
          198
        ],
        790556058
      ],
      [
        "m",
        [
          9,
          130,
          198
        ],
        790556364
      ],
      [
        "m",
        [
          9,
          131,
          198
        ],
        790556364
      ],
      [
        "m",
        [
          9,
          132,
          198
        ],
        790556364
      ],
      [
        "m",
        [
          9,
          133,
          198
        ],
        790556274
      ],
      [
        "m",
        [
          9,
          134,
          198
        ],
        790556274
      ],
      [
        "m",
        [
          9,
          135,
          198
        ],
        790556166
      ],
      [
        "m",
        [
          9,
          136,
          198
        ],
        790556166
      ],
      [
        "m",
        [
          9,
          137,
          198
        ],
        790556274
      ],
      [
        "m",
        [
          9,
          138,
          198
        ],
        790556274
      ],
      [
        "m",
        [
          9,
          139,
          198
        ],
        790556274
      ],
      [
        "m",
        [
          9,
          113,
          199
        ],
        790556058
      ],
      [
        "m",
        [
          9,
          114,
          199
        ],
        790556058
      ],
      [
        "m",
        [
          9,
          115,
          199
        ],
        790556058
      ],
      [
        "m",
        [
          9,
          116,
          199
        ],
        790556058
      ],
      [
        "m",
        [
          9,
          117,
          199
        ],
        790556058
      ],
      [
        "m",
        [
          9,
          118,
          199
        ],
        790556418
      ],
      [
        "m",
        [
          9,
          119,
          199
        ],
        790556472
      ],
      [
        "m",
        [
          9,
          120,
          199
        ],
        790556472
      ],
      [
        "m",
        [
          9,
          121,
          199
        ],
        790556472
      ],
      [
        "m",
        [
          9,
          122,
          199
        ],
        790556472
      ],
      [
        "m",
        [
          9,
          123,
          199
        ],
        790556418
      ],
      [
        "m",
        [
          9,
          124,
          199
        ],
        790556058
      ],
      [
        "m",
        [
          9,
          125,
          199
        ],
        790556166
      ],
      [
        "m",
        [
          9,
          126,
          199
        ],
        790556166
      ],
      [
        "m",
        [
          9,
          127,
          199
        ],
        790556166
      ],
      [
        "m",
        [
          9,
          128,
          199
        ],
        790556058
      ],
      [
        "m",
        [
          9,
          129,
          199
        ],
        790556058
      ],
      [
        "m",
        [
          9,
          130,
          199
        ],
        790556364
      ],
      [
        "m",
        [
          9,
          131,
          199
        ],
        790556364
      ],
      [
        "m",
        [
          9,
          132,
          199
        ],
        790556364
      ],
      [
        "m",
        [
          9,
          133,
          199
        ],
        790556166
      ],
      [
        "m",
        [
          9,
          134,
          199
        ],
        790556166
      ],
      [
        "m",
        [
          9,
          135,
          199
        ],
        790556058
      ],
      [
        "m",
        [
          9,
          136,
          199
        ],
        790556058
      ],
      [
        "m",
        [
          9,
          137,
          199
        ],
        790556274
      ],
      [
        "m",
        [
          9,
          138,
          199
        ],
        790556274
      ],
      [
        "m",
        [
          9,
          139,
          199
        ],
        790556274
      ],
      [
        "m",
        [
          9,
          113,
          200
        ],
        790555512
      ],
      [
        "m",
        [
          9,
          114,
          200
        ],
        790555512
      ],
      [
        "m",
        [
          9,
          115,
          200
        ],
        790556364
      ],
      [
        "m",
        [
          9,
          116,
          200
        ],
        790556364
      ],
      [
        "m",
        [
          9,
          117,
          200
        ],
        790556364
      ],
      [
        "m",
        [
          9,
          118,
          200
        ],
        790556418
      ],
      [
        "m",
        [
          9,
          119,
          200
        ],
        790556472
      ],
      [
        "m",
        [
          9,
          120,
          200
        ],
        790556472
      ],
      [
        "m",
        [
          9,
          121,
          200
        ],
        790556472
      ],
      [
        "m",
        [
          9,
          122,
          200
        ],
        790556472
      ],
      [
        "m",
        [
          9,
          123,
          200
        ],
        790556418
      ],
      [
        "m",
        [
          9,
          124,
          200
        ],
        790555620
      ],
      [
        "m",
        [
          9,
          125,
          200
        ],
        790556166
      ],
      [
        "m",
        [
          9,
          126,
          200
        ],
        790556166
      ],
      [
        "m",
        [
          9,
          127,
          200
        ],
        790556166
      ],
      [
        "m",
        [
          9,
          128,
          200
        ],
        790556058
      ],
      [
        "m",
        [
          9,
          129,
          200
        ],
        790556058
      ],
      [
        "m",
        [
          9,
          130,
          200
        ],
        790556166
      ],
      [
        "m",
        [
          9,
          131,
          200
        ],
        790556166
      ],
      [
        "m",
        [
          9,
          132,
          200
        ],
        790556166
      ],
      [
        "m",
        [
          9,
          133,
          200
        ],
        790556166
      ],
      [
        "m",
        [
          9,
          134,
          200
        ],
        790556166
      ],
      [
        "m",
        [
          9,
          135,
          200
        ],
        790556058
      ],
      [
        "m",
        [
          9,
          136,
          200
        ],
        790556058
      ],
      [
        "m",
        [
          9,
          137,
          200
        ],
        790556364
      ],
      [
        "m",
        [
          9,
          138,
          200
        ],
        790556364
      ],
      [
        "m",
        [
          9,
          139,
          200
        ],
        790556364
      ],
      [
        "m",
        [
          9,
          113,
          201
        ],
        790556058
      ],
      [
        "m",
        [
          9,
          114,
          201
        ],
        790555512
      ],
      [
        "m",
        [
          9,
          115,
          201
        ],
        790556364
      ],
      [
        "m",
        [
          9,
          116,
          201
        ],
        790556364
      ],
      [
        "m",
        [
          9,
          117,
          201
        ],
        790556364
      ],
      [
        "m",
        [
          9,
          118,
          201
        ],
        790556418
      ],
      [
        "m",
        [
          9,
          119,
          201
        ],
        790556418
      ],
      [
        "m",
        [
          9,
          120,
          201
        ],
        790556418
      ],
      [
        "m",
        [
          9,
          121,
          201
        ],
        790556418
      ],
      [
        "m",
        [
          9,
          122,
          201
        ],
        790556472
      ],
      [
        "m",
        [
          9,
          123,
          201
        ],
        790556472
      ],
      [
        "m",
        [
          9,
          124,
          201
        ],
        790556472
      ],
      [
        "m",
        [
          9,
          125,
          201
        ],
        790556166
      ],
      [
        "m",
        [
          9,
          126,
          201
        ],
        790556058
      ],
      [
        "m",
        [
          9,
          127,
          201
        ],
        790556058
      ],
      [
        "m",
        [
          9,
          128,
          201
        ],
        790556058
      ],
      [
        "m",
        [
          9,
          129,
          201
        ],
        790556058
      ],
      [
        "m",
        [
          9,
          130,
          201
        ],
        790555512
      ],
      [
        "m",
        [
          9,
          131,
          201
        ],
        790556058
      ],
      [
        "m",
        [
          9,
          132,
          201
        ],
        790556166
      ],
      [
        "m",
        [
          9,
          133,
          201
        ],
        790556166
      ],
      [
        "m",
        [
          9,
          134,
          201
        ],
        790556166
      ],
      [
        "m",
        [
          9,
          135,
          201
        ],
        790556058
      ],
      [
        "m",
        [
          9,
          136,
          201
        ],
        790556058
      ],
      [
        "m",
        [
          9,
          137,
          201
        ],
        790556364
      ],
      [
        "m",
        [
          9,
          138,
          201
        ],
        790556364
      ],
      [
        "m",
        [
          9,
          139,
          201
        ],
        790556364
      ],
      [
        "m",
        [
          9,
          113,
          202
        ],
        790556058
      ],
      [
        "m",
        [
          9,
          114,
          202
        ],
        790555512
      ],
      [
        "m",
        [
          9,
          115,
          202
        ],
        790556364
      ],
      [
        "m",
        [
          9,
          116,
          202
        ],
        790556364
      ],
      [
        "m",
        [
          9,
          117,
          202
        ],
        790556364
      ],
      [
        "m",
        [
          9,
          118,
          202
        ],
        790556418
      ],
      [
        "m",
        [
          9,
          119,
          202
        ],
        790556418
      ],
      [
        "m",
        [
          9,
          120,
          202
        ],
        790556418
      ],
      [
        "m",
        [
          9,
          121,
          202
        ],
        790556364
      ],
      [
        "m",
        [
          9,
          122,
          202
        ],
        790556472
      ],
      [
        "m",
        [
          9,
          123,
          202
        ],
        790556472
      ],
      [
        "m",
        [
          9,
          124,
          202
        ],
        790556472
      ],
      [
        "m",
        [
          9,
          125,
          202
        ],
        790556166
      ],
      [
        "m",
        [
          9,
          126,
          202
        ],
        790556058
      ],
      [
        "m",
        [
          9,
          127,
          202
        ],
        790556058
      ],
      [
        "m",
        [
          9,
          128,
          202
        ],
        790556058
      ],
      [
        "m",
        [
          9,
          129,
          202
        ],
        790556058
      ],
      [
        "m",
        [
          9,
          130,
          202
        ],
        790556058
      ],
      [
        "m",
        [
          9,
          131,
          202
        ],
        790556364
      ],
      [
        "m",
        [
          9,
          132,
          202
        ],
        790556364
      ],
      [
        "m",
        [
          9,
          133,
          202
        ],
        790556364
      ],
      [
        "m",
        [
          9,
          134,
          202
        ],
        790556364
      ],
      [
        "m",
        [
          9,
          135,
          202
        ],
        790556364
      ],
      [
        "m",
        [
          9,
          136,
          202
        ],
        790556364
      ],
      [
        "m",
        [
          9,
          137,
          202
        ],
        790556364
      ],
      [
        "m",
        [
          9,
          138,
          202
        ],
        790556364
      ],
      [
        "m",
        [
          9,
          139,
          202
        ],
        790556364
      ],
      [
        "m",
        [
          11,
          480,
          775
        ],
        790556058
      ],
      [
        "m",
        [
          11,
          481,
          775
        ],
        790556058
      ],
      [
        "m",
        [
          11,
          482,
          775
        ],
        790556058
      ],
      [
        "m",
        [
          11,
          483,
          775
        ],
        790556058
      ],
      [
        "m",
        [
          11,
          484,
          775
        ],
        790556058
      ],
      [
        "m",
        [
          11,
          485,
          775
        ],
        790556058
      ],
      [
        "m",
        [
          11,
          486,
          775
        ],
        790556058
      ],
      [
        "m",
        [
          11,
          487,
          775
        ],
        790556058
      ],
      [
        "m",
        [
          11,
          488,
          775
        ],
        790556058
      ],
      [
        "m",
        [
          11,
          489,
          775
        ],
        790555512
      ],
      [
        "m",
        [
          11,
          490,
          775
        ],
        790555512
      ],
      [
        "m",
        [
          11,
          491,
          775
        ],
        790556058
      ],
      [
        "m",
        [
          11,
          492,
          775
        ],
        790556058
      ],
      [
        "m",
        [
          11,
          493,
          775
        ],
        790556058
      ],
      [
        "m",
        [
          11,
          494,
          775
        ],
        790556058
      ],
      [
        "m",
        [
          11,
          495,
          775
        ],
        790556058
      ],
      [
        "m",
        [
          11,
          496,
          775
        ],
        790556058
      ],
      [
        "m",
        [
          11,
          497,
          775
        ],
        790556058
      ],
      [
        "m",
        [
          11,
          498,
          775
        ],
        790556058
      ],
      [
        "m",
        [
          11,
          499,
          775
        ],
        790556058
      ],
      [
        "m",
        [
          11,
          500,
          775
        ],
        790556058
      ],
      [
        "m",
        [
          11,
          501,
          775
        ],
        790556058
      ],
      [
        "m",
        [
          11,
          502,
          775
        ],
        790556058
      ],
      [
        "m",
        [
          11,
          503,
          775
        ],
        790556058
      ],
      [
        "m",
        [
          11,
          504,
          775
        ],
        790556058
      ],
      [
        "m",
        [
          11,
          505,
          775
        ],
        790556058
      ],
      [
        "m",
        [
          11,
          506,
          775
        ],
        790556058
      ],
      [
        "m",
        [
          11,
          507,
          775
        ],
        790556058
      ],
      [
        "m",
        [
          11,
          508,
          775
        ],
        790556058
      ],
      [
        "m",
        [
          11,
          509,
          775
        ],
        790556058
      ],
      [
        "m",
        [
          11,
          510,
          775
        ],
        790556058
      ],
      [
        "m",
        [
          11,
          511,
          775
        ],
        790556058
      ],
      [
        "m",
        [
          11,
          512,
          775
        ],
        790556058
      ],
      [
        "m",
        [
          11,
          513,
          775
        ],
        790556364
      ],
      [
        "m",
        [
          11,
          514,
          775
        ],
        790556364
      ],
      [
        "m",
        [
          11,
          515,
          775
        ],
        790556364
      ],
      [
        "m",
        [
          11,
          516,
          775
        ],
        790556364
      ],
      [
        "m",
        [
          11,
          517,
          775
        ],
        790556058
      ],
      [
        "m",
        [
          11,
          518,
          775
        ],
        790556058
      ],
      [
        "m",
        [
          11,
          519,
          775
        ],
        790556058
      ],
      [
        "m",
        [
          11,
          520,
          775
        ],
        790556058
      ],
      [
        "m",
        [
          11,
          521,
          775
        ],
        790556364
      ],
      [
        "m",
        [
          11,
          522,
          775
        ],
        790556364
      ],
      [
        "m",
        [
          11,
          523,
          775
        ],
        790556364
      ],
      [
        "m",
        [
          11,
          524,
          775
        ],
        790556364
      ],
      [
        "m",
        [
          11,
          525,
          775
        ],
        790556364
      ],
      [
        "m",
        [
          11,
          526,
          775
        ],
        790556364
      ],
      [
        "m",
        [
          11,
          527,
          775
        ],
        790556364
      ],
      [
        "m",
        [
          11,
          528,
          775
        ],
        790556364
      ],
      [
        "m",
        [
          11,
          529,
          775
        ],
        790556364
      ],
      [
        "m",
        [
          11,
          530,
          775
        ],
        790556364
      ],
      [
        "m",
        [
          11,
          531,
          775
        ],
        790556364
      ],
      [
        "m",
        [
          11,
          480,
          776
        ],
        790556058
      ],
      [
        "m",
        [
          11,
          481,
          776
        ],
        790556058
      ],
      [
        "m",
        [
          11,
          482,
          776
        ],
        790556058
      ],
      [
        "m",
        [
          11,
          483,
          776
        ],
        790556058
      ],
      [
        "m",
        [
          11,
          484,
          776
        ],
        790556058
      ],
      [
        "m",
        [
          11,
          485,
          776
        ],
        790556058
      ],
      [
        "m",
        [
          11,
          486,
          776
        ],
        790556058
      ],
      [
        "m",
        [
          11,
          487,
          776
        ],
        790556058
      ],
      [
        "m",
        [
          11,
          488,
          776
        ],
        790556058
      ],
      [
        "m",
        [
          11,
          489,
          776
        ],
        790555512
      ],
      [
        "m",
        [
          11,
          490,
          776
        ],
        790555512
      ],
      [
        "m",
        [
          11,
          491,
          776
        ],
        790556058
      ],
      [
        "m",
        [
          11,
          492,
          776
        ],
        790556058
      ],
      [
        "m",
        [
          11,
          493,
          776
        ],
        790556058
      ],
      [
        "m",
        [
          11,
          494,
          776
        ],
        790556058
      ],
      [
        "m",
        [
          11,
          495,
          776
        ],
        790556058
      ],
      [
        "m",
        [
          11,
          496,
          776
        ],
        790556058
      ],
      [
        "m",
        [
          11,
          497,
          776
        ],
        790556058
      ],
      [
        "m",
        [
          11,
          498,
          776
        ],
        790556058
      ],
      [
        "m",
        [
          11,
          499,
          776
        ],
        790556058
      ],
      [
        "m",
        [
          11,
          500,
          776
        ],
        790556058
      ],
      [
        "m",
        [
          11,
          501,
          776
        ],
        790556058
      ],
      [
        "m",
        [
          11,
          502,
          776
        ],
        790556058
      ],
      [
        "m",
        [
          11,
          503,
          776
        ],
        790556058
      ],
      [
        "m",
        [
          11,
          504,
          776
        ],
        790556058
      ],
      [
        "m",
        [
          11,
          505,
          776
        ],
        790556058
      ],
      [
        "m",
        [
          11,
          506,
          776
        ],
        790556058
      ],
      [
        "m",
        [
          11,
          507,
          776
        ],
        790556058
      ],
      [
        "m",
        [
          11,
          508,
          776
        ],
        790556058
      ],
      [
        "m",
        [
          11,
          509,
          776
        ],
        790556058
      ],
      [
        "m",
        [
          11,
          510,
          776
        ],
        790556058
      ],
      [
        "m",
        [
          11,
          511,
          776
        ],
        790556058
      ],
      [
        "m",
        [
          11,
          512,
          776
        ],
        790556058
      ],
      [
        "m",
        [
          11,
          513,
          776
        ],
        790556364
      ],
      [
        "m",
        [
          11,
          514,
          776
        ],
        790556364
      ],
      [
        "m",
        [
          11,
          515,
          776
        ],
        790556364
      ],
      [
        "m",
        [
          11,
          516,
          776
        ],
        790556364
      ],
      [
        "m",
        [
          11,
          517,
          776
        ],
        790556058
      ],
      [
        "m",
        [
          11,
          518,
          776
        ],
        790556058
      ],
      [
        "m",
        [
          11,
          519,
          776
        ],
        790556058
      ],
      [
        "m",
        [
          11,
          520,
          776
        ],
        790556058
      ],
      [
        "m",
        [
          11,
          521,
          776
        ],
        790556364
      ],
      [
        "m",
        [
          11,
          522,
          776
        ],
        790556364
      ],
      [
        "m",
        [
          11,
          523,
          776
        ],
        790556364
      ],
      [
        "m",
        [
          11,
          524,
          776
        ],
        790556364
      ],
      [
        "m",
        [
          11,
          525,
          776
        ],
        790556364
      ],
      [
        "m",
        [
          11,
          526,
          776
        ],
        790556364
      ],
      [
        "m",
        [
          11,
          527,
          776
        ],
        790556364
      ],
      [
        "m",
        [
          11,
          528,
          776
        ],
        790556364
      ],
      [
        "m",
        [
          11,
          529,
          776
        ],
        790556364
      ],
      [
        "m",
        [
          11,
          530,
          776
        ],
        790556364
      ],
      [
        "m",
        [
          11,
          531,
          776
        ],
        790556364
      ],
      [
        "m",
        [
          11,
          480,
          777
        ],
        790556058
      ],
      [
        "m",
        [
          11,
          481,
          777
        ],
        790556058
      ],
      [
        "m",
        [
          11,
          482,
          777
        ],
        790556058
      ],
      [
        "m",
        [
          11,
          483,
          777
        ],
        790556058
      ],
      [
        "m",
        [
          11,
          484,
          777
        ],
        790556058
      ],
      [
        "m",
        [
          11,
          485,
          777
        ],
        790556058
      ],
      [
        "m",
        [
          11,
          486,
          777
        ],
        790556058
      ],
      [
        "m",
        [
          11,
          487,
          777
        ],
        790556058
      ],
      [
        "m",
        [
          11,
          488,
          777
        ],
        790556058
      ],
      [
        "m",
        [
          11,
          489,
          777
        ],
        790556058
      ],
      [
        "m",
        [
          11,
          490,
          777
        ],
        790556058
      ],
      [
        "m",
        [
          11,
          491,
          777
        ],
        790556058
      ],
      [
        "m",
        [
          11,
          492,
          777
        ],
        790556058
      ],
      [
        "m",
        [
          11,
          493,
          777
        ],
        790556058
      ],
      [
        "m",
        [
          11,
          494,
          777
        ],
        790556058
      ],
      [
        "m",
        [
          11,
          495,
          777
        ],
        790556058
      ],
      [
        "m",
        [
          11,
          496,
          777
        ],
        790556058
      ],
      [
        "m",
        [
          11,
          497,
          777
        ],
        790556058
      ],
      [
        "m",
        [
          11,
          498,
          777
        ],
        790556058
      ],
      [
        "m",
        [
          11,
          499,
          777
        ],
        790556058
      ],
      [
        "m",
        [
          11,
          500,
          777
        ],
        790556058
      ],
      [
        "m",
        [
          11,
          501,
          777
        ],
        790556058
      ],
      [
        "m",
        [
          11,
          502,
          777
        ],
        790556058
      ],
      [
        "m",
        [
          11,
          503,
          777
        ],
        790556058
      ],
      [
        "m",
        [
          11,
          504,
          777
        ],
        790556058
      ],
      [
        "m",
        [
          11,
          505,
          777
        ],
        790556058
      ],
      [
        "m",
        [
          11,
          506,
          777
        ],
        790556058
      ],
      [
        "m",
        [
          11,
          507,
          777
        ],
        790556058
      ],
      [
        "m",
        [
          11,
          508,
          777
        ],
        790556058
      ],
      [
        "m",
        [
          11,
          509,
          777
        ],
        790556058
      ],
      [
        "m",
        [
          11,
          510,
          777
        ],
        790556058
      ],
      [
        "m",
        [
          11,
          511,
          777
        ],
        790556058
      ],
      [
        "m",
        [
          11,
          512,
          777
        ],
        790556058
      ],
      [
        "m",
        [
          11,
          513,
          777
        ],
        790556058
      ],
      [
        "m",
        [
          11,
          514,
          777
        ],
        790556058
      ],
      [
        "m",
        [
          11,
          515,
          777
        ],
        790556058
      ],
      [
        "m",
        [
          11,
          516,
          777
        ],
        790556058
      ],
      [
        "m",
        [
          11,
          517,
          777
        ],
        790556058
      ],
      [
        "m",
        [
          11,
          518,
          777
        ],
        790556058
      ],
      [
        "m",
        [
          11,
          519,
          777
        ],
        790556058
      ],
      [
        "m",
        [
          11,
          520,
          777
        ],
        790556058
      ],
      [
        "m",
        [
          11,
          521,
          777
        ],
        790556058
      ],
      [
        "m",
        [
          11,
          522,
          777
        ],
        790556058
      ],
      [
        "m",
        [
          11,
          523,
          777
        ],
        790555512
      ],
      [
        "m",
        [
          11,
          524,
          777
        ],
        790555512
      ],
      [
        "m",
        [
          11,
          525,
          777
        ],
        790556364
      ],
      [
        "m",
        [
          11,
          526,
          777
        ],
        790556364
      ],
      [
        "m",
        [
          11,
          527,
          777
        ],
        790556364
      ],
      [
        "m",
        [
          11,
          528,
          777
        ],
        790556364
      ],
      [
        "m",
        [
          11,
          529,
          777
        ],
        790555512
      ],
      [
        "m",
        [
          11,
          530,
          777
        ],
        790555512
      ],
      [
        "m",
        [
          11,
          531,
          777
        ],
        790556364
      ],
      [
        "m",
        [
          11,
          480,
          778
        ],
        790556058
      ],
      [
        "m",
        [
          11,
          481,
          778
        ],
        790556058
      ],
      [
        "m",
        [
          11,
          482,
          778
        ],
        790556058
      ],
      [
        "m",
        [
          11,
          483,
          778
        ],
        790556058
      ],
      [
        "m",
        [
          11,
          484,
          778
        ],
        790556058
      ],
      [
        "m",
        [
          11,
          485,
          778
        ],
        790556058
      ],
      [
        "m",
        [
          11,
          486,
          778
        ],
        790556058
      ],
      [
        "m",
        [
          11,
          487,
          778
        ],
        790556058
      ],
      [
        "m",
        [
          11,
          488,
          778
        ],
        790556058
      ],
      [
        "m",
        [
          11,
          489,
          778
        ],
        790556058
      ],
      [
        "m",
        [
          11,
          490,
          778
        ],
        790556058
      ],
      [
        "m",
        [
          11,
          491,
          778
        ],
        790556058
      ],
      [
        "m",
        [
          11,
          492,
          778
        ],
        790556058
      ],
      [
        "m",
        [
          11,
          493,
          778
        ],
        790556058
      ],
      [
        "m",
        [
          11,
          494,
          778
        ],
        790556058
      ],
      [
        "m",
        [
          11,
          495,
          778
        ],
        790556058
      ],
      [
        "m",
        [
          11,
          496,
          778
        ],
        790556058
      ],
      [
        "m",
        [
          11,
          497,
          778
        ],
        790556058
      ],
      [
        "m",
        [
          11,
          498,
          778
        ],
        790556058
      ],
      [
        "m",
        [
          11,
          499,
          778
        ],
        790556058
      ],
      [
        "m",
        [
          11,
          500,
          778
        ],
        790556058
      ],
      [
        "m",
        [
          11,
          501,
          778
        ],
        790556058
      ],
      [
        "m",
        [
          11,
          502,
          778
        ],
        790556058
      ],
      [
        "m",
        [
          11,
          503,
          778
        ],
        790556058
      ],
      [
        "m",
        [
          11,
          504,
          778
        ],
        790556058
      ],
      [
        "m",
        [
          11,
          505,
          778
        ],
        790556058
      ],
      [
        "m",
        [
          11,
          506,
          778
        ],
        790556058
      ],
      [
        "m",
        [
          11,
          507,
          778
        ],
        790556058
      ],
      [
        "m",
        [
          11,
          508,
          778
        ],
        790556058
      ],
      [
        "m",
        [
          11,
          509,
          778
        ],
        790556058
      ],
      [
        "m",
        [
          11,
          510,
          778
        ],
        790556058
      ],
      [
        "m",
        [
          11,
          511,
          778
        ],
        790556058
      ],
      [
        "m",
        [
          11,
          512,
          778
        ],
        790556058
      ],
      [
        "m",
        [
          11,
          513,
          778
        ],
        790556058
      ],
      [
        "m",
        [
          11,
          514,
          778
        ],
        790556058
      ],
      [
        "m",
        [
          11,
          515,
          778
        ],
        790556058
      ],
      [
        "m",
        [
          11,
          516,
          778
        ],
        790556058
      ],
      [
        "m",
        [
          11,
          517,
          778
        ],
        790556058
      ],
      [
        "m",
        [
          11,
          518,
          778
        ],
        790556058
      ],
      [
        "m",
        [
          11,
          519,
          778
        ],
        790556058
      ],
      [
        "m",
        [
          11,
          520,
          778
        ],
        790556058
      ],
      [
        "m",
        [
          11,
          521,
          778
        ],
        790556058
      ],
      [
        "m",
        [
          11,
          522,
          778
        ],
        790556058
      ],
      [
        "m",
        [
          11,
          523,
          778
        ],
        790555512
      ],
      [
        "m",
        [
          11,
          524,
          778
        ],
        790555512
      ],
      [
        "m",
        [
          11,
          525,
          778
        ],
        790556364
      ],
      [
        "m",
        [
          11,
          526,
          778
        ],
        790556364
      ],
      [
        "m",
        [
          11,
          527,
          778
        ],
        790556364
      ],
      [
        "m",
        [
          11,
          528,
          778
        ],
        790556364
      ],
      [
        "m",
        [
          11,
          529,
          778
        ],
        790555512
      ],
      [
        "m",
        [
          11,
          530,
          778
        ],
        790555512
      ],
      [
        "m",
        [
          11,
          531,
          778
        ],
        790556364
      ],
      [
        "m",
        [
          11,
          480,
          779
        ],
        790556058
      ],
      [
        "m",
        [
          11,
          481,
          779
        ],
        790556472
      ],
      [
        "m",
        [
          11,
          482,
          779
        ],
        790556472
      ],
      [
        "m",
        [
          11,
          483,
          779
        ],
        790556472
      ],
      [
        "m",
        [
          11,
          484,
          779
        ],
        790556472
      ],
      [
        "m",
        [
          11,
          485,
          779
        ],
        790556472
      ],
      [
        "m",
        [
          11,
          486,
          779
        ],
        790556472
      ],
      [
        "m",
        [
          11,
          487,
          779
        ],
        790556166
      ],
      [
        "m",
        [
          11,
          488,
          779
        ],
        790556166
      ],
      [
        "m",
        [
          11,
          489,
          779
        ],
        790556058
      ],
      [
        "m",
        [
          11,
          490,
          779
        ],
        790556058
      ],
      [
        "m",
        [
          11,
          491,
          779
        ],
        790556058
      ],
      [
        "m",
        [
          11,
          492,
          779
        ],
        790556058
      ],
      [
        "m",
        [
          11,
          493,
          779
        ],
        790556058
      ],
      [
        "m",
        [
          11,
          494,
          779
        ],
        790556058
      ],
      [
        "m",
        [
          11,
          495,
          779
        ],
        790556058
      ],
      [
        "m",
        [
          11,
          496,
          779
        ],
        790556058
      ],
      [
        "m",
        [
          11,
          497,
          779
        ],
        790556058
      ],
      [
        "m",
        [
          11,
          498,
          779
        ],
        790556058
      ],
      [
        "m",
        [
          11,
          499,
          779
        ],
        790556058
      ],
      [
        "m",
        [
          11,
          500,
          779
        ],
        790556058
      ],
      [
        "m",
        [
          11,
          501,
          779
        ],
        790556058
      ],
      [
        "m",
        [
          11,
          502,
          779
        ],
        790556058
      ],
      [
        "m",
        [
          11,
          503,
          779
        ],
        790556058
      ],
      [
        "m",
        [
          11,
          504,
          779
        ],
        790556058
      ],
      [
        "m",
        [
          11,
          505,
          779
        ],
        790556058
      ],
      [
        "m",
        [
          11,
          506,
          779
        ],
        790556058
      ],
      [
        "m",
        [
          11,
          507,
          779
        ],
        790556058
      ],
      [
        "m",
        [
          11,
          508,
          779
        ],
        790556058
      ],
      [
        "m",
        [
          11,
          509,
          779
        ],
        790555512
      ],
      [
        "m",
        [
          11,
          510,
          779
        ],
        790555512
      ],
      [
        "m",
        [
          11,
          511,
          779
        ],
        790555512
      ],
      [
        "m",
        [
          11,
          512,
          779
        ],
        790555512
      ],
      [
        "m",
        [
          11,
          513,
          779
        ],
        790556058
      ],
      [
        "m",
        [
          11,
          514,
          779
        ],
        790556058
      ],
      [
        "m",
        [
          11,
          515,
          779
        ],
        790556058
      ],
      [
        "m",
        [
          11,
          516,
          779
        ],
        790556058
      ],
      [
        "m",
        [
          11,
          517,
          779
        ],
        790556058
      ],
      [
        "m",
        [
          11,
          518,
          779
        ],
        790556058
      ],
      [
        "m",
        [
          11,
          519,
          779
        ],
        790556058
      ],
      [
        "m",
        [
          11,
          520,
          779
        ],
        790556058
      ],
      [
        "m",
        [
          11,
          521,
          779
        ],
        790556058
      ],
      [
        "m",
        [
          11,
          522,
          779
        ],
        790556058
      ],
      [
        "m",
        [
          11,
          523,
          779
        ],
        790556058
      ],
      [
        "m",
        [
          11,
          524,
          779
        ],
        790556058
      ],
      [
        "m",
        [
          11,
          525,
          779
        ],
        790556364
      ],
      [
        "m",
        [
          11,
          526,
          779
        ],
        790556364
      ],
      [
        "m",
        [
          11,
          527,
          779
        ],
        790556364
      ],
      [
        "m",
        [
          11,
          528,
          779
        ],
        790556364
      ],
      [
        "m",
        [
          11,
          529,
          779
        ],
        790555512
      ],
      [
        "m",
        [
          11,
          530,
          779
        ],
        790555512
      ],
      [
        "m",
        [
          11,
          531,
          779
        ],
        790556364
      ],
      [
        "m",
        [
          11,
          480,
          780
        ],
        790556058
      ],
      [
        "m",
        [
          11,
          481,
          780
        ],
        790556472
      ],
      [
        "m",
        [
          11,
          482,
          780
        ],
        790556472
      ],
      [
        "m",
        [
          11,
          483,
          780
        ],
        790556472
      ],
      [
        "m",
        [
          11,
          484,
          780
        ],
        790556472
      ],
      [
        "m",
        [
          11,
          485,
          780
        ],
        790556472
      ],
      [
        "m",
        [
          11,
          486,
          780
        ],
        790556472
      ],
      [
        "m",
        [
          11,
          487,
          780
        ],
        790556166
      ],
      [
        "m",
        [
          11,
          488,
          780
        ],
        790556166
      ],
      [
        "m",
        [
          11,
          489,
          780
        ],
        790556058
      ],
      [
        "m",
        [
          11,
          490,
          780
        ],
        790556058
      ],
      [
        "m",
        [
          11,
          491,
          780
        ],
        790556058
      ],
      [
        "m",
        [
          11,
          492,
          780
        ],
        790556058
      ],
      [
        "m",
        [
          11,
          493,
          780
        ],
        790556058
      ],
      [
        "m",
        [
          11,
          494,
          780
        ],
        790556058
      ],
      [
        "m",
        [
          11,
          495,
          780
        ],
        790556058
      ],
      [
        "m",
        [
          11,
          496,
          780
        ],
        790556058
      ],
      [
        "m",
        [
          11,
          497,
          780
        ],
        790556058
      ],
      [
        "m",
        [
          11,
          498,
          780
        ],
        790556058
      ],
      [
        "m",
        [
          11,
          499,
          780
        ],
        790556058
      ],
      [
        "m",
        [
          11,
          500,
          780
        ],
        790556058
      ],
      [
        "m",
        [
          11,
          501,
          780
        ],
        790556058
      ],
      [
        "m",
        [
          11,
          502,
          780
        ],
        790556058
      ],
      [
        "m",
        [
          11,
          503,
          780
        ],
        790556058
      ],
      [
        "m",
        [
          11,
          504,
          780
        ],
        790556058
      ],
      [
        "m",
        [
          11,
          505,
          780
        ],
        790556058
      ],
      [
        "m",
        [
          11,
          506,
          780
        ],
        790556058
      ],
      [
        "m",
        [
          11,
          507,
          780
        ],
        790556058
      ],
      [
        "m",
        [
          11,
          508,
          780
        ],
        790556058
      ],
      [
        "m",
        [
          11,
          509,
          780
        ],
        790555512
      ],
      [
        "m",
        [
          11,
          510,
          780
        ],
        790555512
      ],
      [
        "m",
        [
          11,
          511,
          780
        ],
        790555512
      ],
      [
        "m",
        [
          11,
          512,
          780
        ],
        790555512
      ],
      [
        "m",
        [
          11,
          513,
          780
        ],
        790556058
      ],
      [
        "m",
        [
          11,
          514,
          780
        ],
        790556058
      ],
      [
        "m",
        [
          11,
          515,
          780
        ],
        790556058
      ],
      [
        "m",
        [
          11,
          516,
          780
        ],
        790556058
      ],
      [
        "m",
        [
          11,
          517,
          780
        ],
        790556058
      ],
      [
        "m",
        [
          11,
          518,
          780
        ],
        790556058
      ],
      [
        "m",
        [
          11,
          519,
          780
        ],
        790556058
      ],
      [
        "m",
        [
          11,
          520,
          780
        ],
        790556058
      ],
      [
        "m",
        [
          11,
          521,
          780
        ],
        790556058
      ],
      [
        "m",
        [
          11,
          522,
          780
        ],
        790556058
      ],
      [
        "m",
        [
          11,
          523,
          780
        ],
        790556058
      ],
      [
        "m",
        [
          11,
          524,
          780
        ],
        790556058
      ],
      [
        "m",
        [
          11,
          525,
          780
        ],
        790556364
      ],
      [
        "m",
        [
          11,
          526,
          780
        ],
        790556364
      ],
      [
        "m",
        [
          11,
          527,
          780
        ],
        790556364
      ],
      [
        "m",
        [
          11,
          528,
          780
        ],
        790556364
      ],
      [
        "m",
        [
          11,
          529,
          780
        ],
        790555512
      ],
      [
        "m",
        [
          11,
          530,
          780
        ],
        790555512
      ],
      [
        "m",
        [
          11,
          531,
          780
        ],
        790556364
      ],
      [
        "m",
        [
          11,
          480,
          781
        ],
        790556058
      ],
      [
        "m",
        [
          11,
          481,
          781
        ],
        790556472
      ],
      [
        "m",
        [
          11,
          482,
          781
        ],
        790556472
      ],
      [
        "m",
        [
          11,
          483,
          781
        ],
        790556472
      ],
      [
        "m",
        [
          11,
          484,
          781
        ],
        790556472
      ],
      [
        "m",
        [
          11,
          485,
          781
        ],
        790556472
      ],
      [
        "m",
        [
          11,
          486,
          781
        ],
        790556472
      ],
      [
        "m",
        [
          11,
          487,
          781
        ],
        790556166
      ],
      [
        "m",
        [
          11,
          488,
          781
        ],
        790556166
      ],
      [
        "m",
        [
          11,
          489,
          781
        ],
        790556058
      ],
      [
        "m",
        [
          11,
          490,
          781
        ],
        790556058
      ],
      [
        "m",
        [
          11,
          491,
          781
        ],
        790556058
      ],
      [
        "m",
        [
          11,
          492,
          781
        ],
        790556058
      ],
      [
        "m",
        [
          11,
          493,
          781
        ],
        790556058
      ],
      [
        "m",
        [
          11,
          494,
          781
        ],
        790556058
      ],
      [
        "m",
        [
          11,
          495,
          781
        ],
        790556058
      ],
      [
        "m",
        [
          11,
          496,
          781
        ],
        790556058
      ],
      [
        "m",
        [
          11,
          497,
          781
        ],
        790556058
      ],
      [
        "m",
        [
          11,
          498,
          781
        ],
        790556058
      ],
      [
        "m",
        [
          11,
          499,
          781
        ],
        790556058
      ],
      [
        "m",
        [
          11,
          500,
          781
        ],
        790556058
      ],
      [
        "m",
        [
          11,
          501,
          781
        ],
        790556058
      ],
      [
        "m",
        [
          11,
          502,
          781
        ],
        790556058
      ],
      [
        "m",
        [
          11,
          503,
          781
        ],
        790556166
      ],
      [
        "m",
        [
          11,
          504,
          781
        ],
        790556166
      ],
      [
        "m",
        [
          11,
          505,
          781
        ],
        790556166
      ],
      [
        "m",
        [
          11,
          506,
          781
        ],
        790556166
      ],
      [
        "m",
        [
          11,
          507,
          781
        ],
        790556058
      ],
      [
        "m",
        [
          11,
          508,
          781
        ],
        790556058
      ],
      [
        "m",
        [
          11,
          509,
          781
        ],
        790556364
      ],
      [
        "m",
        [
          11,
          510,
          781
        ],
        790556364
      ],
      [
        "m",
        [
          11,
          511,
          781
        ],
        790556364
      ],
      [
        "m",
        [
          11,
          512,
          781
        ],
        790556364
      ],
      [
        "m",
        [
          11,
          513,
          781
        ],
        790556058
      ],
      [
        "m",
        [
          11,
          514,
          781
        ],
        790556058
      ],
      [
        "m",
        [
          11,
          515,
          781
        ],
        790556058
      ],
      [
        "m",
        [
          11,
          516,
          781
        ],
        790556058
      ],
      [
        "m",
        [
          11,
          517,
          781
        ],
        790556058
      ],
      [
        "m",
        [
          11,
          518,
          781
        ],
        790556058
      ],
      [
        "m",
        [
          11,
          519,
          781
        ],
        790556058
      ],
      [
        "m",
        [
          11,
          520,
          781
        ],
        790556058
      ],
      [
        "m",
        [
          11,
          521,
          781
        ],
        790556058
      ],
      [
        "m",
        [
          11,
          522,
          781
        ],
        790556058
      ],
      [
        "m",
        [
          11,
          523,
          781
        ],
        790556058
      ],
      [
        "m",
        [
          11,
          524,
          781
        ],
        790556058
      ],
      [
        "m",
        [
          11,
          525,
          781
        ],
        790556058
      ],
      [
        "m",
        [
          11,
          526,
          781
        ],
        790556058
      ],
      [
        "m",
        [
          11,
          527,
          781
        ],
        790556058
      ],
      [
        "m",
        [
          11,
          528,
          781
        ],
        790556058
      ],
      [
        "m",
        [
          11,
          529,
          781
        ],
        790555512
      ],
      [
        "m",
        [
          11,
          530,
          781
        ],
        790555512
      ],
      [
        "m",
        [
          11,
          531,
          781
        ],
        790556364
      ],
      [
        "m",
        [
          11,
          480,
          782
        ],
        790556058
      ],
      [
        "m",
        [
          11,
          481,
          782
        ],
        790556472
      ],
      [
        "m",
        [
          11,
          482,
          782
        ],
        790556472
      ],
      [
        "m",
        [
          11,
          483,
          782
        ],
        790556472
      ],
      [
        "m",
        [
          11,
          484,
          782
        ],
        790556472
      ],
      [
        "m",
        [
          11,
          485,
          782
        ],
        790556472
      ],
      [
        "m",
        [
          11,
          486,
          782
        ],
        790556472
      ],
      [
        "m",
        [
          11,
          487,
          782
        ],
        790556166
      ],
      [
        "m",
        [
          11,
          488,
          782
        ],
        790556166
      ],
      [
        "m",
        [
          11,
          489,
          782
        ],
        790556058
      ],
      [
        "m",
        [
          11,
          490,
          782
        ],
        790556058
      ],
      [
        "m",
        [
          11,
          491,
          782
        ],
        790556058
      ],
      [
        "m",
        [
          11,
          492,
          782
        ],
        790556058
      ],
      [
        "m",
        [
          11,
          493,
          782
        ],
        790556058
      ],
      [
        "m",
        [
          11,
          494,
          782
        ],
        790556058
      ],
      [
        "m",
        [
          11,
          495,
          782
        ],
        790556058
      ],
      [
        "m",
        [
          11,
          496,
          782
        ],
        790556058
      ],
      [
        "m",
        [
          11,
          497,
          782
        ],
        790556058
      ],
      [
        "m",
        [
          11,
          498,
          782
        ],
        790556058
      ],
      [
        "m",
        [
          11,
          499,
          782
        ],
        790556058
      ],
      [
        "m",
        [
          11,
          500,
          782
        ],
        790556058
      ],
      [
        "m",
        [
          11,
          501,
          782
        ],
        790556058
      ],
      [
        "m",
        [
          11,
          502,
          782
        ],
        790556058
      ],
      [
        "m",
        [
          11,
          503,
          782
        ],
        790556166
      ],
      [
        "m",
        [
          11,
          504,
          782
        ],
        790556166
      ],
      [
        "m",
        [
          11,
          505,
          782
        ],
        790556166
      ],
      [
        "m",
        [
          11,
          506,
          782
        ],
        790556166
      ],
      [
        "m",
        [
          11,
          507,
          782
        ],
        790556058
      ],
      [
        "m",
        [
          11,
          508,
          782
        ],
        790556058
      ],
      [
        "m",
        [
          11,
          509,
          782
        ],
        790556364
      ],
      [
        "m",
        [
          11,
          510,
          782
        ],
        790556364
      ],
      [
        "m",
        [
          11,
          511,
          782
        ],
        790556364
      ],
      [
        "m",
        [
          11,
          512,
          782
        ],
        790556364
      ],
      [
        "m",
        [
          11,
          513,
          782
        ],
        790556058
      ],
      [
        "m",
        [
          11,
          514,
          782
        ],
        790556058
      ],
      [
        "m",
        [
          11,
          515,
          782
        ],
        790556058
      ],
      [
        "m",
        [
          11,
          516,
          782
        ],
        790556058
      ],
      [
        "m",
        [
          11,
          517,
          782
        ],
        790556058
      ],
      [
        "m",
        [
          11,
          518,
          782
        ],
        790556058
      ],
      [
        "m",
        [
          11,
          519,
          782
        ],
        790556058
      ],
      [
        "m",
        [
          11,
          520,
          782
        ],
        790556058
      ],
      [
        "m",
        [
          11,
          521,
          782
        ],
        790556058
      ],
      [
        "m",
        [
          11,
          522,
          782
        ],
        790556058
      ],
      [
        "m",
        [
          11,
          523,
          782
        ],
        790556058
      ],
      [
        "m",
        [
          11,
          524,
          782
        ],
        790556058
      ],
      [
        "m",
        [
          11,
          525,
          782
        ],
        790556058
      ],
      [
        "m",
        [
          11,
          526,
          782
        ],
        790556058
      ],
      [
        "m",
        [
          11,
          527,
          782
        ],
        790556058
      ],
      [
        "m",
        [
          11,
          528,
          782
        ],
        790556058
      ],
      [
        "m",
        [
          11,
          529,
          782
        ],
        790555512
      ],
      [
        "m",
        [
          11,
          530,
          782
        ],
        790555512
      ],
      [
        "m",
        [
          11,
          531,
          782
        ],
        790556364
      ],
      [
        "m",
        [
          11,
          480,
          783
        ],
        790556058
      ],
      [
        "m",
        [
          11,
          481,
          783
        ],
        790556058
      ],
      [
        "m",
        [
          11,
          482,
          783
        ],
        790556058
      ],
      [
        "m",
        [
          11,
          483,
          783
        ],
        790556166
      ],
      [
        "m",
        [
          11,
          484,
          783
        ],
        790556166
      ],
      [
        "m",
        [
          11,
          485,
          783
        ],
        790556166
      ],
      [
        "m",
        [
          11,
          486,
          783
        ],
        790556166
      ],
      [
        "m",
        [
          11,
          487,
          783
        ],
        790556166
      ],
      [
        "m",
        [
          11,
          488,
          783
        ],
        790556166
      ],
      [
        "m",
        [
          11,
          489,
          783
        ],
        790556058
      ],
      [
        "m",
        [
          11,
          490,
          783
        ],
        790556058
      ],
      [
        "m",
        [
          11,
          491,
          783
        ],
        790556058
      ],
      [
        "m",
        [
          11,
          492,
          783
        ],
        790556058
      ],
      [
        "m",
        [
          11,
          493,
          783
        ],
        790556058
      ],
      [
        "m",
        [
          11,
          494,
          783
        ],
        790556058
      ],
      [
        "m",
        [
          11,
          495,
          783
        ],
        790556058
      ],
      [
        "m",
        [
          11,
          496,
          783
        ],
        790556058
      ],
      [
        "m",
        [
          11,
          497,
          783
        ],
        790556058
      ],
      [
        "m",
        [
          11,
          498,
          783
        ],
        790556058
      ],
      [
        "m",
        [
          11,
          499,
          783
        ],
        790556058
      ],
      [
        "m",
        [
          11,
          500,
          783
        ],
        790556058
      ],
      [
        "m",
        [
          11,
          501,
          783
        ],
        790556058
      ],
      [
        "m",
        [
          11,
          502,
          783
        ],
        790556058
      ],
      [
        "m",
        [
          11,
          503,
          783
        ],
        790556166
      ],
      [
        "m",
        [
          11,
          504,
          783
        ],
        790556166
      ],
      [
        "m",
        [
          11,
          505,
          783
        ],
        790556166
      ],
      [
        "m",
        [
          11,
          506,
          783
        ],
        790556166
      ],
      [
        "m",
        [
          11,
          507,
          783
        ],
        790556166
      ],
      [
        "m",
        [
          11,
          508,
          783
        ],
        790556166
      ],
      [
        "m",
        [
          11,
          509,
          783
        ],
        790556364
      ],
      [
        "m",
        [
          11,
          510,
          783
        ],
        790556364
      ],
      [
        "m",
        [
          11,
          511,
          783
        ],
        790556364
      ],
      [
        "m",
        [
          11,
          512,
          783
        ],
        790556364
      ],
      [
        "m",
        [
          11,
          513,
          783
        ],
        790556364
      ],
      [
        "m",
        [
          11,
          514,
          783
        ],
        790556364
      ],
      [
        "m",
        [
          11,
          515,
          783
        ],
        790556364
      ],
      [
        "m",
        [
          11,
          516,
          783
        ],
        790556364
      ],
      [
        "m",
        [
          11,
          517,
          783
        ],
        790556058
      ],
      [
        "m",
        [
          11,
          518,
          783
        ],
        790556058
      ],
      [
        "m",
        [
          11,
          519,
          783
        ],
        790556058
      ],
      [
        "m",
        [
          11,
          520,
          783
        ],
        790556058
      ],
      [
        "m",
        [
          11,
          521,
          783
        ],
        790555512
      ],
      [
        "m",
        [
          11,
          522,
          783
        ],
        790555512
      ],
      [
        "m",
        [
          11,
          523,
          783
        ],
        790555512
      ],
      [
        "m",
        [
          11,
          524,
          783
        ],
        790555512
      ],
      [
        "m",
        [
          11,
          525,
          783
        ],
        790556058
      ],
      [
        "m",
        [
          11,
          526,
          783
        ],
        790556058
      ],
      [
        "m",
        [
          11,
          527,
          783
        ],
        790556058
      ],
      [
        "m",
        [
          11,
          528,
          783
        ],
        790556058
      ],
      [
        "m",
        [
          11,
          529,
          783
        ],
        790555512
      ],
      [
        "m",
        [
          11,
          530,
          783
        ],
        790555512
      ],
      [
        "m",
        [
          11,
          531,
          783
        ],
        790555512
      ],
      [
        "m",
        [
          11,
          480,
          784
        ],
        790556058
      ],
      [
        "m",
        [
          11,
          481,
          784
        ],
        790556058
      ],
      [
        "m",
        [
          11,
          482,
          784
        ],
        790556058
      ],
      [
        "m",
        [
          11,
          483,
          784
        ],
        790556166
      ],
      [
        "m",
        [
          11,
          484,
          784
        ],
        790556166
      ],
      [
        "m",
        [
          11,
          485,
          784
        ],
        790556166
      ],
      [
        "m",
        [
          11,
          486,
          784
        ],
        790556166
      ],
      [
        "m",
        [
          11,
          487,
          784
        ],
        790556166
      ],
      [
        "m",
        [
          11,
          488,
          784
        ],
        790556166
      ],
      [
        "m",
        [
          11,
          489,
          784
        ],
        790556058
      ],
      [
        "m",
        [
          11,
          490,
          784
        ],
        790556058
      ],
      [
        "m",
        [
          11,
          491,
          784
        ],
        790556058
      ],
      [
        "m",
        [
          11,
          492,
          784
        ],
        790556058
      ],
      [
        "m",
        [
          11,
          493,
          784
        ],
        790556058
      ],
      [
        "m",
        [
          11,
          494,
          784
        ],
        790556058
      ],
      [
        "m",
        [
          11,
          495,
          784
        ],
        790556058
      ],
      [
        "m",
        [
          11,
          496,
          784
        ],
        790556058
      ],
      [
        "m",
        [
          11,
          497,
          784
        ],
        790556058
      ],
      [
        "m",
        [
          11,
          498,
          784
        ],
        790556058
      ],
      [
        "m",
        [
          11,
          499,
          784
        ],
        790556058
      ],
      [
        "m",
        [
          11,
          500,
          784
        ],
        790556058
      ],
      [
        "m",
        [
          11,
          501,
          784
        ],
        790556058
      ],
      [
        "m",
        [
          11,
          502,
          784
        ],
        790556058
      ],
      [
        "m",
        [
          11,
          503,
          784
        ],
        790556166
      ],
      [
        "m",
        [
          11,
          504,
          784
        ],
        790556166
      ],
      [
        "m",
        [
          11,
          505,
          784
        ],
        790556166
      ],
      [
        "m",
        [
          11,
          506,
          784
        ],
        790556166
      ],
      [
        "m",
        [
          11,
          507,
          784
        ],
        790556166
      ],
      [
        "m",
        [
          11,
          508,
          784
        ],
        790556166
      ],
      [
        "m",
        [
          11,
          509,
          784
        ],
        790556364
      ],
      [
        "m",
        [
          11,
          510,
          784
        ],
        790556364
      ],
      [
        "m",
        [
          11,
          511,
          784
        ],
        790556364
      ],
      [
        "m",
        [
          11,
          512,
          784
        ],
        790556364
      ],
      [
        "m",
        [
          11,
          513,
          784
        ],
        790556364
      ],
      [
        "m",
        [
          11,
          514,
          784
        ],
        790556364
      ],
      [
        "m",
        [
          11,
          515,
          784
        ],
        790556364
      ],
      [
        "m",
        [
          11,
          516,
          784
        ],
        790556364
      ],
      [
        "m",
        [
          11,
          517,
          784
        ],
        790556058
      ],
      [
        "m",
        [
          11,
          518,
          784
        ],
        790556058
      ],
      [
        "m",
        [
          11,
          519,
          784
        ],
        790556058
      ],
      [
        "m",
        [
          11,
          520,
          784
        ],
        790556058
      ],
      [
        "m",
        [
          11,
          521,
          784
        ],
        790555512
      ],
      [
        "m",
        [
          11,
          522,
          784
        ],
        790555512
      ],
      [
        "m",
        [
          11,
          523,
          784
        ],
        790555512
      ],
      [
        "m",
        [
          11,
          524,
          784
        ],
        790555512
      ],
      [
        "m",
        [
          11,
          525,
          784
        ],
        790556058
      ],
      [
        "m",
        [
          11,
          526,
          784
        ],
        790556058
      ],
      [
        "m",
        [
          11,
          527,
          784
        ],
        790556058
      ],
      [
        "m",
        [
          11,
          528,
          784
        ],
        790556058
      ],
      [
        "m",
        [
          11,
          529,
          784
        ],
        790555512
      ],
      [
        "m",
        [
          11,
          530,
          784
        ],
        790555512
      ],
      [
        "m",
        [
          11,
          531,
          784
        ],
        790555512
      ],
      [
        "m",
        [
          11,
          480,
          785
        ],
        790556058
      ],
      [
        "m",
        [
          11,
          481,
          785
        ],
        790556058
      ],
      [
        "m",
        [
          11,
          482,
          785
        ],
        790556058
      ],
      [
        "m",
        [
          11,
          483,
          785
        ],
        790556058
      ],
      [
        "m",
        [
          11,
          484,
          785
        ],
        790556058
      ],
      [
        "m",
        [
          11,
          485,
          785
        ],
        790556058
      ],
      [
        "m",
        [
          11,
          486,
          785
        ],
        790556058
      ],
      [
        "m",
        [
          11,
          487,
          785
        ],
        790556058
      ],
      [
        "m",
        [
          11,
          488,
          785
        ],
        790556058
      ],
      [
        "m",
        [
          11,
          489,
          785
        ],
        790556058
      ],
      [
        "m",
        [
          11,
          490,
          785
        ],
        790556058
      ],
      [
        "m",
        [
          11,
          491,
          785
        ],
        790556058
      ],
      [
        "m",
        [
          11,
          492,
          785
        ],
        790556058
      ],
      [
        "m",
        [
          11,
          493,
          785
        ],
        790556058
      ],
      [
        "m",
        [
          11,
          494,
          785
        ],
        790556058
      ],
      [
        "m",
        [
          11,
          495,
          785
        ],
        790556058
      ],
      [
        "m",
        [
          11,
          496,
          785
        ],
        790556058
      ],
      [
        "m",
        [
          11,
          497,
          785
        ],
        790556058
      ],
      [
        "m",
        [
          11,
          498,
          785
        ],
        790556058
      ],
      [
        "m",
        [
          11,
          499,
          785
        ],
        790556058
      ],
      [
        "m",
        [
          11,
          500,
          785
        ],
        790556058
      ],
      [
        "m",
        [
          11,
          501,
          785
        ],
        790555512
      ],
      [
        "m",
        [
          11,
          502,
          785
        ],
        790555512
      ],
      [
        "m",
        [
          11,
          503,
          785
        ],
        790556058
      ],
      [
        "m",
        [
          11,
          504,
          785
        ],
        790556058
      ],
      [
        "m",
        [
          11,
          505,
          785
        ],
        790556166
      ],
      [
        "m",
        [
          11,
          506,
          785
        ],
        790556166
      ],
      [
        "m",
        [
          11,
          507,
          785
        ],
        790556166
      ],
      [
        "m",
        [
          11,
          508,
          785
        ],
        790556166
      ],
      [
        "m",
        [
          11,
          509,
          785
        ],
        790556166
      ],
      [
        "m",
        [
          11,
          510,
          785
        ],
        790556166
      ],
      [
        "m",
        [
          11,
          511,
          785
        ],
        790556166
      ],
      [
        "m",
        [
          11,
          512,
          785
        ],
        790556166
      ],
      [
        "m",
        [
          11,
          513,
          785
        ],
        790556364
      ],
      [
        "m",
        [
          11,
          514,
          785
        ],
        790556364
      ],
      [
        "m",
        [
          11,
          515,
          785
        ],
        790556364
      ],
      [
        "m",
        [
          11,
          516,
          785
        ],
        790556364
      ],
      [
        "m",
        [
          11,
          517,
          785
        ],
        790556058
      ],
      [
        "m",
        [
          11,
          518,
          785
        ],
        790556058
      ],
      [
        "m",
        [
          11,
          519,
          785
        ],
        790556058
      ],
      [
        "m",
        [
          11,
          520,
          785
        ],
        790556058
      ],
      [
        "m",
        [
          11,
          521,
          785
        ],
        790555512
      ],
      [
        "m",
        [
          11,
          522,
          785
        ],
        790555512
      ],
      [
        "m",
        [
          11,
          523,
          785
        ],
        790555512
      ],
      [
        "m",
        [
          11,
          524,
          785
        ],
        790555512
      ],
      [
        "m",
        [
          11,
          525,
          785
        ],
        790556166
      ],
      [
        "m",
        [
          11,
          526,
          785
        ],
        790556166
      ],
      [
        "m",
        [
          11,
          527,
          785
        ],
        790556166
      ],
      [
        "m",
        [
          11,
          528,
          785
        ],
        790556166
      ],
      [
        "m",
        [
          11,
          529,
          785
        ],
        790555968
      ],
      [
        "m",
        [
          11,
          530,
          785
        ],
        790555968
      ],
      [
        "m",
        [
          11,
          531,
          785
        ],
        790555968
      ],
      [
        "m",
        [
          11,
          480,
          786
        ],
        790556058
      ],
      [
        "m",
        [
          11,
          481,
          786
        ],
        790556058
      ],
      [
        "m",
        [
          11,
          482,
          786
        ],
        790556058
      ],
      [
        "m",
        [
          11,
          483,
          786
        ],
        790556058
      ],
      [
        "m",
        [
          11,
          484,
          786
        ],
        790556058
      ],
      [
        "m",
        [
          11,
          485,
          786
        ],
        790556058
      ],
      [
        "m",
        [
          11,
          486,
          786
        ],
        790556058
      ],
      [
        "m",
        [
          11,
          487,
          786
        ],
        790556058
      ],
      [
        "m",
        [
          11,
          488,
          786
        ],
        790556058
      ],
      [
        "m",
        [
          11,
          489,
          786
        ],
        790556058
      ],
      [
        "m",
        [
          11,
          490,
          786
        ],
        790556058
      ],
      [
        "m",
        [
          11,
          491,
          786
        ],
        790556058
      ],
      [
        "m",
        [
          11,
          492,
          786
        ],
        790556058
      ],
      [
        "m",
        [
          11,
          493,
          786
        ],
        790556058
      ],
      [
        "m",
        [
          11,
          494,
          786
        ],
        790556058
      ],
      [
        "m",
        [
          11,
          495,
          786
        ],
        790556058
      ],
      [
        "m",
        [
          11,
          496,
          786
        ],
        790556058
      ],
      [
        "m",
        [
          11,
          497,
          786
        ],
        790556058
      ],
      [
        "m",
        [
          11,
          498,
          786
        ],
        790556058
      ],
      [
        "m",
        [
          11,
          499,
          786
        ],
        790556058
      ],
      [
        "m",
        [
          11,
          500,
          786
        ],
        790556058
      ],
      [
        "m",
        [
          11,
          501,
          786
        ],
        790555512
      ],
      [
        "m",
        [
          11,
          502,
          786
        ],
        790555512
      ],
      [
        "m",
        [
          11,
          503,
          786
        ],
        790556058
      ],
      [
        "m",
        [
          11,
          504,
          786
        ],
        790556058
      ],
      [
        "m",
        [
          11,
          505,
          786
        ],
        790556166
      ],
      [
        "m",
        [
          11,
          506,
          786
        ],
        790556166
      ],
      [
        "m",
        [
          11,
          507,
          786
        ],
        790556166
      ],
      [
        "m",
        [
          11,
          508,
          786
        ],
        790556166
      ],
      [
        "m",
        [
          11,
          509,
          786
        ],
        790556166
      ],
      [
        "m",
        [
          11,
          510,
          786
        ],
        790556166
      ],
      [
        "m",
        [
          11,
          511,
          786
        ],
        790556166
      ],
      [
        "m",
        [
          11,
          512,
          786
        ],
        790556166
      ],
      [
        "m",
        [
          11,
          513,
          786
        ],
        790556364
      ],
      [
        "m",
        [
          11,
          514,
          786
        ],
        790556364
      ],
      [
        "m",
        [
          11,
          515,
          786
        ],
        790556364
      ],
      [
        "m",
        [
          11,
          516,
          786
        ],
        790556364
      ],
      [
        "m",
        [
          11,
          517,
          786
        ],
        790556058
      ],
      [
        "m",
        [
          11,
          518,
          786
        ],
        790556058
      ],
      [
        "m",
        [
          11,
          519,
          786
        ],
        790556058
      ],
      [
        "m",
        [
          11,
          520,
          786
        ],
        790556058
      ],
      [
        "m",
        [
          11,
          521,
          786
        ],
        790555512
      ],
      [
        "m",
        [
          11,
          522,
          786
        ],
        790555512
      ],
      [
        "m",
        [
          11,
          523,
          786
        ],
        790555512
      ],
      [
        "m",
        [
          11,
          524,
          786
        ],
        790555512
      ],
      [
        "m",
        [
          11,
          525,
          786
        ],
        790556166
      ],
      [
        "m",
        [
          11,
          526,
          786
        ],
        790556166
      ],
      [
        "m",
        [
          11,
          527,
          786
        ],
        790556166
      ],
      [
        "m",
        [
          11,
          528,
          786
        ],
        790556166
      ],
      [
        "m",
        [
          11,
          529,
          786
        ],
        790555968
      ],
      [
        "m",
        [
          11,
          530,
          786
        ],
        790555968
      ],
      [
        "m",
        [
          11,
          531,
          786
        ],
        790555968
      ],
      [
        "m",
        [
          11,
          480,
          787
        ],
        790556058
      ],
      [
        "m",
        [
          11,
          481,
          787
        ],
        790556058
      ],
      [
        "m",
        [
          11,
          482,
          787
        ],
        790556058
      ],
      [
        "m",
        [
          11,
          483,
          787
        ],
        790555512
      ],
      [
        "m",
        [
          11,
          484,
          787
        ],
        790555512
      ],
      [
        "m",
        [
          11,
          485,
          787
        ],
        790556058
      ],
      [
        "m",
        [
          11,
          486,
          787
        ],
        790556058
      ],
      [
        "m",
        [
          11,
          487,
          787
        ],
        790556058
      ],
      [
        "m",
        [
          11,
          488,
          787
        ],
        790556058
      ],
      [
        "m",
        [
          11,
          489,
          787
        ],
        790556058
      ],
      [
        "m",
        [
          11,
          490,
          787
        ],
        790556058
      ],
      [
        "m",
        [
          11,
          491,
          787
        ],
        790556058
      ],
      [
        "m",
        [
          11,
          492,
          787
        ],
        790556058
      ],
      [
        "m",
        [
          11,
          493,
          787
        ],
        790556058
      ],
      [
        "m",
        [
          11,
          494,
          787
        ],
        790556058
      ],
      [
        "m",
        [
          11,
          495,
          787
        ],
        790556058
      ],
      [
        "m",
        [
          11,
          496,
          787
        ],
        790556058
      ],
      [
        "m",
        [
          11,
          497,
          787
        ],
        790556058
      ],
      [
        "m",
        [
          11,
          498,
          787
        ],
        790556058
      ],
      [
        "m",
        [
          11,
          499,
          787
        ],
        790556058
      ],
      [
        "m",
        [
          11,
          500,
          787
        ],
        790556058
      ],
      [
        "m",
        [
          11,
          501,
          787
        ],
        790556058
      ],
      [
        "m",
        [
          11,
          502,
          787
        ],
        790556058
      ],
      [
        "m",
        [
          11,
          503,
          787
        ],
        790556058
      ],
      [
        "m",
        [
          11,
          504,
          787
        ],
        790556058
      ],
      [
        "m",
        [
          11,
          505,
          787
        ],
        790556058
      ],
      [
        "m",
        [
          11,
          506,
          787
        ],
        790556058
      ],
      [
        "m",
        [
          11,
          507,
          787
        ],
        790556058
      ],
      [
        "m",
        [
          11,
          508,
          787
        ],
        790556058
      ],
      [
        "m",
        [
          11,
          509,
          787
        ],
        790556166
      ],
      [
        "m",
        [
          11,
          510,
          787
        ],
        790556166
      ],
      [
        "m",
        [
          11,
          511,
          787
        ],
        790556166
      ],
      [
        "m",
        [
          11,
          512,
          787
        ],
        790556166
      ],
      [
        "m",
        [
          11,
          513,
          787
        ],
        790556058
      ],
      [
        "m",
        [
          11,
          514,
          787
        ],
        790556058
      ],
      [
        "m",
        [
          11,
          515,
          787
        ],
        790556058
      ],
      [
        "m",
        [
          11,
          516,
          787
        ],
        790556058
      ],
      [
        "m",
        [
          11,
          517,
          787
        ],
        790556058
      ],
      [
        "m",
        [
          11,
          518,
          787
        ],
        790556058
      ],
      [
        "m",
        [
          11,
          519,
          787
        ],
        790556058
      ],
      [
        "m",
        [
          11,
          520,
          787
        ],
        790556058
      ],
      [
        "m",
        [
          11,
          521,
          787
        ],
        790555512
      ],
      [
        "m",
        [
          11,
          522,
          787
        ],
        790555512
      ],
      [
        "m",
        [
          11,
          523,
          787
        ],
        790556058
      ],
      [
        "m",
        [
          11,
          524,
          787
        ],
        790556058
      ],
      [
        "m",
        [
          11,
          525,
          787
        ],
        790556166
      ],
      [
        "m",
        [
          11,
          526,
          787
        ],
        790556166
      ],
      [
        "m",
        [
          11,
          527,
          787
        ],
        790556166
      ],
      [
        "m",
        [
          11,
          528,
          787
        ],
        790556166
      ],
      [
        "m",
        [
          11,
          529,
          787
        ],
        790556058
      ],
      [
        "m",
        [
          11,
          530,
          787
        ],
        790556058
      ],
      [
        "m",
        [
          11,
          531,
          787
        ],
        790556058
      ],
      [
        "m",
        [
          11,
          480,
          788
        ],
        790556058
      ],
      [
        "m",
        [
          11,
          481,
          788
        ],
        790556058
      ],
      [
        "m",
        [
          11,
          482,
          788
        ],
        790556058
      ],
      [
        "m",
        [
          11,
          483,
          788
        ],
        790555512
      ],
      [
        "m",
        [
          11,
          484,
          788
        ],
        790555512
      ],
      [
        "m",
        [
          11,
          485,
          788
        ],
        790556058
      ],
      [
        "m",
        [
          11,
          486,
          788
        ],
        790556058
      ],
      [
        "m",
        [
          11,
          487,
          788
        ],
        790556058
      ],
      [
        "m",
        [
          11,
          488,
          788
        ],
        790556058
      ],
      [
        "m",
        [
          11,
          489,
          788
        ],
        790556058
      ],
      [
        "m",
        [
          11,
          490,
          788
        ],
        790556058
      ],
      [
        "m",
        [
          11,
          491,
          788
        ],
        790556058
      ],
      [
        "m",
        [
          11,
          492,
          788
        ],
        790556058
      ],
      [
        "m",
        [
          11,
          493,
          788
        ],
        790556058
      ],
      [
        "m",
        [
          11,
          494,
          788
        ],
        790556058
      ],
      [
        "m",
        [
          11,
          495,
          788
        ],
        790556058
      ],
      [
        "m",
        [
          11,
          496,
          788
        ],
        790556058
      ],
      [
        "m",
        [
          11,
          497,
          788
        ],
        790556058
      ],
      [
        "m",
        [
          11,
          498,
          788
        ],
        790556058
      ],
      [
        "m",
        [
          11,
          499,
          788
        ],
        790556058
      ],
      [
        "m",
        [
          11,
          500,
          788
        ],
        790556058
      ],
      [
        "m",
        [
          11,
          501,
          788
        ],
        790556058
      ],
      [
        "m",
        [
          11,
          502,
          788
        ],
        790556058
      ],
      [
        "m",
        [
          11,
          503,
          788
        ],
        790556058
      ],
      [
        "m",
        [
          11,
          504,
          788
        ],
        790556058
      ],
      [
        "m",
        [
          11,
          505,
          788
        ],
        790556058
      ],
      [
        "m",
        [
          11,
          506,
          788
        ],
        790556058
      ],
      [
        "m",
        [
          11,
          507,
          788
        ],
        790556058
      ],
      [
        "m",
        [
          11,
          508,
          788
        ],
        790556058
      ],
      [
        "m",
        [
          11,
          509,
          788
        ],
        790556166
      ],
      [
        "m",
        [
          11,
          510,
          788
        ],
        790556166
      ],
      [
        "m",
        [
          11,
          511,
          788
        ],
        790556166
      ],
      [
        "m",
        [
          11,
          512,
          788
        ],
        790556166
      ],
      [
        "m",
        [
          11,
          513,
          788
        ],
        790556058
      ],
      [
        "m",
        [
          11,
          514,
          788
        ],
        790556058
      ],
      [
        "m",
        [
          11,
          515,
          788
        ],
        790556058
      ],
      [
        "m",
        [
          11,
          516,
          788
        ],
        790556058
      ],
      [
        "m",
        [
          11,
          517,
          788
        ],
        790556058
      ],
      [
        "m",
        [
          11,
          518,
          788
        ],
        790556058
      ],
      [
        "m",
        [
          11,
          519,
          788
        ],
        790556058
      ],
      [
        "m",
        [
          11,
          520,
          788
        ],
        790556058
      ],
      [
        "m",
        [
          11,
          521,
          788
        ],
        790555512
      ],
      [
        "m",
        [
          11,
          522,
          788
        ],
        790555512
      ],
      [
        "m",
        [
          11,
          523,
          788
        ],
        790556058
      ],
      [
        "m",
        [
          11,
          524,
          788
        ],
        790556058
      ],
      [
        "m",
        [
          11,
          525,
          788
        ],
        790556166
      ],
      [
        "m",
        [
          11,
          526,
          788
        ],
        790556166
      ],
      [
        "m",
        [
          11,
          527,
          788
        ],
        790556166
      ],
      [
        "m",
        [
          11,
          528,
          788
        ],
        790556166
      ],
      [
        "m",
        [
          11,
          529,
          788
        ],
        790556058
      ],
      [
        "m",
        [
          11,
          530,
          788
        ],
        790556058
      ],
      [
        "m",
        [
          11,
          531,
          788
        ],
        790556058
      ],
      [
        "m",
        [
          11,
          480,
          789
        ],
        790556058
      ],
      [
        "m",
        [
          11,
          481,
          789
        ],
        790556058
      ],
      [
        "m",
        [
          11,
          482,
          789
        ],
        790556058
      ],
      [
        "m",
        [
          11,
          483,
          789
        ],
        790556058
      ],
      [
        "m",
        [
          11,
          484,
          789
        ],
        790556058
      ],
      [
        "m",
        [
          11,
          485,
          789
        ],
        790556058
      ],
      [
        "m",
        [
          11,
          486,
          789
        ],
        790556058
      ],
      [
        "m",
        [
          11,
          487,
          789
        ],
        790556058
      ],
      [
        "m",
        [
          11,
          488,
          789
        ],
        790556058
      ],
      [
        "m",
        [
          11,
          489,
          789
        ],
        790556058
      ],
      [
        "m",
        [
          11,
          490,
          789
        ],
        790556058
      ],
      [
        "m",
        [
          11,
          491,
          789
        ],
        790556058
      ],
      [
        "m",
        [
          11,
          492,
          789
        ],
        790556058
      ],
      [
        "m",
        [
          11,
          493,
          789
        ],
        790556058
      ],
      [
        "m",
        [
          11,
          494,
          789
        ],
        790556058
      ],
      [
        "m",
        [
          11,
          495,
          789
        ],
        790556058
      ],
      [
        "m",
        [
          11,
          496,
          789
        ],
        790556058
      ],
      [
        "m",
        [
          11,
          497,
          789
        ],
        790556364
      ],
      [
        "m",
        [
          11,
          498,
          789
        ],
        790556364
      ],
      [
        "m",
        [
          11,
          499,
          789
        ],
        790556364
      ],
      [
        "m",
        [
          11,
          500,
          789
        ],
        790556364
      ],
      [
        "m",
        [
          11,
          501,
          789
        ],
        790556166
      ],
      [
        "m",
        [
          11,
          502,
          789
        ],
        790556166
      ],
      [
        "m",
        [
          11,
          503,
          789
        ],
        790556166
      ],
      [
        "m",
        [
          11,
          504,
          789
        ],
        790556166
      ],
      [
        "m",
        [
          11,
          505,
          789
        ],
        790556058
      ],
      [
        "m",
        [
          11,
          506,
          789
        ],
        790556058
      ],
      [
        "m",
        [
          11,
          507,
          789
        ],
        790556058
      ],
      [
        "m",
        [
          11,
          508,
          789
        ],
        790556058
      ],
      [
        "m",
        [
          11,
          509,
          789
        ],
        790556058
      ],
      [
        "m",
        [
          11,
          510,
          789
        ],
        790556058
      ],
      [
        "m",
        [
          11,
          511,
          789
        ],
        790555512
      ],
      [
        "m",
        [
          11,
          512,
          789
        ],
        790555512
      ],
      [
        "m",
        [
          11,
          513,
          789
        ],
        790556058
      ],
      [
        "m",
        [
          11,
          514,
          789
        ],
        790556058
      ],
      [
        "m",
        [
          11,
          515,
          789
        ],
        790556058
      ],
      [
        "m",
        [
          11,
          516,
          789
        ],
        790556058
      ],
      [
        "m",
        [
          11,
          517,
          789
        ],
        790556058
      ],
      [
        "m",
        [
          11,
          518,
          789
        ],
        790556058
      ],
      [
        "m",
        [
          11,
          519,
          789
        ],
        790555512
      ],
      [
        "m",
        [
          11,
          520,
          789
        ],
        790555512
      ],
      [
        "m",
        [
          11,
          521,
          789
        ],
        790555512
      ],
      [
        "m",
        [
          11,
          522,
          789
        ],
        790555512
      ],
      [
        "m",
        [
          11,
          523,
          789
        ],
        790556058
      ],
      [
        "m",
        [
          11,
          524,
          789
        ],
        790556058
      ],
      [
        "m",
        [
          11,
          525,
          789
        ],
        790556058
      ],
      [
        "m",
        [
          11,
          526,
          789
        ],
        790556058
      ],
      [
        "m",
        [
          11,
          527,
          789
        ],
        790556058
      ],
      [
        "m",
        [
          11,
          528,
          789
        ],
        790556058
      ],
      [
        "m",
        [
          11,
          529,
          789
        ],
        790556058
      ],
      [
        "m",
        [
          11,
          530,
          789
        ],
        790556058
      ],
      [
        "m",
        [
          11,
          531,
          789
        ],
        790556058
      ],
      [
        "m",
        [
          11,
          480,
          790
        ],
        790556058
      ],
      [
        "m",
        [
          11,
          481,
          790
        ],
        790556058
      ],
      [
        "m",
        [
          11,
          482,
          790
        ],
        790556058
      ],
      [
        "m",
        [
          11,
          483,
          790
        ],
        790556058
      ],
      [
        "m",
        [
          11,
          484,
          790
        ],
        790556058
      ],
      [
        "m",
        [
          11,
          485,
          790
        ],
        790556058
      ],
      [
        "m",
        [
          11,
          486,
          790
        ],
        790556058
      ],
      [
        "m",
        [
          11,
          487,
          790
        ],
        790556058
      ],
      [
        "m",
        [
          11,
          488,
          790
        ],
        790556058
      ],
      [
        "m",
        [
          11,
          489,
          790
        ],
        790556058
      ],
      [
        "m",
        [
          11,
          490,
          790
        ],
        790556058
      ],
      [
        "m",
        [
          11,
          491,
          790
        ],
        790556058
      ],
      [
        "m",
        [
          11,
          492,
          790
        ],
        790556058
      ],
      [
        "m",
        [
          11,
          493,
          790
        ],
        790556058
      ],
      [
        "m",
        [
          11,
          494,
          790
        ],
        790556058
      ],
      [
        "m",
        [
          11,
          495,
          790
        ],
        790556058
      ],
      [
        "m",
        [
          11,
          496,
          790
        ],
        790556058
      ],
      [
        "m",
        [
          11,
          497,
          790
        ],
        790556364
      ],
      [
        "m",
        [
          11,
          498,
          790
        ],
        790556364
      ],
      [
        "m",
        [
          11,
          499,
          790
        ],
        790556364
      ],
      [
        "m",
        [
          11,
          500,
          790
        ],
        790556364
      ],
      [
        "m",
        [
          11,
          501,
          790
        ],
        790556166
      ],
      [
        "m",
        [
          11,
          502,
          790
        ],
        790556166
      ],
      [
        "m",
        [
          11,
          503,
          790
        ],
        790556166
      ],
      [
        "m",
        [
          11,
          504,
          790
        ],
        790556166
      ],
      [
        "m",
        [
          11,
          505,
          790
        ],
        790556058
      ],
      [
        "m",
        [
          11,
          506,
          790
        ],
        790556058
      ],
      [
        "m",
        [
          11,
          507,
          790
        ],
        790556058
      ],
      [
        "m",
        [
          11,
          508,
          790
        ],
        790556058
      ],
      [
        "m",
        [
          11,
          509,
          790
        ],
        790556058
      ],
      [
        "m",
        [
          11,
          510,
          790
        ],
        790556058
      ],
      [
        "m",
        [
          11,
          511,
          790
        ],
        790555512
      ],
      [
        "m",
        [
          11,
          512,
          790
        ],
        790555512
      ],
      [
        "m",
        [
          11,
          513,
          790
        ],
        790556058
      ],
      [
        "m",
        [
          11,
          514,
          790
        ],
        790556058
      ],
      [
        "m",
        [
          11,
          515,
          790
        ],
        790556058
      ],
      [
        "m",
        [
          11,
          516,
          790
        ],
        790556058
      ],
      [
        "m",
        [
          11,
          517,
          790
        ],
        790556058
      ],
      [
        "m",
        [
          11,
          518,
          790
        ],
        790556058
      ],
      [
        "m",
        [
          11,
          519,
          790
        ],
        790555512
      ],
      [
        "m",
        [
          11,
          520,
          790
        ],
        790555512
      ],
      [
        "m",
        [
          11,
          521,
          790
        ],
        790555512
      ],
      [
        "m",
        [
          11,
          522,
          790
        ],
        790555512
      ],
      [
        "m",
        [
          11,
          523,
          790
        ],
        790556058
      ],
      [
        "m",
        [
          11,
          524,
          790
        ],
        790556058
      ],
      [
        "m",
        [
          11,
          525,
          790
        ],
        790556058
      ],
      [
        "m",
        [
          11,
          526,
          790
        ],
        790556058
      ],
      [
        "m",
        [
          11,
          527,
          790
        ],
        790556058
      ],
      [
        "m",
        [
          11,
          528,
          790
        ],
        790556058
      ],
      [
        "m",
        [
          11,
          529,
          790
        ],
        790556058
      ],
      [
        "m",
        [
          11,
          530,
          790
        ],
        790556058
      ],
      [
        "m",
        [
          11,
          531,
          790
        ],
        790556058
      ],
      [
        "m",
        [
          11,
          480,
          791
        ],
        790555512
      ],
      [
        "m",
        [
          11,
          481,
          791
        ],
        790556058
      ],
      [
        "m",
        [
          11,
          482,
          791
        ],
        790556058
      ],
      [
        "m",
        [
          11,
          483,
          791
        ],
        790556058
      ],
      [
        "m",
        [
          11,
          484,
          791
        ],
        790556058
      ],
      [
        "m",
        [
          11,
          485,
          791
        ],
        790556058
      ],
      [
        "m",
        [
          11,
          486,
          791
        ],
        790556058
      ],
      [
        "m",
        [
          11,
          487,
          791
        ],
        790556058
      ],
      [
        "m",
        [
          11,
          488,
          791
        ],
        790556058
      ],
      [
        "m",
        [
          11,
          489,
          791
        ],
        790556058
      ],
      [
        "m",
        [
          11,
          490,
          791
        ],
        790556058
      ],
      [
        "m",
        [
          11,
          491,
          791
        ],
        790556058
      ],
      [
        "m",
        [
          11,
          492,
          791
        ],
        790556058
      ],
      [
        "m",
        [
          11,
          493,
          791
        ],
        790556058
      ],
      [
        "m",
        [
          11,
          494,
          791
        ],
        790556058
      ],
      [
        "m",
        [
          11,
          495,
          791
        ],
        790556058
      ],
      [
        "m",
        [
          11,
          496,
          791
        ],
        790556058
      ],
      [
        "m",
        [
          11,
          497,
          791
        ],
        790556364
      ],
      [
        "m",
        [
          11,
          498,
          791
        ],
        790556364
      ],
      [
        "m",
        [
          11,
          499,
          791
        ],
        790556364
      ],
      [
        "m",
        [
          11,
          500,
          791
        ],
        790556364
      ],
      [
        "m",
        [
          11,
          501,
          791
        ],
        790556166
      ],
      [
        "m",
        [
          11,
          502,
          791
        ],
        790556166
      ],
      [
        "m",
        [
          11,
          503,
          791
        ],
        790556166
      ],
      [
        "m",
        [
          11,
          504,
          791
        ],
        790556166
      ],
      [
        "m",
        [
          11,
          505,
          791
        ],
        790556058
      ],
      [
        "m",
        [
          11,
          506,
          791
        ],
        790556058
      ],
      [
        "m",
        [
          11,
          507,
          791
        ],
        790556058
      ],
      [
        "m",
        [
          11,
          508,
          791
        ],
        790556058
      ],
      [
        "m",
        [
          11,
          509,
          791
        ],
        790556058
      ],
      [
        "m",
        [
          11,
          510,
          791
        ],
        790556058
      ],
      [
        "m",
        [
          11,
          511,
          791
        ],
        790556058
      ],
      [
        "m",
        [
          11,
          512,
          791
        ],
        790556058
      ],
      [
        "m",
        [
          11,
          513,
          791
        ],
        790556058
      ],
      [
        "m",
        [
          11,
          514,
          791
        ],
        790556058
      ],
      [
        "m",
        [
          11,
          515,
          791
        ],
        790556058
      ],
      [
        "m",
        [
          11,
          516,
          791
        ],
        790556058
      ],
      [
        "m",
        [
          11,
          517,
          791
        ],
        790556058
      ],
      [
        "m",
        [
          11,
          518,
          791
        ],
        790556058
      ],
      [
        "m",
        [
          11,
          519,
          791
        ],
        790556238
      ],
      [
        "m",
        [
          11,
          520,
          791
        ],
        790556238
      ],
      [
        "m",
        [
          11,
          521,
          791
        ],
        790556238
      ],
      [
        "m",
        [
          11,
          522,
          791
        ],
        790556238
      ],
      [
        "m",
        [
          11,
          523,
          791
        ],
        790556058
      ],
      [
        "m",
        [
          11,
          524,
          791
        ],
        790556058
      ],
      [
        "m",
        [
          11,
          525,
          791
        ],
        790556058
      ],
      [
        "m",
        [
          11,
          526,
          791
        ],
        790556058
      ],
      [
        "m",
        [
          11,
          527,
          791
        ],
        790555512
      ],
      [
        "m",
        [
          11,
          528,
          791
        ],
        790555512
      ],
      [
        "m",
        [
          11,
          529,
          791
        ],
        790555512
      ],
      [
        "m",
        [
          11,
          530,
          791
        ],
        790555512
      ],
      [
        "m",
        [
          11,
          531,
          791
        ],
        790555512
      ],
      [
        "m",
        [
          11,
          480,
          792
        ],
        790555512
      ],
      [
        "m",
        [
          11,
          481,
          792
        ],
        790556058
      ],
      [
        "m",
        [
          11,
          482,
          792
        ],
        790556058
      ],
      [
        "m",
        [
          11,
          483,
          792
        ],
        790556058
      ],
      [
        "m",
        [
          11,
          484,
          792
        ],
        790556058
      ],
      [
        "m",
        [
          11,
          485,
          792
        ],
        790556058
      ],
      [
        "m",
        [
          11,
          486,
          792
        ],
        790556058
      ],
      [
        "m",
        [
          11,
          487,
          792
        ],
        790556058
      ],
      [
        "m",
        [
          11,
          488,
          792
        ],
        790556058
      ],
      [
        "m",
        [
          11,
          489,
          792
        ],
        790556058
      ],
      [
        "m",
        [
          11,
          490,
          792
        ],
        790556058
      ],
      [
        "m",
        [
          11,
          491,
          792
        ],
        790556058
      ],
      [
        "m",
        [
          11,
          492,
          792
        ],
        790556058
      ],
      [
        "m",
        [
          11,
          493,
          792
        ],
        790556058
      ],
      [
        "m",
        [
          11,
          494,
          792
        ],
        790556058
      ],
      [
        "m",
        [
          11,
          495,
          792
        ],
        790556058
      ],
      [
        "m",
        [
          11,
          496,
          792
        ],
        790556058
      ],
      [
        "m",
        [
          11,
          497,
          792
        ],
        790556364
      ],
      [
        "m",
        [
          11,
          498,
          792
        ],
        790556364
      ],
      [
        "m",
        [
          11,
          499,
          792
        ],
        790556364
      ],
      [
        "m",
        [
          11,
          500,
          792
        ],
        790556364
      ],
      [
        "m",
        [
          11,
          501,
          792
        ],
        790556166
      ],
      [
        "m",
        [
          11,
          502,
          792
        ],
        790556166
      ],
      [
        "m",
        [
          11,
          503,
          792
        ],
        790556166
      ],
      [
        "m",
        [
          11,
          504,
          792
        ],
        790556166
      ],
      [
        "m",
        [
          11,
          505,
          792
        ],
        790556058
      ],
      [
        "m",
        [
          11,
          506,
          792
        ],
        790556058
      ],
      [
        "m",
        [
          11,
          507,
          792
        ],
        790556058
      ],
      [
        "m",
        [
          11,
          508,
          792
        ],
        790556058
      ],
      [
        "m",
        [
          11,
          509,
          792
        ],
        790556058
      ],
      [
        "m",
        [
          11,
          510,
          792
        ],
        790556058
      ],
      [
        "m",
        [
          11,
          511,
          792
        ],
        790556058
      ],
      [
        "m",
        [
          11,
          512,
          792
        ],
        790556058
      ],
      [
        "m",
        [
          11,
          513,
          792
        ],
        790556058
      ],
      [
        "m",
        [
          11,
          514,
          792
        ],
        790556058
      ],
      [
        "m",
        [
          11,
          515,
          792
        ],
        790556058
      ],
      [
        "m",
        [
          11,
          516,
          792
        ],
        790556058
      ],
      [
        "m",
        [
          11,
          517,
          792
        ],
        790556058
      ],
      [
        "m",
        [
          11,
          518,
          792
        ],
        790556058
      ],
      [
        "m",
        [
          11,
          519,
          792
        ],
        790556238
      ],
      [
        "m",
        [
          11,
          520,
          792
        ],
        790556238
      ],
      [
        "m",
        [
          11,
          521,
          792
        ],
        790556238
      ],
      [
        "m",
        [
          11,
          522,
          792
        ],
        790556238
      ],
      [
        "m",
        [
          11,
          523,
          792
        ],
        790556058
      ],
      [
        "m",
        [
          11,
          524,
          792
        ],
        790556058
      ],
      [
        "m",
        [
          11,
          525,
          792
        ],
        790556058
      ],
      [
        "m",
        [
          11,
          526,
          792
        ],
        790556058
      ],
      [
        "m",
        [
          11,
          527,
          792
        ],
        790555512
      ],
      [
        "m",
        [
          11,
          528,
          792
        ],
        790555512
      ],
      [
        "m",
        [
          11,
          529,
          792
        ],
        790555512
      ],
      [
        "m",
        [
          11,
          530,
          792
        ],
        790555512
      ],
      [
        "m",
        [
          11,
          531,
          792
        ],
        790555512
      ],
      [
        "m",
        [
          11,
          480,
          793
        ],
        790555788
      ],
      [
        "m",
        [
          11,
          481,
          793
        ],
        790556058
      ],
      [
        "m",
        [
          11,
          482,
          793
        ],
        790556058
      ],
      [
        "m",
        [
          11,
          483,
          793
        ],
        790556058
      ],
      [
        "m",
        [
          11,
          484,
          793
        ],
        790556058
      ],
      [
        "m",
        [
          11,
          485,
          793
        ],
        790556058
      ],
      [
        "m",
        [
          11,
          486,
          793
        ],
        790556058
      ],
      [
        "m",
        [
          11,
          487,
          793
        ],
        790555512
      ],
      [
        "m",
        [
          11,
          488,
          793
        ],
        790555512
      ],
      [
        "m",
        [
          11,
          489,
          793
        ],
        790556058
      ],
      [
        "m",
        [
          11,
          490,
          793
        ],
        790556058
      ],
      [
        "m",
        [
          11,
          491,
          793
        ],
        790556058
      ],
      [
        "m",
        [
          11,
          492,
          793
        ],
        790556058
      ],
      [
        "m",
        [
          11,
          493,
          793
        ],
        790556058
      ],
      [
        "m",
        [
          11,
          494,
          793
        ],
        790556058
      ],
      [
        "m",
        [
          11,
          495,
          793
        ],
        790556058
      ],
      [
        "m",
        [
          11,
          496,
          793
        ],
        790556058
      ],
      [
        "m",
        [
          11,
          497,
          793
        ],
        790556058
      ],
      [
        "m",
        [
          11,
          498,
          793
        ],
        790556058
      ],
      [
        "m",
        [
          11,
          499,
          793
        ],
        790555512
      ],
      [
        "m",
        [
          11,
          500,
          793
        ],
        790555512
      ],
      [
        "m",
        [
          11,
          501,
          793
        ],
        790556058
      ],
      [
        "m",
        [
          11,
          502,
          793
        ],
        790556058
      ],
      [
        "m",
        [
          11,
          503,
          793
        ],
        790556058
      ],
      [
        "m",
        [
          11,
          504,
          793
        ],
        790556058
      ],
      [
        "m",
        [
          11,
          505,
          793
        ],
        790556058
      ],
      [
        "m",
        [
          11,
          506,
          793
        ],
        790556058
      ],
      [
        "m",
        [
          11,
          507,
          793
        ],
        790556058
      ],
      [
        "m",
        [
          11,
          508,
          793
        ],
        790556058
      ],
      [
        "m",
        [
          11,
          509,
          793
        ],
        790556058
      ],
      [
        "m",
        [
          11,
          510,
          793
        ],
        790556058
      ],
      [
        "m",
        [
          11,
          511,
          793
        ],
        790556058
      ],
      [
        "m",
        [
          11,
          512,
          793
        ],
        790556058
      ],
      [
        "m",
        [
          11,
          513,
          793
        ],
        790556058
      ],
      [
        "m",
        [
          11,
          514,
          793
        ],
        790556058
      ],
      [
        "m",
        [
          11,
          515,
          793
        ],
        790556058
      ],
      [
        "m",
        [
          11,
          516,
          793
        ],
        790556058
      ],
      [
        "m",
        [
          11,
          517,
          793
        ],
        790556058
      ],
      [
        "m",
        [
          11,
          518,
          793
        ],
        790556058
      ],
      [
        "m",
        [
          11,
          519,
          793
        ],
        790556238
      ],
      [
        "m",
        [
          11,
          520,
          793
        ],
        790556238
      ],
      [
        "m",
        [
          11,
          521,
          793
        ],
        790556238
      ],
      [
        "m",
        [
          11,
          522,
          793
        ],
        790556238
      ],
      [
        "m",
        [
          11,
          523,
          793
        ],
        790556364
      ],
      [
        "m",
        [
          11,
          524,
          793
        ],
        790556364
      ],
      [
        "m",
        [
          11,
          525,
          793
        ],
        790556364
      ],
      [
        "m",
        [
          11,
          526,
          793
        ],
        790556364
      ],
      [
        "m",
        [
          11,
          527,
          793
        ],
        790556364
      ],
      [
        "m",
        [
          11,
          528,
          793
        ],
        790556364
      ],
      [
        "m",
        [
          11,
          529,
          793
        ],
        790555512
      ],
      [
        "m",
        [
          11,
          530,
          793
        ],
        790555512
      ],
      [
        "m",
        [
          11,
          531,
          793
        ],
        790555512
      ],
      [
        "m",
        [
          11,
          480,
          794
        ],
        790555788
      ],
      [
        "m",
        [
          11,
          481,
          794
        ],
        790556058
      ],
      [
        "m",
        [
          11,
          482,
          794
        ],
        790556058
      ],
      [
        "m",
        [
          11,
          483,
          794
        ],
        790556058
      ],
      [
        "m",
        [
          11,
          484,
          794
        ],
        790556058
      ],
      [
        "m",
        [
          11,
          485,
          794
        ],
        790556058
      ],
      [
        "m",
        [
          11,
          486,
          794
        ],
        790556058
      ],
      [
        "m",
        [
          11,
          487,
          794
        ],
        790555512
      ],
      [
        "m",
        [
          11,
          488,
          794
        ],
        790555512
      ],
      [
        "m",
        [
          11,
          489,
          794
        ],
        790556058
      ],
      [
        "m",
        [
          11,
          490,
          794
        ],
        790556058
      ],
      [
        "m",
        [
          11,
          491,
          794
        ],
        790556058
      ],
      [
        "m",
        [
          11,
          492,
          794
        ],
        790556058
      ],
      [
        "m",
        [
          11,
          493,
          794
        ],
        790556058
      ],
      [
        "m",
        [
          11,
          494,
          794
        ],
        790556058
      ],
      [
        "m",
        [
          11,
          495,
          794
        ],
        790556058
      ],
      [
        "m",
        [
          11,
          496,
          794
        ],
        790556058
      ],
      [
        "m",
        [
          11,
          497,
          794
        ],
        790556058
      ],
      [
        "m",
        [
          11,
          498,
          794
        ],
        790556058
      ],
      [
        "m",
        [
          11,
          499,
          794
        ],
        790555512
      ],
      [
        "m",
        [
          11,
          500,
          794
        ],
        790555512
      ],
      [
        "m",
        [
          11,
          501,
          794
        ],
        790556058
      ],
      [
        "m",
        [
          11,
          502,
          794
        ],
        790556058
      ],
      [
        "m",
        [
          11,
          503,
          794
        ],
        790556058
      ],
      [
        "m",
        [
          11,
          504,
          794
        ],
        790556058
      ],
      [
        "m",
        [
          11,
          505,
          794
        ],
        790556058
      ],
      [
        "m",
        [
          11,
          506,
          794
        ],
        790556058
      ],
      [
        "m",
        [
          11,
          507,
          794
        ],
        790556058
      ],
      [
        "m",
        [
          11,
          508,
          794
        ],
        790556058
      ],
      [
        "m",
        [
          11,
          509,
          794
        ],
        790556058
      ],
      [
        "m",
        [
          11,
          510,
          794
        ],
        790556058
      ],
      [
        "m",
        [
          11,
          511,
          794
        ],
        790556058
      ],
      [
        "m",
        [
          11,
          512,
          794
        ],
        790556058
      ],
      [
        "m",
        [
          11,
          513,
          794
        ],
        790556058
      ],
      [
        "m",
        [
          11,
          514,
          794
        ],
        790556058
      ],
      [
        "m",
        [
          11,
          515,
          794
        ],
        790556058
      ],
      [
        "m",
        [
          11,
          516,
          794
        ],
        790556058
      ],
      [
        "m",
        [
          11,
          517,
          794
        ],
        790556058
      ],
      [
        "m",
        [
          11,
          518,
          794
        ],
        790556058
      ],
      [
        "m",
        [
          11,
          519,
          794
        ],
        790556238
      ],
      [
        "m",
        [
          11,
          520,
          794
        ],
        790556238
      ],
      [
        "m",
        [
          11,
          521,
          794
        ],
        790556238
      ],
      [
        "m",
        [
          11,
          522,
          794
        ],
        790556238
      ],
      [
        "m",
        [
          11,
          523,
          794
        ],
        790556364
      ],
      [
        "m",
        [
          11,
          524,
          794
        ],
        790556364
      ],
      [
        "m",
        [
          11,
          525,
          794
        ],
        790556364
      ],
      [
        "m",
        [
          11,
          526,
          794
        ],
        790556364
      ],
      [
        "m",
        [
          11,
          527,
          794
        ],
        790556364
      ],
      [
        "m",
        [
          11,
          528,
          794
        ],
        790556364
      ],
      [
        "m",
        [
          11,
          529,
          794
        ],
        790555512
      ],
      [
        "m",
        [
          11,
          530,
          794
        ],
        790555512
      ],
      [
        "m",
        [
          11,
          531,
          794
        ],
        790555512
      ],
      [
        "m",
        [
          11,
          480,
          795
        ],
        790555788
      ],
      [
        "m",
        [
          11,
          481,
          795
        ],
        790556058
      ],
      [
        "m",
        [
          11,
          482,
          795
        ],
        790556058
      ],
      [
        "m",
        [
          11,
          483,
          795
        ],
        790556472
      ],
      [
        "m",
        [
          11,
          484,
          795
        ],
        790556472
      ],
      [
        "m",
        [
          11,
          485,
          795
        ],
        790556472
      ],
      [
        "m",
        [
          11,
          486,
          795
        ],
        790556472
      ],
      [
        "m",
        [
          11,
          487,
          795
        ],
        790555512
      ],
      [
        "m",
        [
          11,
          488,
          795
        ],
        790555512
      ],
      [
        "m",
        [
          11,
          489,
          795
        ],
        790556058
      ],
      [
        "m",
        [
          11,
          490,
          795
        ],
        790556058
      ],
      [
        "m",
        [
          11,
          491,
          795
        ],
        790556058
      ],
      [
        "m",
        [
          11,
          492,
          795
        ],
        790556058
      ],
      [
        "m",
        [
          11,
          493,
          795
        ],
        790556058
      ],
      [
        "m",
        [
          11,
          494,
          795
        ],
        790556058
      ],
      [
        "m",
        [
          11,
          495,
          795
        ],
        790556004
      ],
      [
        "m",
        [
          11,
          496,
          795
        ],
        790556004
      ],
      [
        "m",
        [
          11,
          497,
          795
        ],
        790555512
      ],
      [
        "m",
        [
          11,
          498,
          795
        ],
        790555512
      ],
      [
        "m",
        [
          11,
          499,
          795
        ],
        790555512
      ],
      [
        "m",
        [
          11,
          500,
          795
        ],
        790555512
      ],
      [
        "m",
        [
          11,
          501,
          795
        ],
        790556058
      ],
      [
        "m",
        [
          11,
          502,
          795
        ],
        790556058
      ],
      [
        "m",
        [
          11,
          503,
          795
        ],
        790556058
      ],
      [
        "m",
        [
          11,
          504,
          795
        ],
        790556058
      ],
      [
        "m",
        [
          11,
          505,
          795
        ],
        790556058
      ],
      [
        "m",
        [
          11,
          506,
          795
        ],
        790556058
      ],
      [
        "m",
        [
          11,
          507,
          795
        ],
        790556058
      ],
      [
        "m",
        [
          11,
          508,
          795
        ],
        790556058
      ],
      [
        "m",
        [
          11,
          509,
          795
        ],
        790556058
      ],
      [
        "m",
        [
          11,
          510,
          795
        ],
        790556058
      ],
      [
        "m",
        [
          11,
          511,
          795
        ],
        790556058
      ],
      [
        "m",
        [
          11,
          512,
          795
        ],
        790556058
      ],
      [
        "m",
        [
          11,
          513,
          795
        ],
        790556058
      ],
      [
        "m",
        [
          11,
          514,
          795
        ],
        790556058
      ],
      [
        "m",
        [
          11,
          515,
          795
        ],
        790556058
      ],
      [
        "m",
        [
          11,
          516,
          795
        ],
        790556058
      ],
      [
        "m",
        [
          11,
          517,
          795
        ],
        790556058
      ],
      [
        "m",
        [
          11,
          518,
          795
        ],
        790556058
      ],
      [
        "m",
        [
          11,
          519,
          795
        ],
        790556058
      ],
      [
        "m",
        [
          11,
          520,
          795
        ],
        790556058
      ],
      [
        "m",
        [
          11,
          521,
          795
        ],
        790555512
      ],
      [
        "m",
        [
          11,
          522,
          795
        ],
        790555512
      ],
      [
        "m",
        [
          11,
          523,
          795
        ],
        790556364
      ],
      [
        "m",
        [
          11,
          524,
          795
        ],
        790556364
      ],
      [
        "m",
        [
          11,
          525,
          795
        ],
        790556364
      ],
      [
        "m",
        [
          11,
          526,
          795
        ],
        790556364
      ],
      [
        "m",
        [
          11,
          527,
          795
        ],
        790556364
      ],
      [
        "m",
        [
          11,
          528,
          795
        ],
        790556364
      ],
      [
        "m",
        [
          11,
          529,
          795
        ],
        790555512
      ],
      [
        "m",
        [
          11,
          530,
          795
        ],
        790555512
      ],
      [
        "m",
        [
          11,
          531,
          795
        ],
        790555968
      ],
      [
        "m",
        [
          11,
          480,
          796
        ],
        790555788
      ],
      [
        "m",
        [
          11,
          481,
          796
        ],
        790556058
      ],
      [
        "m",
        [
          11,
          482,
          796
        ],
        790556058
      ],
      [
        "m",
        [
          11,
          483,
          796
        ],
        790556472
      ],
      [
        "m",
        [
          11,
          484,
          796
        ],
        790556472
      ],
      [
        "m",
        [
          11,
          485,
          796
        ],
        790556472
      ],
      [
        "m",
        [
          11,
          486,
          796
        ],
        790556472
      ],
      [
        "m",
        [
          11,
          487,
          796
        ],
        790555512
      ],
      [
        "m",
        [
          11,
          488,
          796
        ],
        790555512
      ],
      [
        "m",
        [
          11,
          489,
          796
        ],
        790556058
      ],
      [
        "m",
        [
          11,
          490,
          796
        ],
        790556058
      ],
      [
        "m",
        [
          11,
          491,
          796
        ],
        790556058
      ],
      [
        "m",
        [
          11,
          492,
          796
        ],
        790556058
      ],
      [
        "m",
        [
          11,
          493,
          796
        ],
        790556058
      ],
      [
        "m",
        [
          11,
          494,
          796
        ],
        790556058
      ],
      [
        "m",
        [
          11,
          495,
          796
        ],
        790556004
      ],
      [
        "m",
        [
          11,
          496,
          796
        ],
        790556004
      ],
      [
        "m",
        [
          11,
          497,
          796
        ],
        790555512
      ],
      [
        "m",
        [
          11,
          498,
          796
        ],
        790555512
      ],
      [
        "m",
        [
          11,
          499,
          796
        ],
        790555512
      ],
      [
        "m",
        [
          11,
          500,
          796
        ],
        790555512
      ],
      [
        "m",
        [
          11,
          501,
          796
        ],
        790556058
      ],
      [
        "m",
        [
          11,
          502,
          796
        ],
        790556058
      ],
      [
        "m",
        [
          11,
          503,
          796
        ],
        790556058
      ],
      [
        "m",
        [
          11,
          504,
          796
        ],
        790556058
      ],
      [
        "m",
        [
          11,
          505,
          796
        ],
        790556058
      ],
      [
        "m",
        [
          11,
          506,
          796
        ],
        790556058
      ],
      [
        "m",
        [
          11,
          507,
          796
        ],
        790556058
      ],
      [
        "m",
        [
          11,
          508,
          796
        ],
        790556058
      ],
      [
        "m",
        [
          11,
          509,
          796
        ],
        790556058
      ],
      [
        "m",
        [
          11,
          510,
          796
        ],
        790556058
      ],
      [
        "m",
        [
          11,
          511,
          796
        ],
        790556058
      ],
      [
        "m",
        [
          11,
          512,
          796
        ],
        790556058
      ],
      [
        "m",
        [
          11,
          513,
          796
        ],
        790556058
      ],
      [
        "m",
        [
          11,
          514,
          796
        ],
        790556058
      ],
      [
        "m",
        [
          11,
          515,
          796
        ],
        790556058
      ],
      [
        "m",
        [
          11,
          516,
          796
        ],
        790556058
      ],
      [
        "m",
        [
          11,
          517,
          796
        ],
        790556058
      ],
      [
        "m",
        [
          11,
          518,
          796
        ],
        790556058
      ],
      [
        "m",
        [
          11,
          519,
          796
        ],
        790556058
      ],
      [
        "m",
        [
          11,
          520,
          796
        ],
        790556058
      ],
      [
        "m",
        [
          11,
          521,
          796
        ],
        790555512
      ],
      [
        "m",
        [
          11,
          522,
          796
        ],
        790555512
      ],
      [
        "m",
        [
          11,
          523,
          796
        ],
        790556364
      ],
      [
        "m",
        [
          11,
          524,
          796
        ],
        790556364
      ],
      [
        "m",
        [
          11,
          525,
          796
        ],
        790556364
      ],
      [
        "m",
        [
          11,
          526,
          796
        ],
        790556364
      ],
      [
        "m",
        [
          11,
          527,
          796
        ],
        790556364
      ],
      [
        "m",
        [
          11,
          528,
          796
        ],
        790556364
      ],
      [
        "m",
        [
          11,
          529,
          796
        ],
        790555512
      ],
      [
        "m",
        [
          11,
          530,
          796
        ],
        790555512
      ],
      [
        "m",
        [
          11,
          531,
          796
        ],
        790555968
      ],
      [
        "m",
        [
          11,
          480,
          797
        ],
        790555512
      ],
      [
        "m",
        [
          11,
          481,
          797
        ],
        790556472
      ],
      [
        "m",
        [
          11,
          482,
          797
        ],
        790556472
      ],
      [
        "m",
        [
          11,
          483,
          797
        ],
        790556472
      ],
      [
        "m",
        [
          11,
          484,
          797
        ],
        790556472
      ],
      [
        "m",
        [
          11,
          485,
          797
        ],
        790556472
      ],
      [
        "m",
        [
          11,
          486,
          797
        ],
        790556472
      ],
      [
        "m",
        [
          11,
          487,
          797
        ],
        790556058
      ],
      [
        "m",
        [
          11,
          488,
          797
        ],
        790556058
      ],
      [
        "m",
        [
          11,
          489,
          797
        ],
        790555512
      ],
      [
        "m",
        [
          11,
          490,
          797
        ],
        790555512
      ],
      [
        "m",
        [
          11,
          491,
          797
        ],
        790556058
      ],
      [
        "m",
        [
          11,
          492,
          797
        ],
        790556058
      ],
      [
        "m",
        [
          11,
          493,
          797
        ],
        790556058
      ],
      [
        "m",
        [
          11,
          494,
          797
        ],
        790556058
      ],
      [
        "m",
        [
          11,
          495,
          797
        ],
        790555512
      ],
      [
        "m",
        [
          11,
          496,
          797
        ],
        790555512
      ],
      [
        "m",
        [
          11,
          497,
          797
        ],
        790556058
      ],
      [
        "m",
        [
          11,
          498,
          797
        ],
        790556058
      ],
      [
        "m",
        [
          11,
          499,
          797
        ],
        790556058
      ],
      [
        "m",
        [
          11,
          500,
          797
        ],
        790556058
      ],
      [
        "m",
        [
          11,
          501,
          797
        ],
        790556058
      ],
      [
        "m",
        [
          11,
          502,
          797
        ],
        790556058
      ],
      [
        "m",
        [
          11,
          503,
          797
        ],
        790556058
      ],
      [
        "m",
        [
          11,
          504,
          797
        ],
        790556058
      ],
      [
        "m",
        [
          11,
          505,
          797
        ],
        790556166
      ],
      [
        "m",
        [
          11,
          506,
          797
        ],
        790556166
      ],
      [
        "m",
        [
          11,
          507,
          797
        ],
        790556166
      ],
      [
        "m",
        [
          11,
          508,
          797
        ],
        790556166
      ],
      [
        "m",
        [
          11,
          509,
          797
        ],
        790556058
      ],
      [
        "m",
        [
          11,
          510,
          797
        ],
        790556058
      ],
      [
        "m",
        [
          11,
          511,
          797
        ],
        790556058
      ],
      [
        "m",
        [
          11,
          512,
          797
        ],
        790556058
      ],
      [
        "m",
        [
          11,
          513,
          797
        ],
        790556058
      ],
      [
        "m",
        [
          11,
          514,
          797
        ],
        790556058
      ],
      [
        "m",
        [
          11,
          515,
          797
        ],
        790556058
      ],
      [
        "m",
        [
          11,
          516,
          797
        ],
        790556058
      ],
      [
        "m",
        [
          11,
          517,
          797
        ],
        790556058
      ],
      [
        "m",
        [
          11,
          518,
          797
        ],
        790556058
      ],
      [
        "m",
        [
          11,
          519,
          797
        ],
        790556058
      ],
      [
        "m",
        [
          11,
          520,
          797
        ],
        790556058
      ],
      [
        "m",
        [
          11,
          521,
          797
        ],
        790556058
      ],
      [
        "m",
        [
          11,
          522,
          797
        ],
        790556058
      ],
      [
        "m",
        [
          11,
          523,
          797
        ],
        790556058
      ],
      [
        "m",
        [
          11,
          524,
          797
        ],
        790556058
      ],
      [
        "m",
        [
          11,
          525,
          797
        ],
        790556364
      ],
      [
        "m",
        [
          11,
          526,
          797
        ],
        790556364
      ],
      [
        "m",
        [
          11,
          527,
          797
        ],
        790556364
      ],
      [
        "m",
        [
          11,
          528,
          797
        ],
        790556364
      ],
      [
        "m",
        [
          11,
          529,
          797
        ],
        790556058
      ],
      [
        "m",
        [
          11,
          530,
          797
        ],
        790556058
      ],
      [
        "m",
        [
          11,
          531,
          797
        ],
        790556058
      ]
    ]
  ],
  0,
  null,
  [
    0,
    null,
    null,
    null,
    0
  ],
  1,
  [
    1
  ],
  3
]