Request URL   : https://maps.googleapis.com/$rpc/google.internal.maps.mapsjs.v1.MapsJsInternalService/GetViewportInfo
Method        : POST
Status Code   : 200
------------------------------------------------------------
Request Payload:
[
  [
    [
      38.242004559749205,
      -91.75827777572822
    ],
    [
      38.74095327243954,
      -90.26143163765722
    ]
  ],
  12,
  null,
  "en-US",
  0,
  "m@790000000",
  0,
  0,
  null,
  null,
  null,
  2
]
------------------------------------------------------------
Response Body:
[
  "Map data ©2026 Google",
  [
    [
      "obliques",
      [
        [
          38.685509760012,
          -90.87890625
        ],
        [
          38.754083275791416,
          -90.17578125
        ]
      ]
    ],
    [
      "obliques",
      [
        [
          38.616870463929736,
          -90.791015625
        ],
        [
          38.685509760012,
          -90.17578125
        ]
      ]
    ],
    [
      "obliques",
      [
        [
          38.54816542304658,
          -90.791015625
        ],
        [
          38.616870463929736,
          -90.17578125
        ]
      ]
    ],
    [
      "obliques",
      [
        [
          38.47939467327644,
          -90.703125
        ],
        [
          38.54816542304658,
          -90.17578125
        ]
      ]
    ],
    [
      "obliques",
      [
        [
          38.410558250946075,
          -90.703125
        ],
        [
          38.47939467327644,
          -90.17578125
        ]
      ]
    ],
    [
      "obliques",
      [
        [
          38.34165619279593,
          -90.703125
        ],
        [
          38.410558250946075,
          -90.17578125
        ]
      ]
    ],
    [
      "obliques",
      [
        [
          38.27268853598096,
          -90.703125
        ],
        [
          38.34165619279593,
          -90.17578125
        ]
      ]
    ],
    [
      "report_map_issue",
      [
        [
          38.685509760012,
          -91.845703125
        ],
        [
          38.754083275791416,
          -90.17578125
        ]
      ]
    ],
    [
      "report_map_issue",
      [
        [
          38.616870463929736,
          -91.845703125
        ],
        [
          38.685509760012,
          -90.17578125
        ]
      ]
    ],
    [
      "report_map_issue",
      [
        [
          38.54816542304658,
          -91.845703125
        ],
        [
          38.616870463929736,
          -90.17578125
        ]
      ]
    ],
    [
      "report_map_issue",
      [
        [
          38.47939467327644,
          -91.845703125
        ],
        [
          38.54816542304658,
          -90.17578125
        ]
      ]
    ],
    [
      "report_map_issue",
      [
        [
          38.410558250946075,
          -91.845703125
        ],
        [
          38.47939467327644,
          -90.17578125
        ]
      ]
    ],
    [
      "report_map_issue",
      [
        [
          38.34165619279593,
          -91.845703125
        ],
        [
          38.410558250946075,
          -90.17578125
        ]
      ]
    ],
    [
      "report_map_issue",
      [
        [
          38.27268853598096,
          -91.845703125
        ],
        [
          38.34165619279593,
          -90.17578125
        ]
      ]
    ],
    [
      "report_map_issue",
      [
        [
          38.2036553180715,
          -91.845703125
        ],
        [
          38.27268853598096,
          -90.17578125
        ]
      ]
    ],
    [
      "traffic",
      [
        [
          38.685509760012,
          -91.845703125
        ],
        [
          38.754083275791416,
          -90.17578125
        ]
      ]
    ],
    [
      "traffic",
      [
        [
          38.616870463929736,
          -91.845703125
        ],
        [
          38.685509760012,
          -90.17578125
        ]
      ]
    ],
    [
      "traffic",
      [
        [
          38.54816542304658,
          -91.845703125
        ],
        [
          38.616870463929736,
          -90.17578125
        ]
      ]
    ],
    [
      "traffic",
      [
        [
          38.47939467327644,
          -91.845703125
        ],
        [
          38.54816542304658,
          -90.17578125
        ]
      ]
    ],
    [
      "traffic",
      [
        [
          38.410558250946075,
          -91.845703125
        ],
        [
          38.47939467327644,
          -90.17578125
        ]
      ]
    ],
    [
      "traffic",
      [
        [
          38.34165619279593,
          -91.845703125
        ],
        [
          38.410558250946075,
          -90.17578125
        ]
      ]
    ],
    [
      "traffic",
      [
        [
          38.27268853598096,
          -91.845703125
        ],
        [
          38.34165619279593,
          -90.17578125
        ]
      ]
    ],
    [
      "traffic",
      [
        [
          38.2036553180715,
          -91.845703125
        ],
        [
          38.27268853598096,
          -90.17578125
        ]
      ]
    ]
  ],
  [
    [
      19,
      [
        [
          -90,
          -180
        ],
        [
          90,
          180
        ]
      ]
    ],
    [
      9,
      [
        [
          -90,
          -180
        ],
        [
          90,
          180
        ]
      ]
    ],
    [
      13,
      [
        [
          -57.000160199999996,
          -180
        ],
        [
          83.68852609999999,
          180
        ]
      ]
    ],
    [
      14,
      [
        [
          -57.000074299999994,
          -180
        ],
        [
          83.6884403,
          180
        ]
      ]
    ],
    [
      20,
      [
        [
          38.1939697,
          -92.614746
        ],
        [
          39.06738279999999,
          -91.6644287
        ]
      ]
    ],
    [
      20,
      [
        [
          38.1555175,
          -91.7138671
        ],
        [
          39.0783691,
          -90.8184814
        ]
      ]
    ],
    [
      20,
      [
        [
          38.15002440000001,
          -91.7028808
        ],
        [
          39.0783691,
          -90.81298819999999
        ]
      ]
    ],
    [
      20,
      [
        [
          38.15002440000001,
          -91.70837399999999
        ],
        [
          39.0783691,
          -90.8239746
        ]
      ]
    ],
    [
      20,
      [
        [
          38.1555175,
          -91.70837399999999
        ],
        [
          39.072875899999985,
          -90.8184814
        ]
      ]
    ],
    [
      20,
      [
        [
          38.1994628,
          -92.6092529
        ],
        [
          39.0618896,
          -91.6644287
        ]
      ]
    ],
    [
      20,
      [
        [
          38.30932609999999,
          -90.86791989999999
        ],
        [
          39.01245109999999,
          -89.75280759999998
        ]
      ]
    ],
    [
      20,
      [
        [
          37.80944819999999,
          -91.1206054
        ],
        [
          38.347778300000016,
          -89.74182119999998
        ]
      ]
    ],
    [
      20,
      [
        [
          37.814941399999995,
          -91.1315917
        ],
        [
          38.3422851,
          -89.73083489999999
        ]
      ]
    ],
    [
      20,
      [
        [
          37.814941399999995,
          -91.12609859999999
        ],
        [
          38.3422851,
          -89.7363281
        ]
      ]
    ],
    [
      20,
      [
        [
          37.814941399999995,
          -90.6207275
        ],
        [
          38.3422851,
          -89.74182119999998
        ]
      ]
    ],
    [
      20,
      [
        [
          38.1555175,
          -91.307373
        ],
        [
          39.072875899999985,
          -90.8184814
        ]
      ]
    ],
    [
      21,
      [
        [
          38.3658758,
          -90.8052185
        ],
        [
          38.9154269,
          -90.1067257
        ]
      ]
    ],
    [
      21,
      [
        [
          38.37269330000001,
          -90.8078726
        ],
        [
          38.9112011,
          -90.11898269999999
        ]
      ]
    ],
    [
      21,
      [
        [
          38.40059360000001,
          -90.312427
        ],
        [
          39.0317503,
          -89.74464229999998
        ]
      ]
    ],
    [
      13,
      [
        [
          38.28443519999999,
          -90.7851791
        ],
        [
          38.870143799999994,
          -90.18762579999999
        ]
      ]
    ],
    [
      20,
      [
        [
          38.16101069999999,
          -91.4227294
        ],
        [
          39.0783691,
          -91.04370109999999
        ]
      ]
    ],
    [
      20,
      [
        [
          38.39735089999999,
          -90.8208471
        ],
        [
          38.89370969999999,
          -90.16110549999999
        ]
      ]
    ],
    [
      21,
      [
        [
          38.426855200000006,
          -90.8151662
        ],
        [
          38.868142199999994,
          -90.1274002
        ]
      ]
    ],
    [
      20,
      [
        [
          38.39995529999999,
          -90.81167529999999
        ],
        [
          38.895049500000006,
          -90.2071376
        ]
      ]
    ],
    [
      14,
      [
        [
          38.46158980000001,
          -90.7273292
        ],
        [
          38.88439169999998,
          -90.1749229
        ]
      ]
    ],
    [
      20,
      [
        [
          38.0648803,
          -90.52185050000001
        ],
        [
          38.9328002,
          -90.2636718
        ]
      ]
    ],
    [
      21,
      [
        [
          38.09949359999999,
          -90.6904066
        ],
        [
          38.445888800000006,
          -90.0823109
        ]
      ]
    ],
    [
      20,
      [
        [
          38.1747436,
          -90.66467279999999
        ],
        [
          38.9328002,
          -90.4119873
        ]
      ]
    ],
    [
      21,
      [
        [
          38.68722249999999,
          -90.3018417
        ],
        [
          39.031870999999995,
          -89.7585837
        ]
      ]
    ],
    [
      14,
      [
        [
          38.45146169999998,
          -90.59626569999999
        ],
        [
          38.889455699999985,
          -90.17500869999999
        ]
      ]
    ],
    [
      21,
      [
        [
          38.414143499999994,
          -90.5397972
        ],
        [
          38.904720199999986,
          -90.1661018
        ]
      ]
    ],
    [
      21,
      [
        [
          38.4172696,
          -90.53233329999999
        ],
        [
          38.89864370000001,
          -90.168145
        ]
      ]
    ],
    [
      14,
      [
        [
          38.0735492,
          -90.49618720000001
        ],
        [
          38.92507549999999,
          -90.3032398
        ]
      ]
    ],
    [
      14,
      [
        [
          38.3872604,
          -92.25468629999999
        ],
        [
          38.7031173,
          -91.7374706
        ]
      ]
    ],
    [
      14,
      [
        [
          38.20306769999999,
          -90.6531715
        ],
        [
          38.92945280000001,
          -90.4459762
        ]
      ]
    ],
    [
      20,
      [
        [
          38.413696200000004,
          -90.8184814
        ],
        [
          38.93005370000001,
          -90.54656980000001
        ]
      ]
    ],
    [
      20,
      [
        [
          38.4109497,
          -90.3735351
        ],
        [
          38.92730710000001,
          -90.1263427
        ]
      ]
    ],
    [
      20,
      [
        [
          38.2846069,
          -90.3817749
        ],
        [
          38.713073699999995,
          -90.10986319999999
        ]
      ]
    ],
    [
      20,
      [
        [
          38.52081290000001,
          -90.9530639
        ],
        [
          38.946533200000005,
          -90.6838989
        ]
      ]
    ],
    [
      20,
      [
        [
          38.0648803,
          -90.49713129999999
        ],
        [
          38.5784912,
          -90.2801513
        ]
      ]
    ],
    [
      21,
      [
        [
          38.2635703,
          -90.6852152
        ],
        [
          38.446091300000006,
          -90.0845915
        ]
      ]
    ],
    [
      20,
      [
        [
          37.95776359999999,
          -91.7852783
        ],
        [
          38.471374499999996,
          -91.5792846
        ]
      ]
    ],
    [
      20,
      [
        [
          38.4329223,
          -91.78253169999999
        ],
        [
          38.924560499999984,
          -91.5737915
        ]
      ]
    ],
    [
      20,
      [
        [
          38.31481930000001,
          -91.9281005
        ],
        [
          38.80645749999999,
          -91.72210690000001
        ]
      ]
    ],
    [
      21,
      [
        [
          38.296615799999984,
          -90.6824632
        ],
        [
          38.44308319999999,
          -90.0852962
        ]
      ]
    ],
    [
      20,
      [
        [
          38.3010864,
          -90.3515625
        ],
        [
          38.70483389999998,
          -90.1373291
        ]
      ]
    ],
    [
      20,
      [
        [
          38.42742909999998,
          -90.4833984
        ],
        [
          38.924560499999984,
          -90.3103637
        ]
      ]
    ],
    [
      20,
      [
        [
          38.5455322,
          -90.6344604
        ],
        [
          38.92730710000001,
          -90.42297359999999
        ]
      ]
    ],
    [
      20,
      [
        [
          37.96325680000001,
          -90.6344604
        ],
        [
          38.34503169999999,
          -90.42297359999999
        ]
      ]
    ],
    [
      20,
      [
        [
          38.54003900000001,
          -90.78277580000001
        ],
        [
          38.92181389999999,
          -90.571289
        ]
      ]
    ],
    [
      20,
      [
        [
          38.5427856,
          -90.4943847
        ],
        [
          38.924560499999984,
          -90.2828979
        ]
      ]
    ],
    [
      20,
      [
        [
          38.323059,
          -90.62622069999999
        ],
        [
          38.8037109,
          -90.4586791
        ]
      ]
    ],
    [
      21,
      [
        [
          38.44489300000001,
          -90.3689512
        ],
        [
          38.79894189999999,
          -90.1514073
        ]
      ]
    ],
    [
      21,
      [
        [
          38.6470947,
          -90.48429829999999
        ],
        [
          38.88127370000001,
          -90.1561696
        ]
      ]
    ],
    [
      21,
      [
        [
          38.27719059999998,
          -91.07083639999999
        ],
        [
          38.45082339999999,
          -90.6335565
        ]
      ]
    ],
    [
      21,
      [
        [
          38.427044300000006,
          -91.0708826
        ],
        [
          38.6006543,
          -90.6349761
        ]
      ]
    ],
    [
      21,
      [
        [
          38.56364980000001,
          -90.43630279999999
        ],
        [
          38.77766600000001,
          -90.0845324
        ]
      ]
    ],
    [
      15,
      [
        [
          38.09942720000001,
          -90.4782915
        ],
        [
          38.55883589999999,
          -90.3146123
        ]
      ]
    ],
    [
      15,
      [
        [
          38.502016,
          -90.71707239999999
        ],
        [
          38.848729100000014,
          -90.5067443
        ]
      ]
    ],
    [
      15,
      [
        [
          38.112945499999995,
          -90.4778623
        ],
        [
          38.55716219999999,
          -90.3161573
        ]
      ]
    ],
    [
      21,
      [
        [
          38.59075759999999,
          -90.7251378
        ],
        [
          38.81304969999999,
          -90.40772659999999
        ]
      ]
    ],
    [
      20,
      [
        [
          38.1994628,
          -91.63421629999999
        ],
        [
          38.5784912,
          -91.4556884
        ]
      ]
    ],
    [
      20,
      [
        [
          38.54003900000001,
          -91.63696279999999
        ],
        [
          38.919067299999995,
          -91.458435
        ]
      ]
    ],
    [
      21,
      [
        [
          38.460218499999996,
          -90.52846149999999
        ],
        [
          38.7637728,
          -90.3066113
        ]
      ]
    ],
    [
      21,
      [
        [
          38.411497499999996,
          -90.744551
        ],
        [
          38.68287329999998,
          -90.4972755
        ]
      ]
    ],
    [
      21,
      [
        [
          38.444896400000005,
          -90.3506867
        ],
        [
          38.78232299999999,
          -90.1521047
        ]
      ]
    ],
    [
      20,
      [
        [
          38.31481930000001,
          -91.9198608
        ],
        [
          38.6938476,
          -91.7440795
        ]
      ]
    ],
    [
      20,
      [
        [
          38.07312009999998,
          -91.77703849999999
        ],
        [
          38.4521484,
          -91.6012573
        ]
      ]
    ],
    [
      20,
      [
        [
          38.658142,
          -90.3625488
        ],
        [
          38.93005370000001,
          -90.1235961
        ]
      ]
    ],
    [
      20,
      [
        [
          38.317565900000005,
          -91.9171142
        ],
        [
          38.6938476,
          -91.7523193
        ]
      ]
    ],
    [
      20,
      [
        [
          38.553771900000015,
          -90.3378295
        ],
        [
          38.92181389999999,
          -90.170288
        ]
      ]
    ],
    [
      20,
      [
        [
          38.435668899999996,
          -90.48065179999999
        ],
        [
          38.80920409999999,
          -90.3158569
        ]
      ]
    ],
    [
      15,
      [
        [
          38.5677623,
          -90.4803943
        ],
        [
          38.9159774,
          -90.3140974
        ]
      ]
    ],
    [
      15,
      [
        [
          38.651618899999995,
          -90.4778623
        ],
        [
          38.879499399999986,
          -90.225048
        ]
      ]
    ],
    [
      20,
      [
        [
          38.53729240000001,
          -90.3515625
        ],
        [
          38.80920409999999,
          -90.1428222
        ]
      ]
    ],
    [
      21,
      [
        [
          38.5606344,
          -90.38017219999999
        ],
        [
          38.749583900000005,
          -90.08304989999999
        ]
      ]
    ],
    [
      21,
      [
        [
          38.44916710000001,
          -90.5407956
        ],
        [
          38.606326499999994,
          -90.18791010000001
        ]
      ]
    ],
    [
      21,
      [
        [
          38.4586755,
          -90.5299059
        ],
        [
          38.71968799999999,
          -90.3179296
        ]
      ]
    ],
    [
      15,
      [
        [
          38.32735059999999,
          -91.9118785
        ],
        [
          38.6808872,
          -91.75729749999999
        ]
      ]
    ],
    [
      20,
      [
        [
          38.64440909999999,
          -90.9201049
        ],
        [
          38.9355468,
          -90.7415771
        ]
      ]
    ],
    [
      20,
      [
        [
          38.641662499999995,
          -90.91735829999999
        ],
        [
          38.9328002,
          -90.73883049999999
        ]
      ]
    ],
    [
      20,
      [
        [
          38.66088859999999,
          -90.6399536
        ],
        [
          38.92730710000001,
          -90.4476928
        ]
      ]
    ],
    [
      20,
      [
        [
          38.64990230000001,
          -90.3433227
        ],
        [
          38.92181389999999,
          -90.16204830000001
        ]
      ]
    ],
    [
      20,
      [
        [
          38.65264890000001,
          -90.6317138
        ],
        [
          38.92181389999999,
          -90.4504394
        ]
      ]
    ],
    [
      20,
      [
        [
          38.42742909999998,
          -90.7772827
        ],
        [
          38.69659419999999,
          -90.5987548
        ]
      ]
    ],
    [
      20,
      [
        [
          38.64990230000001,
          -90.91735829999999
        ],
        [
          38.919067299999995,
          -90.73883049999999
        ]
      ]
    ],
    [
      20,
      [
        [
          38.303833,
          -90.6317138
        ],
        [
          38.572997999999984,
          -90.453186
        ]
      ]
    ],
    [
      20,
      [
        [
          38.1912231,
          -91.06292719999999
        ],
        [
          38.46038809999999,
          -90.88439939999999
        ]
      ]
    ],
    [
      20,
      [
        [
          38.421935999999995,
          -91.20025629999999
        ],
        [
          38.691101,
          -91.02172850000001
        ]
      ]
    ],
    [
      20,
      [
        [
          38.65264890000001,
          -91.0601806
        ],
        [
          38.92181389999999,
          -90.8816528
        ]
      ]
    ],
    [
      20,
      [
        [
          38.64990230000001,
          -90.77453609999999
        ],
        [
          38.919067299999995,
          -90.5960083
        ]
      ]
    ],
    [
      20,
      [
        [
          38.42468259999998,
          -91.3458251
        ],
        [
          38.6938476,
          -91.1700439
        ]
      ]
    ],
    [
      20,
      [
        [
          38.0813598,
          -91.9198608
        ],
        [
          38.35052489999998,
          -91.74682609999999
        ]
      ]
    ],
    [
      21,
      [
        [
          38.466897200000005,
          -90.28856069999999
        ],
        [
          38.6807537,
          -90.07171009999999
        ]
      ]
    ],
    [
      20,
      [
        [
          38.658142,
          -90.7690429
        ],
        [
          38.9355468,
          -90.604248
        ]
      ]
    ],
    [
      20,
      [
        [
          38.31207269999999,
          -90.7690429
        ],
        [
          38.583984300000004,
          -90.604248
        ]
      ]
    ],
    [
      20,
      [
        [
          38.66638180000001,
          -90.77453609999999
        ],
        [
          38.92181389999999,
          -90.60150139999999
        ]
      ]
    ],
    [
      20,
      [
        [
          38.55651849999998,
          -90.9146118
        ],
        [
          38.8037109,
          -90.7360839
        ]
      ]
    ],
    [
      20,
      [
        [
          38.5784912,
          -90.3900146
        ],
        [
          38.7460327,
          -90.12908929999999
        ]
      ]
    ],
    [
      20,
      [
        [
          38.089599599999985,
          -91.3430786
        ],
        [
          38.33679190000001,
          -91.16729730000002
        ]
      ]
    ]
  ],
  [
    [
      [
        "m",
        [
          12,
          986,
          1561
        ],
        790556058
      ],
      [
        "m",
        [
          12,
          987,
          1561
        ],
        790556058
      ],
      [
        "m",
        [
          12,
          988,
          1561
        ],
        790556058
      ],
      [
        "m",
        [
          12,
          989,
          1561
        ],
        790556058
      ],
      [
        "m",
        [
          12,
          990,
          1561
        ],
        790556058
      ],
      [
        "m",
        [
          12,
          991,
          1561
        ],
        790556058
      ],
      [
        "m",
        [
          12,
          992,
          1561
        ],
        790556058
      ],
      [
        "m",
        [
          12,
          993,
          1561
        ],
        790556058
      ],
      [
        "m",
        [
          12,
          994,
          1561
        ],
        790556058
      ],
      [
        "m",
        [
          12,
          995,
          1561
        ],
        790556166
      ],
      [
        "m",
        [
          12,
          996,
          1561
        ],
        790556274
      ],
      [
        "m",
        [
          12,
          997,
          1561
        ],
        790556274
      ],
      [
        "m",
        [
          12,
          998,
          1561
        ],
        790556274
      ],
      [
        "m",
        [
          12,
          999,
          1561
        ],
        790556058
      ],
      [
        "m",
        [
          12,
          1000,
          1561
        ],
        790556058
      ],
      [
        "m",
        [
          12,
          1001,
          1561
        ],
        790556058
      ],
      [
        "m",
        [
          12,
          1002,
          1561
        ],
        790556058
      ],
      [
        "m",
        [
          12,
          1003,
          1561
        ],
        790556058
      ],
      [
        "m",
        [
          12,
          1004,
          1561
        ],
        790556238
      ],
      [
        "m",
        [
          12,
          1005,
          1561
        ],
        790556238
      ],
      [
        "m",
        [
          12,
          1006,
          1561
        ],
        790556238
      ],
      [
        "m",
        [
          12,
          1007,
          1561
        ],
        790556058
      ],
      [
        "m",
        [
          12,
          1008,
          1561
        ],
        790556058
      ],
      [
        "m",
        [
          12,
          1009,
          1561
        ],
        790556058
      ],
      [
        "m",
        [
          12,
          1010,
          1561
        ],
        790556058
      ],
      [
        "m",
        [
          12,
          1011,
          1561
        ],
        790556274
      ],
      [
        "m",
        [
          12,
          1012,
          1561
        ],
        790556274
      ],
      [
        "m",
        [
          12,
          1013,
          1561
        ],
        790556274
      ],
      [
        "m",
        [
          12,
          1014,
          1561
        ],
        790556238
      ],
      [
        "m",
        [
          12,
          1015,
          1561
        ],
        790556238
      ],
      [
        "m",
        [
          12,
          1016,
          1561
        ],
        790556238
      ],
      [
        "m",
        [
          12,
          1017,
          1561
        ],
        790556166
      ],
      [
        "m",
        [
          12,
          1018,
          1561
        ],
        790556058
      ],
      [
        "m",
        [
          12,
          1019,
          1561
        ],
        790556058
      ],
      [
        "m",
        [
          12,
          1020,
          1561
        ],
        790556058
      ],
      [
        "m",
        [
          12,
          1021,
          1561
        ],
        790556058
      ],
      [
        "m",
        [
          12,
          1022,
          1561
        ],
        790556058
      ],
      [
        "m",
        [
          12,
          1023,
          1561
        ],
        790556058
      ],
      [
        "m",
        [
          12,
          1024,
          1561
        ],
        790556058
      ],
      [
        "m",
        [
          12,
          1025,
          1561
        ],
        790556058
      ],
      [
        "m",
        [
          12,
          1026,
          1561
        ],
        790556238
      ],
      [
        "m",
        [
          12,
          1027,
          1561
        ],
        790556238
      ],
      [
        "m",
        [
          12,
          1028,
          1561
        ],
        790556238
      ],
      [
        "m",
        [
          12,
          1029,
          1561
        ],
        790556166
      ],
      [
        "m",
        [
          12,
          1030,
          1561
        ],
        790556166
      ],
      [
        "m",
        [
          12,
          1031,
          1561
        ],
        790556238
      ],
      [
        "m",
        [
          12,
          1032,
          1561
        ],
        790556238
      ],
      [
        "m",
        [
          12,
          1033,
          1561
        ],
        790556238
      ],
      [
        "m",
        [
          12,
          1034,
          1561
        ],
        790556058
      ],
      [
        "m",
        [
          12,
          1035,
          1561
        ],
        790556058
      ],
      [
        "m",
        [
          12,
          1036,
          1561
        ],
        790556166
      ],
      [
        "m",
        [
          12,
          1037,
          1561
        ],
        790556166
      ],
      [
        "m",
        [
          12,
          1038,
          1561
        ],
        790556166
      ],
      [
        "m",
        [
          12,
          986,
          1562
        ],
        790556058
      ],
      [
        "m",
        [
          12,
          987,
          1562
        ],
        790556058
      ],
      [
        "m",
        [
          12,
          988,
          1562
        ],
        790556058
      ],
      [
        "m",
        [
          12,
          989,
          1562
        ],
        790556058
      ],
      [
        "m",
        [
          12,
          990,
          1562
        ],
        790556058
      ],
      [
        "m",
        [
          12,
          991,
          1562
        ],
        790556058
      ],
      [
        "m",
        [
          12,
          992,
          1562
        ],
        790556058
      ],
      [
        "m",
        [
          12,
          993,
          1562
        ],
        790556058
      ],
      [
        "m",
        [
          12,
          994,
          1562
        ],
        790556058
      ],
      [
        "m",
        [
          12,
          995,
          1562
        ],
        790556166
      ],
      [
        "m",
        [
          12,
          996,
          1562
        ],
        790556274
      ],
      [
        "m",
        [
          12,
          997,
          1562
        ],
        790556274
      ],
      [
        "m",
        [
          12,
          998,
          1562
        ],
        790556274
      ],
      [
        "m",
        [
          12,
          999,
          1562
        ],
        790556238
      ],
      [
        "m",
        [
          12,
          1000,
          1562
        ],
        790556058
      ],
      [
        "m",
        [
          12,
          1001,
          1562
        ],
        790556058
      ],
      [
        "m",
        [
          12,
          1002,
          1562
        ],
        790556058
      ],
      [
        "m",
        [
          12,
          1003,
          1562
        ],
        790556058
      ],
      [
        "m",
        [
          12,
          1004,
          1562
        ],
        790556238
      ],
      [
        "m",
        [
          12,
          1005,
          1562
        ],
        790556238
      ],
      [
        "m",
        [
          12,
          1006,
          1562
        ],
        790556238
      ],
      [
        "m",
        [
          12,
          1007,
          1562
        ],
        790556058
      ],
      [
        "m",
        [
          12,
          1008,
          1562
        ],
        790556058
      ],
      [
        "m",
        [
          12,
          1009,
          1562
        ],
        790556058
      ],
      [
        "m",
        [
          12,
          1010,
          1562
        ],
        790556058
      ],
      [
        "m",
        [
          12,
          1011,
          1562
        ],
        790556274
      ],
      [
        "m",
        [
          12,
          1012,
          1562
        ],
        790556274
      ],
      [
        "m",
        [
          12,
          1013,
          1562
        ],
        790556274
      ],
      [
        "m",
        [
          12,
          1014,
          1562
        ],
        790556238
      ],
      [
        "m",
        [
          12,
          1015,
          1562
        ],
        790556238
      ],
      [
        "m",
        [
          12,
          1016,
          1562
        ],
        790556238
      ],
      [
        "m",
        [
          12,
          1017,
          1562
        ],
        790556166
      ],
      [
        "m",
        [
          12,
          1018,
          1562
        ],
        790556058
      ],
      [
        "m",
        [
          12,
          1019,
          1562
        ],
        790556058
      ],
      [
        "m",
        [
          12,
          1020,
          1562
        ],
        790556058
      ],
      [
        "m",
        [
          12,
          1021,
          1562
        ],
        790556058
      ],
      [
        "m",
        [
          12,
          1022,
          1562
        ],
        790556112
      ],
      [
        "m",
        [
          12,
          1023,
          1562
        ],
        790556112
      ],
      [
        "m",
        [
          12,
          1024,
          1562
        ],
        790556166
      ],
      [
        "m",
        [
          12,
          1025,
          1562
        ],
        790556166
      ],
      [
        "m",
        [
          12,
          1026,
          1562
        ],
        790556238
      ],
      [
        "m",
        [
          12,
          1027,
          1562
        ],
        790556238
      ],
      [
        "m",
        [
          12,
          1028,
          1562
        ],
        790556238
      ],
      [
        "m",
        [
          12,
          1029,
          1562
        ],
        790556166
      ],
      [
        "m",
        [
          12,
          1030,
          1562
        ],
        790556166
      ],
      [
        "m",
        [
          12,
          1031,
          1562
        ],
        790556238
      ],
      [
        "m",
        [
          12,
          1032,
          1562
        ],
        790556238
      ],
      [
        "m",
        [
          12,
          1033,
          1562
        ],
        790556238
      ],
      [
        "m",
        [
          12,
          1034,
          1562
        ],
        790556058
      ],
      [
        "m",
        [
          12,
          1035,
          1562
        ],
        790556058
      ],
      [
        "m",
        [
          12,
          1036,
          1562
        ],
        790556166
      ],
      [
        "m",
        [
          12,
          1037,
          1562
        ],
        790556166
      ],
      [
        "m",
        [
          12,
          1038,
          1562
        ],
        790556166
      ],
      [
        "m",
        [
          12,
          986,
          1563
        ],
        790556238
      ],
      [
        "m",
        [
          12,
          987,
          1563
        ],
        790556238
      ],
      [
        "m",
        [
          12,
          988,
          1563
        ],
        790556238
      ],
      [
        "m",
        [
          12,
          989,
          1563
        ],
        790556058
      ],
      [
        "m",
        [
          12,
          990,
          1563
        ],
        790556058
      ],
      [
        "m",
        [
          12,
          991,
          1563
        ],
        790556058
      ],
      [
        "m",
        [
          12,
          992,
          1563
        ],
        790556058
      ],
      [
        "m",
        [
          12,
          993,
          1563
        ],
        790556238
      ],
      [
        "m",
        [
          12,
          994,
          1563
        ],
        790556238
      ],
      [
        "m",
        [
          12,
          995,
          1563
        ],
        790556238
      ],
      [
        "m",
        [
          12,
          996,
          1563
        ],
        790556274
      ],
      [
        "m",
        [
          12,
          997,
          1563
        ],
        790556274
      ],
      [
        "m",
        [
          12,
          998,
          1563
        ],
        790556274
      ],
      [
        "m",
        [
          12,
          999,
          1563
        ],
        790556238
      ],
      [
        "m",
        [
          12,
          1000,
          1563
        ],
        790556058
      ],
      [
        "m",
        [
          12,
          1001,
          1563
        ],
        790556058
      ],
      [
        "m",
        [
          12,
          1002,
          1563
        ],
        790556058
      ],
      [
        "m",
        [
          12,
          1003,
          1563
        ],
        790556058
      ],
      [
        "m",
        [
          12,
          1004,
          1563
        ],
        790556058
      ],
      [
        "m",
        [
          12,
          1005,
          1563
        ],
        790556238
      ],
      [
        "m",
        [
          12,
          1006,
          1563
        ],
        790556238
      ],
      [
        "m",
        [
          12,
          1007,
          1563
        ],
        790556238
      ],
      [
        "m",
        [
          12,
          1008,
          1563
        ],
        790556058
      ],
      [
        "m",
        [
          12,
          1009,
          1563
        ],
        790556058
      ],
      [
        "m",
        [
          12,
          1010,
          1563
        ],
        790556058
      ],
      [
        "m",
        [
          12,
          1011,
          1563
        ],
        790556274
      ],
      [
        "m",
        [
          12,
          1012,
          1563
        ],
        790556274
      ],
      [
        "m",
        [
          12,
          1013,
          1563
        ],
        790556274
      ],
      [
        "m",
        [
          12,
          1014,
          1563
        ],
        790556238
      ],
      [
        "m",
        [
          12,
          1015,
          1563
        ],
        790556238
      ],
      [
        "m",
        [
          12,
          1016,
          1563
        ],
        790556238
      ],
      [
        "m",
        [
          12,
          1017,
          1563
        ],
        790556058
      ],
      [
        "m",
        [
          12,
          1018,
          1563
        ],
        790556058
      ],
      [
        "m",
        [
          12,
          1019,
          1563
        ],
        790556058
      ],
      [
        "m",
        [
          12,
          1020,
          1563
        ],
        790556058
      ],
      [
        "m",
        [
          12,
          1021,
          1563
        ],
        790556058
      ],
      [
        "m",
        [
          12,
          1022,
          1563
        ],
        790556166
      ],
      [
        "m",
        [
          12,
          1023,
          1563
        ],
        790556166
      ],
      [
        "m",
        [
          12,
          1024,
          1563
        ],
        790556166
      ],
      [
        "m",
        [
          12,
          1025,
          1563
        ],
        790556166
      ],
      [
        "m",
        [
          12,
          1026,
          1563
        ],
        790556238
      ],
      [
        "m",
        [
          12,
          1027,
          1563
        ],
        790556238
      ],
      [
        "m",
        [
          12,
          1028,
          1563
        ],
        790556238
      ],
      [
        "m",
        [
          12,
          1029,
          1563
        ],
        790556238
      ],
      [
        "m",
        [
          12,
          1030,
          1563
        ],
        790556238
      ],
      [
        "m",
        [
          12,
          1031,
          1563
        ],
        790556166
      ],
      [
        "m",
        [
          12,
          1032,
          1563
        ],
        790556058
      ],
      [
        "m",
        [
          12,
          1033,
          1563
        ],
        790556058
      ],
      [
        "m",
        [
          12,
          1034,
          1563
        ],
        790556058
      ],
      [
        "m",
        [
          12,
          1035,
          1563
        ],
        790556058
      ],
      [
        "m",
        [
          12,
          1036,
          1563
        ],
        790556058
      ],
      [
        "m",
        [
          12,
          1037,
          1563
        ],
        790556238
      ],
      [
        "m",
        [
          12,
          1038,
          1563
        ],
        790556238
      ],
      [
        "m",
        [
          12,
          986,
          1564
        ],
        790556418
      ],
      [
        "m",
        [
          12,
          987,
          1564
        ],
        790556418
      ],
      [
        "m",
        [
          12,
          988,
          1564
        ],
        790556418
      ],
      [
        "m",
        [
          12,
          989,
          1564
        ],
        790556058
      ],
      [
        "m",
        [
          12,
          990,
          1564
        ],
        790556058
      ],
      [
        "m",
        [
          12,
          991,
          1564
        ],
        790556238
      ],
      [
        "m",
        [
          12,
          992,
          1564
        ],
        790556238
      ],
      [
        "m",
        [
          12,
          993,
          1564
        ],
        790556238
      ],
      [
        "m",
        [
          12,
          994,
          1564
        ],
        790556238
      ],
      [
        "m",
        [
          12,
          995,
          1564
        ],
        790556238
      ],
      [
        "m",
        [
          12,
          996,
          1564
        ],
        790556364
      ],
      [
        "m",
        [
          12,
          997,
          1564
        ],
        790556364
      ],
      [
        "m",
        [
          12,
          998,
          1564
        ],
        790556364
      ],
      [
        "m",
        [
          12,
          999,
          1564
        ],
        790556364
      ],
      [
        "m",
        [
          12,
          1000,
          1564
        ],
        790556058
      ],
      [
        "m",
        [
          12,
          1001,
          1564
        ],
        790556058
      ],
      [
        "m",
        [
          12,
          1002,
          1564
        ],
        790556058
      ],
      [
        "m",
        [
          12,
          1003,
          1564
        ],
        790556058
      ],
      [
        "m",
        [
          12,
          1004,
          1564
        ],
        790556058
      ],
      [
        "m",
        [
          12,
          1005,
          1564
        ],
        790556238
      ],
      [
        "m",
        [
          12,
          1006,
          1564
        ],
        790556238
      ],
      [
        "m",
        [
          12,
          1007,
          1564
        ],
        790556238
      ],
      [
        "m",
        [
          12,
          1008,
          1564
        ],
        790556166
      ],
      [
        "m",
        [
          12,
          1009,
          1564
        ],
        790556166
      ],
      [
        "m",
        [
          12,
          1010,
          1564
        ],
        790556166
      ],
      [
        "m",
        [
          12,
          1011,
          1564
        ],
        790556166
      ],
      [
        "m",
        [
          12,
          1012,
          1564
        ],
        790556166
      ],
      [
        "m",
        [
          12,
          1013,
          1564
        ],
        790556166
      ],
      [
        "m",
        [
          12,
          1014,
          1564
        ],
        790556166
      ],
      [
        "m",
        [
          12,
          1015,
          1564
        ],
        790556166
      ],
      [
        "m",
        [
          12,
          1016,
          1564
        ],
        790556058
      ],
      [
        "m",
        [
          12,
          1017,
          1564
        ],
        790556238
      ],
      [
        "m",
        [
          12,
          1018,
          1564
        ],
        790556238
      ],
      [
        "m",
        [
          12,
          1019,
          1564
        ],
        790556238
      ],
      [
        "m",
        [
          12,
          1020,
          1564
        ],
        790556166
      ],
      [
        "m",
        [
          12,
          1021,
          1564
        ],
        790556166
      ],
      [
        "m",
        [
          12,
          1022,
          1564
        ],
        790556166
      ],
      [
        "m",
        [
          12,
          1023,
          1564
        ],
        790556166
      ],
      [
        "m",
        [
          12,
          1024,
          1564
        ],
        790556166
      ],
      [
        "m",
        [
          12,
          1025,
          1564
        ],
        790556166
      ],
      [
        "m",
        [
          12,
          1026,
          1564
        ],
        790556166
      ],
      [
        "m",
        [
          12,
          1027,
          1564
        ],
        790556166
      ],
      [
        "m",
        [
          12,
          1028,
          1564
        ],
        790556238
      ],
      [
        "m",
        [
          12,
          1029,
          1564
        ],
        790556472
      ],
      [
        "m",
        [
          12,
          1030,
          1564
        ],
        790556472
      ],
      [
        "m",
        [
          12,
          1031,
          1564
        ],
        790556472
      ],
      [
        "m",
        [
          12,
          1032,
          1564
        ],
        790556058
      ],
      [
        "m",
        [
          12,
          1033,
          1564
        ],
        790556166
      ],
      [
        "m",
        [
          12,
          1034,
          1564
        ],
        790556166
      ],
      [
        "m",
        [
          12,
          1035,
          1564
        ],
        790556166
      ],
      [
        "m",
        [
          12,
          1036,
          1564
        ],
        790556166
      ],
      [
        "m",
        [
          12,
          1037,
          1564
        ],
        790556238
      ],
      [
        "m",
        [
          12,
          1038,
          1564
        ],
        790556238
      ],
      [
        "m",
        [
          12,
          986,
          1565
        ],
        790556418
      ],
      [
        "m",
        [
          12,
          987,
          1565
        ],
        790556418
      ],
      [
        "m",
        [
          12,
          988,
          1565
        ],
        790556418
      ],
      [
        "m",
        [
          12,
          989,
          1565
        ],
        790556058
      ],
      [
        "m",
        [
          12,
          990,
          1565
        ],
        790556058
      ],
      [
        "m",
        [
          12,
          991,
          1565
        ],
        790556238
      ],
      [
        "m",
        [
          12,
          992,
          1565
        ],
        790556238
      ],
      [
        "m",
        [
          12,
          993,
          1565
        ],
        790556238
      ],
      [
        "m",
        [
          12,
          994,
          1565
        ],
        790556238
      ],
      [
        "m",
        [
          12,
          995,
          1565
        ],
        790556238
      ],
      [
        "m",
        [
          12,
          996,
          1565
        ],
        790556364
      ],
      [
        "m",
        [
          12,
          997,
          1565
        ],
        790556364
      ],
      [
        "m",
        [
          12,
          998,
          1565
        ],
        790556364
      ],
      [
        "m",
        [
          12,
          999,
          1565
        ],
        790556364
      ],
      [
        "m",
        [
          12,
          1000,
          1565
        ],
        790556364
      ],
      [
        "m",
        [
          12,
          1001,
          1565
        ],
        790556364
      ],
      [
        "m",
        [
          12,
          1002,
          1565
        ],
        790556364
      ],
      [
        "m",
        [
          12,
          1003,
          1565
        ],
        790556058
      ],
      [
        "m",
        [
          12,
          1004,
          1565
        ],
        790556058
      ],
      [
        "m",
        [
          12,
          1005,
          1565
        ],
        790556238
      ],
      [
        "m",
        [
          12,
          1006,
          1565
        ],
        790556238
      ],
      [
        "m",
        [
          12,
          1007,
          1565
        ],
        790556238
      ],
      [
        "m",
        [
          12,
          1008,
          1565
        ],
        790556166
      ],
      [
        "m",
        [
          12,
          1009,
          1565
        ],
        790556166
      ],
      [
        "m",
        [
          12,
          1010,
          1565
        ],
        790556166
      ],
      [
        "m",
        [
          12,
          1011,
          1565
        ],
        790556166
      ],
      [
        "m",
        [
          12,
          1012,
          1565
        ],
        790556238
      ],
      [
        "m",
        [
          12,
          1013,
          1565
        ],
        790556238
      ],
      [
        "m",
        [
          12,
          1014,
          1565
        ],
        790556238
      ],
      [
        "m",
        [
          12,
          1015,
          1565
        ],
        790556166
      ],
      [
        "m",
        [
          12,
          1016,
          1565
        ],
        790556058
      ],
      [
        "m",
        [
          12,
          1017,
          1565
        ],
        790556238
      ],
      [
        "m",
        [
          12,
          1018,
          1565
        ],
        790556238
      ],
      [
        "m",
        [
          12,
          1019,
          1565
        ],
        790556238
      ],
      [
        "m",
        [
          12,
          1020,
          1565
        ],
        790556166
      ],
      [
        "m",
        [
          12,
          1021,
          1565
        ],
        790556364
      ],
      [
        "m",
        [
          12,
          1022,
          1565
        ],
        790556364
      ],
      [
        "m",
        [
          12,
          1023,
          1565
        ],
        790556364
      ],
      [
        "m",
        [
          12,
          1024,
          1565
        ],
        790556166
      ],
      [
        "m",
        [
          12,
          1025,
          1565
        ],
        790556166
      ],
      [
        "m",
        [
          12,
          1026,
          1565
        ],
        790556166
      ],
      [
        "m",
        [
          12,
          1027,
          1565
        ],
        790556166
      ],
      [
        "m",
        [
          12,
          1028,
          1565
        ],
        790556238
      ],
      [
        "m",
        [
          12,
          1029,
          1565
        ],
        790556472
      ],
      [
        "m",
        [
          12,
          1030,
          1565
        ],
        790556472
      ],
      [
        "m",
        [
          12,
          1031,
          1565
        ],
        790556472
      ],
      [
        "m",
        [
          12,
          1032,
          1565
        ],
        790556166
      ],
      [
        "m",
        [
          12,
          1033,
          1565
        ],
        790556166
      ],
      [
        "m",
        [
          12,
          1034,
          1565
        ],
        790556166
      ],
      [
        "m",
        [
          12,
          1035,
          1565
        ],
        790556166
      ],
      [
        "m",
        [
          12,
          1036,
          1565
        ],
        790556166
      ],
      [
        "m",
        [
          12,
          1037,
          1565
        ],
        790556238
      ],
      [
        "m",
        [
          12,
          1038,
          1565
        ],
        790556238
      ],
      [
        "m",
        [
          12,
          986,
          1566
        ],
        790556418
      ],
      [
        "m",
        [
          12,
          987,
          1566
        ],
        790556418
      ],
      [
        "m",
        [
          12,
          988,
          1566
        ],
        790556418
      ],
      [
        "m",
        [
          12,
          989,
          1566
        ],
        790556166
      ],
      [
        "m",
        [
          12,
          990,
          1566
        ],
        790556058
      ],
      [
        "m",
        [
          12,
          991,
          1566
        ],
        790556238
      ],
      [
        "m",
        [
          12,
          992,
          1566
        ],
        790556238
      ],
      [
        "m",
        [
          12,
          993,
          1566
        ],
        790556238
      ],
      [
        "m",
        [
          12,
          994,
          1566
        ],
        790556166
      ],
      [
        "m",
        [
          12,
          995,
          1566
        ],
        790556166
      ],
      [
        "m",
        [
          12,
          996,
          1566
        ],
        790556364
      ],
      [
        "m",
        [
          12,
          997,
          1566
        ],
        790556364
      ],
      [
        "m",
        [
          12,
          998,
          1566
        ],
        790556364
      ],
      [
        "m",
        [
          12,
          999,
          1566
        ],
        790556364
      ],
      [
        "m",
        [
          12,
          1000,
          1566
        ],
        790556364
      ],
      [
        "m",
        [
          12,
          1001,
          1566
        ],
        790556364
      ],
      [
        "m",
        [
          12,
          1002,
          1566
        ],
        790556364
      ],
      [
        "m",
        [
          12,
          1003,
          1566
        ],
        790556166
      ],
      [
        "m",
        [
          12,
          1004,
          1566
        ],
        790556166
      ],
      [
        "m",
        [
          12,
          1005,
          1566
        ],
        790556238
      ],
      [
        "m",
        [
          12,
          1006,
          1566
        ],
        790556238
      ],
      [
        "m",
        [
          12,
          1007,
          1566
        ],
        790556238
      ],
      [
        "m",
        [
          12,
          1008,
          1566
        ],
        790556166
      ],
      [
        "m",
        [
          12,
          1009,
          1566
        ],
        790556166
      ],
      [
        "m",
        [
          12,
          1010,
          1566
        ],
        790556166
      ],
      [
        "m",
        [
          12,
          1011,
          1566
        ],
        790556166
      ],
      [
        "m",
        [
          12,
          1012,
          1566
        ],
        790556238
      ],
      [
        "m",
        [
          12,
          1013,
          1566
        ],
        790556238
      ],
      [
        "m",
        [
          12,
          1014,
          1566
        ],
        790556238
      ],
      [
        "m",
        [
          12,
          1015,
          1566
        ],
        790556166
      ],
      [
        "m",
        [
          12,
          1016,
          1566
        ],
        790556058
      ],
      [
        "m",
        [
          12,
          1017,
          1566
        ],
        790556238
      ],
      [
        "m",
        [
          12,
          1018,
          1566
        ],
        790556238
      ],
      [
        "m",
        [
          12,
          1019,
          1566
        ],
        790556238
      ],
      [
        "m",
        [
          12,
          1020,
          1566
        ],
        790556166
      ],
      [
        "m",
        [
          12,
          1021,
          1566
        ],
        790556364
      ],
      [
        "m",
        [
          12,
          1022,
          1566
        ],
        790556364
      ],
      [
        "m",
        [
          12,
          1023,
          1566
        ],
        790556364
      ],
      [
        "m",
        [
          12,
          1024,
          1566
        ],
        790556238
      ],
      [
        "m",
        [
          12,
          1025,
          1566
        ],
        790556166
      ],
      [
        "m",
        [
          12,
          1026,
          1566
        ],
        790556238
      ],
      [
        "m",
        [
          12,
          1027,
          1566
        ],
        790556238
      ],
      [
        "m",
        [
          12,
          1028,
          1566
        ],
        790556238
      ],
      [
        "m",
        [
          12,
          1029,
          1566
        ],
        790556472
      ],
      [
        "m",
        [
          12,
          1030,
          1566
        ],
        790556472
      ],
      [
        "m",
        [
          12,
          1031,
          1566
        ],
        790556472
      ],
      [
        "m",
        [
          12,
          1032,
          1566
        ],
        790556166
      ],
      [
        "m",
        [
          12,
          1033,
          1566
        ],
        790556166
      ],
      [
        "m",
        [
          12,
          1034,
          1566
        ],
        790556166
      ],
      [
        "m",
        [
          12,
          1035,
          1566
        ],
        790556166
      ],
      [
        "m",
        [
          12,
          1036,
          1566
        ],
        790556418
      ],
      [
        "m",
        [
          12,
          1037,
          1566
        ],
        790556418
      ],
      [
        "m",
        [
          12,
          1038,
          1566
        ],
        790556418
      ],
      [
        "m",
        [
          12,
          986,
          1567
        ],
        790556238
      ],
      [
        "m",
        [
          12,
          987,
          1567
        ],
        790556238
      ],
      [
        "m",
        [
          12,
          988,
          1567
        ],
        790556238
      ],
      [
        "m",
        [
          12,
          989,
          1567
        ],
        790556166
      ],
      [
        "m",
        [
          12,
          990,
          1567
        ],
        790556058
      ],
      [
        "m",
        [
          12,
          991,
          1567
        ],
        790556058
      ],
      [
        "m",
        [
          12,
          992,
          1567
        ],
        790556058
      ],
      [
        "m",
        [
          12,
          993,
          1567
        ],
        790556058
      ],
      [
        "m",
        [
          12,
          994,
          1567
        ],
        790556166
      ],
      [
        "m",
        [
          12,
          995,
          1567
        ],
        790556166
      ],
      [
        "m",
        [
          12,
          996,
          1567
        ],
        790556238
      ],
      [
        "m",
        [
          12,
          997,
          1567
        ],
        790556364
      ],
      [
        "m",
        [
          12,
          998,
          1567
        ],
        790556364
      ],
      [
        "m",
        [
          12,
          999,
          1567
        ],
        790556364
      ],
      [
        "m",
        [
          12,
          1000,
          1567
        ],
        790556364
      ],
      [
        "m",
        [
          12,
          1001,
          1567
        ],
        790556364
      ],
      [
        "m",
        [
          12,
          1002,
          1567
        ],
        790556364
      ],
      [
        "m",
        [
          12,
          1003,
          1567
        ],
        790556166
      ],
      [
        "m",
        [
          12,
          1004,
          1567
        ],
        790556166
      ],
      [
        "m",
        [
          12,
          1005,
          1567
        ],
        790556166
      ],
      [
        "m",
        [
          12,
          1006,
          1567
        ],
        790556166
      ],
      [
        "m",
        [
          12,
          1007,
          1567
        ],
        790556166
      ],
      [
        "m",
        [
          12,
          1008,
          1567
        ],
        790556166
      ],
      [
        "m",
        [
          12,
          1009,
          1567
        ],
        790556166
      ],
      [
        "m",
        [
          12,
          1010,
          1567
        ],
        790556166
      ],
      [
        "m",
        [
          12,
          1011,
          1567
        ],
        790556166
      ],
      [
        "m",
        [
          12,
          1012,
          1567
        ],
        790556238
      ],
      [
        "m",
        [
          12,
          1013,
          1567
        ],
        790556472
      ],
      [
        "m",
        [
          12,
          1014,
          1567
        ],
        790556472
      ],
      [
        "m",
        [
          12,
          1015,
          1567
        ],
        790556472
      ],
      [
        "m",
        [
          12,
          1016,
          1567
        ],
        790556274
      ],
      [
        "m",
        [
          12,
          1017,
          1567
        ],
        790556274
      ],
      [
        "m",
        [
          12,
          1018,
          1567
        ],
        790556364
      ],
      [
        "m",
        [
          12,
          1019,
          1567
        ],
        790556364
      ],
      [
        "m",
        [
          12,
          1020,
          1567
        ],
        790556364
      ],
      [
        "m",
        [
          12,
          1021,
          1567
        ],
        790556364
      ],
      [
        "m",
        [
          12,
          1022,
          1567
        ],
        790556364
      ],
      [
        "m",
        [
          12,
          1023,
          1567
        ],
        790556364
      ],
      [
        "m",
        [
          12,
          1024,
          1567
        ],
        790556238
      ],
      [
        "m",
        [
          12,
          1025,
          1567
        ],
        790556238
      ],
      [
        "m",
        [
          12,
          1026,
          1567
        ],
        790556238
      ],
      [
        "m",
        [
          12,
          1027,
          1567
        ],
        790556238
      ],
      [
        "m",
        [
          12,
          1028,
          1567
        ],
        790556238
      ],
      [
        "m",
        [
          12,
          1029,
          1567
        ],
        790556166
      ],
      [
        "m",
        [
          12,
          1030,
          1567
        ],
        790556166
      ],
      [
        "m",
        [
          12,
          1031,
          1567
        ],
        790556166
      ],
      [
        "m",
        [
          12,
          1032,
          1567
        ],
        790556166
      ],
      [
        "m",
        [
          12,
          1033,
          1567
        ],
        790556166
      ],
      [
        "m",
        [
          12,
          1034,
          1567
        ],
        790556166
      ],
      [
        "m",
        [
          12,
          1035,
          1567
        ],
        790556166
      ],
      [
        "m",
        [
          12,
          1036,
          1567
        ],
        790556418
      ],
      [
        "m",
        [
          12,
          1037,
          1567
        ],
        790556418
      ],
      [
        "m",
        [
          12,
          1038,
          1567
        ],
        790556418
      ],
      [
        "m",
        [
          12,
          986,
          1568
        ],
        790556364
      ],
      [
        "m",
        [
          12,
          987,
          1568
        ],
        790556364
      ],
      [
        "m",
        [
          12,
          988,
          1568
        ],
        790556238
      ],
      [
        "m",
        [
          12,
          989,
          1568
        ],
        790556238
      ],
      [
        "m",
        [
          12,
          990,
          1568
        ],
        790556238
      ],
      [
        "m",
        [
          12,
          991,
          1568
        ],
        790556058
      ],
      [
        "m",
        [
          12,
          992,
          1568
        ],
        790556058
      ],
      [
        "m",
        [
          12,
          993,
          1568
        ],
        790556058
      ],
      [
        "m",
        [
          12,
          994,
          1568
        ],
        790556166
      ],
      [
        "m",
        [
          12,
          995,
          1568
        ],
        790556166
      ],
      [
        "m",
        [
          12,
          996,
          1568
        ],
        790556166
      ],
      [
        "m",
        [
          12,
          997,
          1568
        ],
        790556238
      ],
      [
        "m",
        [
          12,
          998,
          1568
        ],
        790556238
      ],
      [
        "m",
        [
          12,
          999,
          1568
        ],
        790556238
      ],
      [
        "m",
        [
          12,
          1000,
          1568
        ],
        790556166
      ],
      [
        "m",
        [
          12,
          1001,
          1568
        ],
        790556166
      ],
      [
        "m",
        [
          12,
          1002,
          1568
        ],
        790556166
      ],
      [
        "m",
        [
          12,
          1003,
          1568
        ],
        790556166
      ],
      [
        "m",
        [
          12,
          1004,
          1568
        ],
        790556166
      ],
      [
        "m",
        [
          12,
          1005,
          1568
        ],
        790556166
      ],
      [
        "m",
        [
          12,
          1006,
          1568
        ],
        790556058
      ],
      [
        "m",
        [
          12,
          1007,
          1568
        ],
        790556238
      ],
      [
        "m",
        [
          12,
          1008,
          1568
        ],
        790556238
      ],
      [
        "m",
        [
          12,
          1009,
          1568
        ],
        790556238
      ],
      [
        "m",
        [
          12,
          1010,
          1568
        ],
        790556166
      ],
      [
        "m",
        [
          12,
          1011,
          1568
        ],
        790556238
      ],
      [
        "m",
        [
          12,
          1012,
          1568
        ],
        790556274
      ],
      [
        "m",
        [
          12,
          1013,
          1568
        ],
        790556472
      ],
      [
        "m",
        [
          12,
          1014,
          1568
        ],
        790556472
      ],
      [
        "m",
        [
          12,
          1015,
          1568
        ],
        790556472
      ],
      [
        "m",
        [
          12,
          1016,
          1568
        ],
        790556364
      ],
      [
        "m",
        [
          12,
          1017,
          1568
        ],
        790556364
      ],
      [
        "m",
        [
          12,
          1018,
          1568
        ],
        790556364
      ],
      [
        "m",
        [
          12,
          1019,
          1568
        ],
        790556364
      ],
      [
        "m",
        [
          12,
          1020,
          1568
        ],
        790556364
      ],
      [
        "m",
        [
          12,
          1021,
          1568
        ],
        790556238
      ],
      [
        "m",
        [
          12,
          1022,
          1568
        ],
        790556238
      ],
      [
        "m",
        [
          12,
          1023,
          1568
        ],
        790556238
      ],
      [
        "m",
        [
          12,
          1024,
          1568
        ],
        790556238
      ],
      [
        "m",
        [
          12,
          1025,
          1568
        ],
        790556238
      ],
      [
        "m",
        [
          12,
          1026,
          1568
        ],
        790556238
      ],
      [
        "m",
        [
          12,
          1027,
          1568
        ],
        790556238
      ],
      [
        "m",
        [
          12,
          1028,
          1568
        ],
        790556238
      ],
      [
        "m",
        [
          12,
          1029,
          1568
        ],
        790556166
      ],
      [
        "m",
        [
          12,
          1030,
          1568
        ],
        790556166
      ],
      [
        "m",
        [
          12,
          1031,
          1568
        ],
        790556166
      ],
      [
        "m",
        [
          12,
          1032,
          1568
        ],
        790556166
      ],
      [
        "m",
        [
          12,
          1033,
          1568
        ],
        790556166
      ],
      [
        "m",
        [
          12,
          1034,
          1568
        ],
        790556166
      ],
      [
        "m",
        [
          12,
          1035,
          1568
        ],
        790556166
      ],
      [
        "m",
        [
          12,
          1036,
          1568
        ],
        790556418
      ],
      [
        "m",
        [
          12,
          1037,
          1568
        ],
        790556418
      ],
      [
        "m",
        [
          12,
          1038,
          1568
        ],
        790556418
      ],
      [
        "m",
        [
          12,
          986,
          1569
        ],
        790556364
      ],
      [
        "m",
        [
          12,
          987,
          1569
        ],
        790556364
      ],
      [
        "m",
        [
          12,
          988,
          1569
        ],
        790556238
      ],
      [
        "m",
        [
          12,
          989,
          1569
        ],
        790556238
      ],
      [
        "m",
        [
          12,
          990,
          1569
        ],
        790556238
      ],
      [
        "m",
        [
          12,
          991,
          1569
        ],
        790556238
      ],
      [
        "m",
        [
          12,
          992,
          1569
        ],
        790556238
      ],
      [
        "m",
        [
          12,
          993,
          1569
        ],
        790556238
      ],
      [
        "m",
        [
          12,
          994,
          1569
        ],
        790556166
      ],
      [
        "m",
        [
          12,
          995,
          1569
        ],
        790556166
      ],
      [
        "m",
        [
          12,
          996,
          1569
        ],
        790556166
      ],
      [
        "m",
        [
          12,
          997,
          1569
        ],
        790556238
      ],
      [
        "m",
        [
          12,
          998,
          1569
        ],
        790556238
      ],
      [
        "m",
        [
          12,
          999,
          1569
        ],
        790556238
      ],
      [
        "m",
        [
          12,
          1000,
          1569
        ],
        790556238
      ],
      [
        "m",
        [
          12,
          1001,
          1569
        ],
        790556238
      ],
      [
        "m",
        [
          12,
          1002,
          1569
        ],
        790556166
      ],
      [
        "m",
        [
          12,
          1003,
          1569
        ],
        790556166
      ],
      [
        "m",
        [
          12,
          1004,
          1569
        ],
        790556166
      ],
      [
        "m",
        [
          12,
          1005,
          1569
        ],
        790556166
      ],
      [
        "m",
        [
          12,
          1006,
          1569
        ],
        790556058
      ],
      [
        "m",
        [
          12,
          1007,
          1569
        ],
        790556238
      ],
      [
        "m",
        [
          12,
          1008,
          1569
        ],
        790556238
      ],
      [
        "m",
        [
          12,
          1009,
          1569
        ],
        790556238
      ],
      [
        "m",
        [
          12,
          1010,
          1569
        ],
        790556058
      ],
      [
        "m",
        [
          12,
          1011,
          1569
        ],
        790556238
      ],
      [
        "m",
        [
          12,
          1012,
          1569
        ],
        790556274
      ],
      [
        "m",
        [
          12,
          1013,
          1569
        ],
        790556472
      ],
      [
        "m",
        [
          12,
          1014,
          1569
        ],
        790556472
      ],
      [
        "m",
        [
          12,
          1015,
          1569
        ],
        790556472
      ],
      [
        "m",
        [
          12,
          1016,
          1569
        ],
        790556418
      ],
      [
        "m",
        [
          12,
          1017,
          1569
        ],
        790556418
      ],
      [
        "m",
        [
          12,
          1018,
          1569
        ],
        790556418
      ],
      [
        "m",
        [
          12,
          1019,
          1569
        ],
        790556364
      ],
      [
        "m",
        [
          12,
          1020,
          1569
        ],
        790556472
      ],
      [
        "m",
        [
          12,
          1021,
          1569
        ],
        790556472
      ],
      [
        "m",
        [
          12,
          1022,
          1569
        ],
        790556472
      ],
      [
        "m",
        [
          12,
          1023,
          1569
        ],
        790556364
      ],
      [
        "m",
        [
          12,
          1024,
          1569
        ],
        790556364
      ],
      [
        "m",
        [
          12,
          1025,
          1569
        ],
        790556364
      ],
      [
        "m",
        [
          12,
          1026,
          1569
        ],
        790556274
      ],
      [
        "m",
        [
          12,
          1027,
          1569
        ],
        790556238
      ],
      [
        "m",
        [
          12,
          1028,
          1569
        ],
        790556238
      ],
      [
        "m",
        [
          12,
          1029,
          1569
        ],
        790556166
      ],
      [
        "m",
        [
          12,
          1030,
          1569
        ],
        790556166
      ],
      [
        "m",
        [
          12,
          1031,
          1569
        ],
        790556166
      ],
      [
        "m",
        [
          12,
          1032,
          1569
        ],
        790556166
      ],
      [
        "m",
        [
          12,
          1033,
          1569
        ],
        790556166
      ],
      [
        "m",
        [
          12,
          1034,
          1569
        ],
        790556058
      ],
      [
        "m",
        [
          12,
          1035,
          1569
        ],
        790556166
      ],
      [
        "m",
        [
          12,
          1036,
          1569
        ],
        790556238
      ],
      [
        "m",
        [
          12,
          1037,
          1569
        ],
        790556238
      ],
      [
        "m",
        [
          12,
          1038,
          1569
        ],
        790556238
      ],
      [
        "m",
        [
          12,
          986,
          1570
        ],
        790556364
      ],
      [
        "m",
        [
          12,
          987,
          1570
        ],
        790556364
      ],
      [
        "m",
        [
          12,
          988,
          1570
        ],
        790556238
      ],
      [
        "m",
        [
          12,
          989,
          1570
        ],
        790556238
      ],
      [
        "m",
        [
          12,
          990,
          1570
        ],
        790556238
      ],
      [
        "m",
        [
          12,
          991,
          1570
        ],
        790556238
      ],
      [
        "m",
        [
          12,
          992,
          1570
        ],
        790556238
      ],
      [
        "m",
        [
          12,
          993,
          1570
        ],
        790556238
      ],
      [
        "m",
        [
          12,
          994,
          1570
        ],
        790556166
      ],
      [
        "m",
        [
          12,
          995,
          1570
        ],
        790556166
      ],
      [
        "m",
        [
          12,
          996,
          1570
        ],
        790556166
      ],
      [
        "m",
        [
          12,
          997,
          1570
        ],
        790556058
      ],
      [
        "m",
        [
          12,
          998,
          1570
        ],
        790556238
      ],
      [
        "m",
        [
          12,
          999,
          1570
        ],
        790556238
      ],
      [
        "m",
        [
          12,
          1000,
          1570
        ],
        790556238
      ],
      [
        "m",
        [
          12,
          1001,
          1570
        ],
        790556238
      ],
      [
        "m",
        [
          12,
          1002,
          1570
        ],
        790556166
      ],
      [
        "m",
        [
          12,
          1003,
          1570
        ],
        790556166
      ],
      [
        "m",
        [
          12,
          1004,
          1570
        ],
        790556166
      ],
      [
        "m",
        [
          12,
          1005,
          1570
        ],
        790556166
      ],
      [
        "m",
        [
          12,
          1006,
          1570
        ],
        790556166
      ],
      [
        "m",
        [
          12,
          1007,
          1570
        ],
        790556238
      ],
      [
        "m",
        [
          12,
          1008,
          1570
        ],
        790556238
      ],
      [
        "m",
        [
          12,
          1009,
          1570
        ],
        790556238
      ],
      [
        "m",
        [
          12,
          1010,
          1570
        ],
        790556238
      ],
      [
        "m",
        [
          12,
          1011,
          1570
        ],
        790556238
      ],
      [
        "m",
        [
          12,
          1012,
          1570
        ],
        790556274
      ],
      [
        "m",
        [
          12,
          1013,
          1570
        ],
        790556274
      ],
      [
        "m",
        [
          12,
          1014,
          1570
        ],
        790556274
      ],
      [
        "m",
        [
          12,
          1015,
          1570
        ],
        790556364
      ],
      [
        "m",
        [
          12,
          1016,
          1570
        ],
        790556472
      ],
      [
        "m",
        [
          12,
          1017,
          1570
        ],
        790556472
      ],
      [
        "m",
        [
          12,
          1018,
          1570
        ],
        790556472
      ],
      [
        "m",
        [
          12,
          1019,
          1570
        ],
        790556274
      ],
      [
        "m",
        [
          12,
          1020,
          1570
        ],
        790556472
      ],
      [
        "m",
        [
          12,
          1021,
          1570
        ],
        790556472
      ],
      [
        "m",
        [
          12,
          1022,
          1570
        ],
        790556472
      ],
      [
        "m",
        [
          12,
          1023,
          1570
        ],
        790556472
      ],
      [
        "m",
        [
          12,
          1024,
          1570
        ],
        790556472
      ],
      [
        "m",
        [
          12,
          1025,
          1570
        ],
        790556364
      ],
      [
        "m",
        [
          12,
          1026,
          1570
        ],
        790556274
      ],
      [
        "m",
        [
          12,
          1027,
          1570
        ],
        790556238
      ],
      [
        "m",
        [
          12,
          1028,
          1570
        ],
        790556364
      ],
      [
        "m",
        [
          12,
          1029,
          1570
        ],
        790556364
      ],
      [
        "m",
        [
          12,
          1030,
          1570
        ],
        790556364
      ],
      [
        "m",
        [
          12,
          1031,
          1570
        ],
        790556166
      ],
      [
        "m",
        [
          12,
          1032,
          1570
        ],
        790556166
      ],
      [
        "m",
        [
          12,
          1033,
          1570
        ],
        790556166
      ],
      [
        "m",
        [
          12,
          1034,
          1570
        ],
        790556058
      ],
      [
        "m",
        [
          12,
          1035,
          1570
        ],
        790556058
      ],
      [
        "m",
        [
          12,
          1036,
          1570
        ],
        790556238
      ],
      [
        "m",
        [
          12,
          1037,
          1570
        ],
        790556238
      ],
      [
        "m",
        [
          12,
          1038,
          1570
        ],
        790556238
      ],
      [
        "m",
        [
          12,
          986,
          1571
        ],
        790556166
      ],
      [
        "m",
        [
          12,
          987,
          1571
        ],
        790556166
      ],
      [
        "m",
        [
          12,
          988,
          1571
        ],
        790556166
      ],
      [
        "m",
        [
          12,
          989,
          1571
        ],
        790556166
      ],
      [
        "m",
        [
          12,
          990,
          1571
        ],
        790556238
      ],
      [
        "m",
        [
          12,
          991,
          1571
        ],
        790556238
      ],
      [
        "m",
        [
          12,
          992,
          1571
        ],
        790556238
      ],
      [
        "m",
        [
          12,
          993,
          1571
        ],
        790556238
      ],
      [
        "m",
        [
          12,
          994,
          1571
        ],
        790556058
      ],
      [
        "m",
        [
          12,
          995,
          1571
        ],
        790556238
      ],
      [
        "m",
        [
          12,
          996,
          1571
        ],
        790556238
      ],
      [
        "m",
        [
          12,
          997,
          1571
        ],
        790556238
      ],
      [
        "m",
        [
          12,
          998,
          1571
        ],
        790556238
      ],
      [
        "m",
        [
          12,
          999,
          1571
        ],
        790556238
      ],
      [
        "m",
        [
          12,
          1000,
          1571
        ],
        790556238
      ],
      [
        "m",
        [
          12,
          1001,
          1571
        ],
        790556238
      ],
      [
        "m",
        [
          12,
          1002,
          1571
        ],
        790556418
      ],
      [
        "m",
        [
          12,
          1003,
          1571
        ],
        790556418
      ],
      [
        "m",
        [
          12,
          1004,
          1571
        ],
        790556418
      ],
      [
        "m",
        [
          12,
          1005,
          1571
        ],
        790556166
      ],
      [
        "m",
        [
          12,
          1006,
          1571
        ],
        790556166
      ],
      [
        "m",
        [
          12,
          1007,
          1571
        ],
        790556238
      ],
      [
        "m",
        [
          12,
          1008,
          1571
        ],
        790556238
      ],
      [
        "m",
        [
          12,
          1009,
          1571
        ],
        790556238
      ],
      [
        "m",
        [
          12,
          1010,
          1571
        ],
        790556238
      ],
      [
        "m",
        [
          12,
          1011,
          1571
        ],
        790556238
      ],
      [
        "m",
        [
          12,
          1012,
          1571
        ],
        790556238
      ],
      [
        "m",
        [
          12,
          1013,
          1571
        ],
        790556238
      ],
      [
        "m",
        [
          12,
          1014,
          1571
        ],
        790556238
      ],
      [
        "m",
        [
          12,
          1015,
          1571
        ],
        790556238
      ],
      [
        "m",
        [
          12,
          1016,
          1571
        ],
        790556472
      ],
      [
        "m",
        [
          12,
          1017,
          1571
        ],
        790556472
      ],
      [
        "m",
        [
          12,
          1018,
          1571
        ],
        790556472
      ],
      [
        "m",
        [
          12,
          1019,
          1571
        ],
        790556472
      ],
      [
        "m",
        [
          12,
          1020,
          1571
        ],
        790556472
      ],
      [
        "m",
        [
          12,
          1021,
          1571
        ],
        790556472
      ],
      [
        "m",
        [
          12,
          1022,
          1571
        ],
        790556472
      ],
      [
        "m",
        [
          12,
          1023,
          1571
        ],
        790556472
      ],
      [
        "m",
        [
          12,
          1024,
          1571
        ],
        790556472
      ],
      [
        "m",
        [
          12,
          1025,
          1571
        ],
        790556364
      ],
      [
        "m",
        [
          12,
          1026,
          1571
        ],
        790556364
      ],
      [
        "m",
        [
          12,
          1027,
          1571
        ],
        790556364
      ],
      [
        "m",
        [
          12,
          1028,
          1571
        ],
        790556364
      ],
      [
        "m",
        [
          12,
          1029,
          1571
        ],
        790556364
      ],
      [
        "m",
        [
          12,
          1030,
          1571
        ],
        790556364
      ],
      [
        "m",
        [
          12,
          1031,
          1571
        ],
        790556238
      ],
      [
        "m",
        [
          12,
          1032,
          1571
        ],
        790556166
      ],
      [
        "m",
        [
          12,
          1033,
          1571
        ],
        790556166
      ],
      [
        "m",
        [
          12,
          1034,
          1571
        ],
        790556058
      ],
      [
        "m",
        [
          12,
          1035,
          1571
        ],
        790556058
      ],
      [
        "m",
        [
          12,
          1036,
          1571
        ],
        790556058
      ],
      [
        "m",
        [
          12,
          1037,
          1571
        ],
        790556058
      ],
      [
        "m",
        [
          12,
          1038,
          1571
        ],
        790556238
      ],
      [
        "m",
        [
          12,
          986,
          1572
        ],
        790556166
      ],
      [
        "m",
        [
          12,
          987,
          1572
        ],
        790556166
      ],
      [
        "m",
        [
          12,
          988,
          1572
        ],
        790556166
      ],
      [
        "m",
        [
          12,
          989,
          1572
        ],
        790556166
      ],
      [
        "m",
        [
          12,
          990,
          1572
        ],
        790556238
      ],
      [
        "m",
        [
          12,
          991,
          1572
        ],
        790556238
      ],
      [
        "m",
        [
          12,
          992,
          1572
        ],
        790556238
      ],
      [
        "m",
        [
          12,
          993,
          1572
        ],
        790556238
      ],
      [
        "m",
        [
          12,
          994,
          1572
        ],
        790556238
      ],
      [
        "m",
        [
          12,
          995,
          1572
        ],
        790556238
      ],
      [
        "m",
        [
          12,
          996,
          1572
        ],
        790556238
      ],
      [
        "m",
        [
          12,
          997,
          1572
        ],
        790556238
      ],
      [
        "m",
        [
          12,
          998,
          1572
        ],
        790556238
      ],
      [
        "m",
        [
          12,
          999,
          1572
        ],
        790556238
      ],
      [
        "m",
        [
          12,
          1000,
          1572
        ],
        790556238
      ],
      [
        "m",
        [
          12,
          1001,
          1572
        ],
        790556238
      ],
      [
        "m",
        [
          12,
          1002,
          1572
        ],
        790556418
      ],
      [
        "m",
        [
          12,
          1003,
          1572
        ],
        790556418
      ],
      [
        "m",
        [
          12,
          1004,
          1572
        ],
        790556418
      ],
      [
        "m",
        [
          12,
          1005,
          1572
        ],
        790556166
      ],
      [
        "m",
        [
          12,
          1006,
          1572
        ],
        790556166
      ],
      [
        "m",
        [
          12,
          1007,
          1572
        ],
        790556238
      ],
      [
        "m",
        [
          12,
          1008,
          1572
        ],
        790556238
      ],
      [
        "m",
        [
          12,
          1009,
          1572
        ],
        790556238
      ],
      [
        "m",
        [
          12,
          1010,
          1572
        ],
        790556274
      ],
      [
        "m",
        [
          12,
          1011,
          1572
        ],
        790556274
      ],
      [
        "m",
        [
          12,
          1012,
          1572
        ],
        790556274
      ],
      [
        "m",
        [
          12,
          1013,
          1572
        ],
        790556238
      ],
      [
        "m",
        [
          12,
          1014,
          1572
        ],
        790556238
      ],
      [
        "m",
        [
          12,
          1015,
          1572
        ],
        790556238
      ],
      [
        "m",
        [
          12,
          1016,
          1572
        ],
        790556472
      ],
      [
        "m",
        [
          12,
          1017,
          1572
        ],
        790556472
      ],
      [
        "m",
        [
          12,
          1018,
          1572
        ],
        790556472
      ],
      [
        "m",
        [
          12,
          1019,
          1572
        ],
        790556472
      ],
      [
        "m",
        [
          12,
          1020,
          1572
        ],
        790556418
      ],
      [
        "m",
        [
          12,
          1021,
          1572
        ],
        790556418
      ],
      [
        "m",
        [
          12,
          1022,
          1572
        ],
        790556472
      ],
      [
        "m",
        [
          12,
          1023,
          1572
        ],
        790556472
      ],
      [
        "m",
        [
          12,
          1024,
          1572
        ],
        790556472
      ],
      [
        "m",
        [
          12,
          1025,
          1572
        ],
        790556364
      ],
      [
        "m",
        [
          12,
          1026,
          1572
        ],
        790556364
      ],
      [
        "m",
        [
          12,
          1027,
          1572
        ],
        790556364
      ],
      [
        "m",
        [
          12,
          1028,
          1572
        ],
        790556364
      ],
      [
        "m",
        [
          12,
          1029,
          1572
        ],
        790556364
      ],
      [
        "m",
        [
          12,
          1030,
          1572
        ],
        790556364
      ],
      [
        "m",
        [
          12,
          1031,
          1572
        ],
        790556238
      ],
      [
        "m",
        [
          12,
          1032,
          1572
        ],
        790556166
      ],
      [
        "m",
        [
          12,
          1033,
          1572
        ],
        790556166
      ],
      [
        "m",
        [
          12,
          1034,
          1572
        ],
        790556058
      ],
      [
        "m",
        [
          12,
          1035,
          1572
        ],
        790556058
      ],
      [
        "m",
        [
          12,
          1036,
          1572
        ],
        790556058
      ],
      [
        "m",
        [
          12,
          1037,
          1572
        ],
        790556058
      ],
      [
        "m",
        [
          12,
          1038,
          1572
        ],
        790556238
      ],
      [
        "m",
        [
          12,
          986,
          1573
        ],
        790556238
      ],
      [
        "m",
        [
          12,
          987,
          1573
        ],
        790556238
      ],
      [
        "m",
        [
          12,
          988,
          1573
        ],
        790556166
      ],
      [
        "m",
        [
          12,
          989,
          1573
        ],
        790556166
      ],
      [
        "m",
        [
          12,
          990,
          1573
        ],
        790556238
      ],
      [
        "m",
        [
          12,
          991,
          1573
        ],
        790556238
      ],
      [
        "m",
        [
          12,
          992,
          1573
        ],
        790556238
      ],
      [
        "m",
        [
          12,
          993,
          1573
        ],
        790556238
      ],
      [
        "m",
        [
          12,
          994,
          1573
        ],
        790556238
      ],
      [
        "m",
        [
          12,
          995,
          1573
        ],
        790556238
      ],
      [
        "m",
        [
          12,
          996,
          1573
        ],
        790556238
      ],
      [
        "m",
        [
          12,
          997,
          1573
        ],
        790556238
      ],
      [
        "m",
        [
          12,
          998,
          1573
        ],
        790556238
      ],
      [
        "m",
        [
          12,
          999,
          1573
        ],
        790556238
      ],
      [
        "m",
        [
          12,
          1000,
          1573
        ],
        790556166
      ],
      [
        "m",
        [
          12,
          1001,
          1573
        ],
        790556166
      ],
      [
        "m",
        [
          12,
          1002,
          1573
        ],
        790556418
      ],
      [
        "m",
        [
          12,
          1003,
          1573
        ],
        790556418
      ],
      [
        "m",
        [
          12,
          1004,
          1573
        ],
        790556418
      ],
      [
        "m",
        [
          12,
          1005,
          1573
        ],
        790556058
      ],
      [
        "m",
        [
          12,
          1006,
          1573
        ],
        790556058
      ],
      [
        "m",
        [
          12,
          1007,
          1573
        ],
        790556238
      ],
      [
        "m",
        [
          12,
          1008,
          1573
        ],
        790556238
      ],
      [
        "m",
        [
          12,
          1009,
          1573
        ],
        790556238
      ],
      [
        "m",
        [
          12,
          1010,
          1573
        ],
        790556274
      ],
      [
        "m",
        [
          12,
          1011,
          1573
        ],
        790556274
      ],
      [
        "m",
        [
          12,
          1012,
          1573
        ],
        790556274
      ],
      [
        "m",
        [
          12,
          1013,
          1573
        ],
        790556238
      ],
      [
        "m",
        [
          12,
          1014,
          1573
        ],
        790556166
      ],
      [
        "m",
        [
          12,
          1015,
          1573
        ],
        790556238
      ],
      [
        "m",
        [
          12,
          1016,
          1573
        ],
        790556238
      ],
      [
        "m",
        [
          12,
          1017,
          1573
        ],
        790556472
      ],
      [
        "m",
        [
          12,
          1018,
          1573
        ],
        790556472
      ],
      [
        "m",
        [
          12,
          1019,
          1573
        ],
        790556472
      ],
      [
        "m",
        [
          12,
          1020,
          1573
        ],
        790556418
      ],
      [
        "m",
        [
          12,
          1021,
          1573
        ],
        790556418
      ],
      [
        "m",
        [
          12,
          1022,
          1573
        ],
        790556274
      ],
      [
        "m",
        [
          12,
          1023,
          1573
        ],
        790556364
      ],
      [
        "m",
        [
          12,
          1024,
          1573
        ],
        790556364
      ],
      [
        "m",
        [
          12,
          1025,
          1573
        ],
        790556364
      ],
      [
        "m",
        [
          12,
          1026,
          1573
        ],
        790556364
      ],
      [
        "m",
        [
          12,
          1027,
          1573
        ],
        790556364
      ],
      [
        "m",
        [
          12,
          1028,
          1573
        ],
        790556238
      ],
      [
        "m",
        [
          12,
          1029,
          1573
        ],
        790556238
      ],
      [
        "m",
        [
          12,
          1030,
          1573
        ],
        790556238
      ],
      [
        "m",
        [
          12,
          1031,
          1573
        ],
        790556238
      ],
      [
        "m",
        [
          12,
          1032,
          1573
        ],
        790556058
      ],
      [
        "m",
        [
          12,
          1033,
          1573
        ],
        790556238
      ],
      [
        "m",
        [
          12,
          1034,
          1573
        ],
        790556238
      ],
      [
        "m",
        [
          12,
          1035,
          1573
        ],
        790556238
      ],
      [
        "m",
        [
          12,
          1036,
          1573
        ],
        790556058
      ],
      [
        "m",
        [
          12,
          1037,
          1573
        ],
        790556058
      ],
      [
        "m",
        [
          12,
          1038,
          1573
        ],
        790556238
      ],
      [
        "m",
        [
          12,
          986,
          1574
        ],
        790556238
      ],
      [
        "m",
        [
          12,
          987,
          1574
        ],
        790556238
      ],
      [
        "m",
        [
          12,
          988,
          1574
        ],
        790556166
      ],
      [
        "m",
        [
          12,
          989,
          1574
        ],
        790556166
      ],
      [
        "m",
        [
          12,
          990,
          1574
        ],
        790556166
      ],
      [
        "m",
        [
          12,
          991,
          1574
        ],
        790556238
      ],
      [
        "m",
        [
          12,
          992,
          1574
        ],
        790556238
      ],
      [
        "m",
        [
          12,
          993,
          1574
        ],
        790556238
      ],
      [
        "m",
        [
          12,
          994,
          1574
        ],
        790556238
      ],
      [
        "m",
        [
          12,
          995,
          1574
        ],
        790556238
      ],
      [
        "m",
        [
          12,
          996,
          1574
        ],
        790556238
      ],
      [
        "m",
        [
          12,
          997,
          1574
        ],
        790556238
      ],
      [
        "m",
        [
          12,
          998,
          1574
        ],
        790556238
      ],
      [
        "m",
        [
          12,
          999,
          1574
        ],
        790556238
      ],
      [
        "m",
        [
          12,
          1000,
          1574
        ],
        790556238
      ],
      [
        "m",
        [
          12,
          1001,
          1574
        ],
        790556238
      ],
      [
        "m",
        [
          12,
          1002,
          1574
        ],
        790556238
      ],
      [
        "m",
        [
          12,
          1003,
          1574
        ],
        790556238
      ],
      [
        "m",
        [
          12,
          1004,
          1574
        ],
        790556238
      ],
      [
        "m",
        [
          12,
          1005,
          1574
        ],
        790556418
      ],
      [
        "m",
        [
          12,
          1006,
          1574
        ],
        790556418
      ],
      [
        "m",
        [
          12,
          1007,
          1574
        ],
        790556418
      ],
      [
        "m",
        [
          12,
          1008,
          1574
        ],
        790556238
      ],
      [
        "m",
        [
          12,
          1009,
          1574
        ],
        790556238
      ],
      [
        "m",
        [
          12,
          1010,
          1574
        ],
        790556274
      ],
      [
        "m",
        [
          12,
          1011,
          1574
        ],
        790556274
      ],
      [
        "m",
        [
          12,
          1012,
          1574
        ],
        790556274
      ],
      [
        "m",
        [
          12,
          1013,
          1574
        ],
        790556274
      ],
      [
        "m",
        [
          12,
          1014,
          1574
        ],
        790556274
      ],
      [
        "m",
        [
          12,
          1015,
          1574
        ],
        790556238
      ],
      [
        "m",
        [
          12,
          1016,
          1574
        ],
        790556238
      ],
      [
        "m",
        [
          12,
          1017,
          1574
        ],
        790556238
      ],
      [
        "m",
        [
          12,
          1018,
          1574
        ],
        790556418
      ],
      [
        "m",
        [
          12,
          1019,
          1574
        ],
        790556418
      ],
      [
        "m",
        [
          12,
          1020,
          1574
        ],
        790556418
      ],
      [
        "m",
        [
          12,
          1021,
          1574
        ],
        790556418
      ],
      [
        "m",
        [
          12,
          1022,
          1574
        ],
        790556418
      ],
      [
        "m",
        [
          12,
          1023,
          1574
        ],
        790556058
      ],
      [
        "m",
        [
          12,
          1024,
          1574
        ],
        790556238
      ],
      [
        "m",
        [
          12,
          1025,
          1574
        ],
        790556238
      ],
      [
        "m",
        [
          12,
          1026,
          1574
        ],
        790556238
      ],
      [
        "m",
        [
          12,
          1027,
          1574
        ],
        790556238
      ],
      [
        "m",
        [
          12,
          1028,
          1574
        ],
        790556238
      ],
      [
        "m",
        [
          12,
          1029,
          1574
        ],
        790556238
      ],
      [
        "m",
        [
          12,
          1030,
          1574
        ],
        790556058
      ],
      [
        "m",
        [
          12,
          1031,
          1574
        ],
        790556058
      ],
      [
        "m",
        [
          12,
          1032,
          1574
        ],
        790556058
      ],
      [
        "m",
        [
          12,
          1033,
          1574
        ],
        790556238
      ],
      [
        "m",
        [
          12,
          1034,
          1574
        ],
        790556238
      ],
      [
        "m",
        [
          12,
          1035,
          1574
        ],
        790556238
      ],
      [
        "m",
        [
          12,
          1036,
          1574
        ],
        790556238
      ],
      [
        "m",
        [
          12,
          1037,
          1574
        ],
        790556058
      ],
      [
        "m",
        [
          12,
          1038,
          1574
        ],
        790556058
      ],
      [
        "m",
        [
          12,
          986,
          1575
        ],
        790556238
      ],
      [
        "m",
        [
          12,
          987,
          1575
        ],
        790556238
      ],
      [
        "m",
        [
          12,
          988,
          1575
        ],
        790556238
      ],
      [
        "m",
        [
          12,
          989,
          1575
        ],
        790556238
      ],
      [
        "m",
        [
          12,
          990,
          1575
        ],
        790556238
      ],
      [
        "m",
        [
          12,
          991,
          1575
        ],
        790556238
      ],
      [
        "m",
        [
          12,
          992,
          1575
        ],
        790556238
      ],
      [
        "m",
        [
          12,
          993,
          1575
        ],
        790556238
      ],
      [
        "m",
        [
          12,
          994,
          1575
        ],
        790556238
      ],
      [
        "m",
        [
          12,
          995,
          1575
        ],
        790556238
      ],
      [
        "m",
        [
          12,
          996,
          1575
        ],
        790556238
      ],
      [
        "m",
        [
          12,
          997,
          1575
        ],
        790556238
      ],
      [
        "m",
        [
          12,
          998,
          1575
        ],
        790556238
      ],
      [
        "m",
        [
          12,
          999,
          1575
        ],
        790556238
      ],
      [
        "m",
        [
          12,
          1000,
          1575
        ],
        790556238
      ],
      [
        "m",
        [
          12,
          1001,
          1575
        ],
        790556238
      ],
      [
        "m",
        [
          12,
          1002,
          1575
        ],
        790556238
      ],
      [
        "m",
        [
          12,
          1003,
          1575
        ],
        790556238
      ],
      [
        "m",
        [
          12,
          1004,
          1575
        ],
        790556166
      ],
      [
        "m",
        [
          12,
          1005,
          1575
        ],
        790556418
      ],
      [
        "m",
        [
          12,
          1006,
          1575
        ],
        790556418
      ],
      [
        "m",
        [
          12,
          1007,
          1575
        ],
        790556418
      ],
      [
        "m",
        [
          12,
          1008,
          1575
        ],
        790556238
      ],
      [
        "m",
        [
          12,
          1009,
          1575
        ],
        790556274
      ],
      [
        "m",
        [
          12,
          1010,
          1575
        ],
        790556274
      ],
      [
        "m",
        [
          12,
          1011,
          1575
        ],
        790556274
      ],
      [
        "m",
        [
          12,
          1012,
          1575
        ],
        790556274
      ],
      [
        "m",
        [
          12,
          1013,
          1575
        ],
        790556274
      ],
      [
        "m",
        [
          12,
          1014,
          1575
        ],
        790556274
      ],
      [
        "m",
        [
          12,
          1015,
          1575
        ],
        790556166
      ],
      [
        "m",
        [
          12,
          1016,
          1575
        ],
        790556238
      ],
      [
        "m",
        [
          12,
          1017,
          1575
        ],
        790556238
      ],
      [
        "m",
        [
          12,
          1018,
          1575
        ],
        790556238
      ],
      [
        "m",
        [
          12,
          1019,
          1575
        ],
        790556238
      ],
      [
        "m",
        [
          12,
          1020,
          1575
        ],
        790556418
      ],
      [
        "m",
        [
          12,
          1021,
          1575
        ],
        790556418
      ],
      [
        "m",
        [
          12,
          1022,
          1575
        ],
        790556418
      ],
      [
        "m",
        [
          12,
          1023,
          1575
        ],
        790556238
      ],
      [
        "m",
        [
          12,
          1024,
          1575
        ],
        790556238
      ],
      [
        "m",
        [
          12,
          1025,
          1575
        ],
        790556238
      ],
      [
        "m",
        [
          12,
          1026,
          1575
        ],
        790556238
      ],
      [
        "m",
        [
          12,
          1027,
          1575
        ],
        790556238
      ],
      [
        "m",
        [
          12,
          1028,
          1575
        ],
        790556238
      ],
      [
        "m",
        [
          12,
          1029,
          1575
        ],
        790556238
      ],
      [
        "m",
        [
          12,
          1030,
          1575
        ],
        790556058
      ],
      [
        "m",
        [
          12,
          1031,
          1575
        ],
        790556058
      ],
      [
        "m",
        [
          12,
          1032,
          1575
        ],
        790556058
      ],
      [
        "m",
        [
          12,
          1033,
          1575
        ],
        790556238
      ],
      [
        "m",
        [
          12,
          1034,
          1575
        ],
        790556238
      ],
      [
        "m",
        [
          12,
          1035,
          1575
        ],
        790556238
      ],
      [
        "m",
        [
          12,
          1036,
          1575
        ],
        790556238
      ],
      [
        "m",
        [
          12,
          1037,
          1575
        ],
        790556238
      ],
      [
        "m",
        [
          12,
          1038,
          1575
        ],
        790556238
      ],
      [
        "m",
        [
          12,
          986,
          1576
        ],
        790556238
      ],
      [
        "m",
        [
          12,
          987,
          1576
        ],
        790556238
      ],
      [
        "m",
        [
          12,
          988,
          1576
        ],
        790556238
      ],
      [
        "m",
        [
          12,
          989,
          1576
        ],
        790556418
      ],
      [
        "m",
        [
          12,
          990,
          1576
        ],
        790556418
      ],
      [
        "m",
        [
          12,
          991,
          1576
        ],
        790556418
      ],
      [
        "m",
        [
          12,
          992,
          1576
        ],
        790556418
      ],
      [
        "m",
        [
          12,
          993,
          1576
        ],
        790556238
      ],
      [
        "m",
        [
          12,
          994,
          1576
        ],
        790556238
      ],
      [
        "m",
        [
          12,
          995,
          1576
        ],
        790556238
      ],
      [
        "m",
        [
          12,
          996,
          1576
        ],
        790556238
      ],
      [
        "m",
        [
          12,
          997,
          1576
        ],
        790556238
      ],
      [
        "m",
        [
          12,
          998,
          1576
        ],
        790556238
      ],
      [
        "m",
        [
          12,
          999,
          1576
        ],
        790556238
      ],
      [
        "m",
        [
          12,
          1000,
          1576
        ],
        790556238
      ],
      [
        "m",
        [
          12,
          1001,
          1576
        ],
        790556238
      ],
      [
        "m",
        [
          12,
          1002,
          1576
        ],
        790556238
      ],
      [
        "m",
        [
          12,
          1003,
          1576
        ],
        790556238
      ],
      [
        "m",
        [
          12,
          1004,
          1576
        ],
        790556166
      ],
      [
        "m",
        [
          12,
          1005,
          1576
        ],
        790556418
      ],
      [
        "m",
        [
          12,
          1006,
          1576
        ],
        790556418
      ],
      [
        "m",
        [
          12,
          1007,
          1576
        ],
        790556418
      ],
      [
        "m",
        [
          12,
          1008,
          1576
        ],
        790556238
      ],
      [
        "m",
        [
          12,
          1009,
          1576
        ],
        790556472
      ],
      [
        "m",
        [
          12,
          1010,
          1576
        ],
        790556472
      ],
      [
        "m",
        [
          12,
          1011,
          1576
        ],
        790556472
      ],
      [
        "m",
        [
          12,
          1012,
          1576
        ],
        790556274
      ],
      [
        "m",
        [
          12,
          1013,
          1576
        ],
        790556274
      ],
      [
        "m",
        [
          12,
          1014,
          1576
        ],
        790556274
      ],
      [
        "m",
        [
          12,
          1015,
          1576
        ],
        790556166
      ],
      [
        "m",
        [
          12,
          1016,
          1576
        ],
        790556238
      ],
      [
        "m",
        [
          12,
          1017,
          1576
        ],
        790556238
      ],
      [
        "m",
        [
          12,
          1018,
          1576
        ],
        790556238
      ],
      [
        "m",
        [
          12,
          1019,
          1576
        ],
        790556238
      ],
      [
        "m",
        [
          12,
          1020,
          1576
        ],
        790556418
      ],
      [
        "m",
        [
          12,
          1021,
          1576
        ],
        790556418
      ],
      [
        "m",
        [
          12,
          1022,
          1576
        ],
        790556418
      ],
      [
        "m",
        [
          12,
          1023,
          1576
        ],
        790556238
      ],
      [
        "m",
        [
          12,
          1024,
          1576
        ],
        790556238
      ],
      [
        "m",
        [
          12,
          1025,
          1576
        ],
        790556238
      ],
      [
        "m",
        [
          12,
          1026,
          1576
        ],
        790556238
      ],
      [
        "m",
        [
          12,
          1027,
          1576
        ],
        790556238
      ],
      [
        "m",
        [
          12,
          1028,
          1576
        ],
        790556058
      ],
      [
        "m",
        [
          12,
          1029,
          1576
        ],
        790556058
      ],
      [
        "m",
        [
          12,
          1030,
          1576
        ],
        790556058
      ],
      [
        "m",
        [
          12,
          1031,
          1576
        ],
        790556058
      ],
      [
        "m",
        [
          12,
          1032,
          1576
        ],
        790556058
      ],
      [
        "m",
        [
          12,
          1033,
          1576
        ],
        790556238
      ],
      [
        "m",
        [
          12,
          1034,
          1576
        ],
        790556238
      ],
      [
        "m",
        [
          12,
          1035,
          1576
        ],
        790556238
      ],
      [
        "m",
        [
          12,
          1036,
          1576
        ],
        790556238
      ],
      [
        "m",
        [
          12,
          1037,
          1576
        ],
        790556238
      ],
      [
        "m",
        [
          12,
          1038,
          1576
        ],
        790556238
      ],
      [
        "m",
        [
          12,
          986,
          1577
        ],
        790556058
      ],
      [
        "m",
        [
          12,
          987,
          1577
        ],
        790556058
      ],
      [
        "m",
        [
          12,
          988,
          1577
        ],
        790556238
      ],
      [
        "m",
        [
          12,
          989,
          1577
        ],
        790556418
      ],
      [
        "m",
        [
          12,
          990,
          1577
        ],
        790556418
      ],
      [
        "m",
        [
          12,
          991,
          1577
        ],
        790556418
      ],
      [
        "m",
        [
          12,
          992,
          1577
        ],
        790556418
      ],
      [
        "m",
        [
          12,
          993,
          1577
        ],
        790556364
      ],
      [
        "m",
        [
          12,
          994,
          1577
        ],
        790556364
      ],
      [
        "m",
        [
          12,
          995,
          1577
        ],
        790556238
      ],
      [
        "m",
        [
          12,
          996,
          1577
        ],
        790556238
      ],
      [
        "m",
        [
          12,
          997,
          1577
        ],
        790556238
      ],
      [
        "m",
        [
          12,
          998,
          1577
        ],
        790556238
      ],
      [
        "m",
        [
          12,
          999,
          1577
        ],
        790556166
      ],
      [
        "m",
        [
          12,
          1000,
          1577
        ],
        790556166
      ],
      [
        "m",
        [
          12,
          1001,
          1577
        ],
        790556058
      ],
      [
        "m",
        [
          12,
          1002,
          1577
        ],
        790556058
      ],
      [
        "m",
        [
          12,
          1003,
          1577
        ],
        790556058
      ],
      [
        "m",
        [
          12,
          1004,
          1577
        ],
        790556058
      ],
      [
        "m",
        [
          12,
          1005,
          1577
        ],
        790556058
      ],
      [
        "m",
        [
          12,
          1006,
          1577
        ],
        790556058
      ],
      [
        "m",
        [
          12,
          1007,
          1577
        ],
        790556418
      ],
      [
        "m",
        [
          12,
          1008,
          1577
        ],
        790556418
      ],
      [
        "m",
        [
          12,
          1009,
          1577
        ],
        790556472
      ],
      [
        "m",
        [
          12,
          1010,
          1577
        ],
        790556472
      ],
      [
        "m",
        [
          12,
          1011,
          1577
        ],
        790556472
      ],
      [
        "m",
        [
          12,
          1012,
          1577
        ],
        790556238
      ],
      [
        "m",
        [
          12,
          1013,
          1577
        ],
        790556166
      ],
      [
        "m",
        [
          12,
          1014,
          1577
        ],
        790556058
      ],
      [
        "m",
        [
          12,
          1015,
          1577
        ],
        790556238
      ],
      [
        "m",
        [
          12,
          1016,
          1577
        ],
        790556238
      ],
      [
        "m",
        [
          12,
          1017,
          1577
        ],
        790556238
      ],
      [
        "m",
        [
          12,
          1018,
          1577
        ],
        790556238
      ],
      [
        "m",
        [
          12,
          1019,
          1577
        ],
        790556238
      ],
      [
        "m",
        [
          12,
          1020,
          1577
        ],
        790556238
      ],
      [
        "m",
        [
          12,
          1021,
          1577
        ],
        790556166
      ],
      [
        "m",
        [
          12,
          1022,
          1577
        ],
        790556166
      ],
      [
        "m",
        [
          12,
          1023,
          1577
        ],
        790556238
      ],
      [
        "m",
        [
          12,
          1024,
          1577
        ],
        790556238
      ],
      [
        "m",
        [
          12,
          1025,
          1577
        ],
        790556238
      ],
      [
        "m",
        [
          12,
          1026,
          1577
        ],
        790556274
      ],
      [
        "m",
        [
          12,
          1027,
          1577
        ],
        790556274
      ],
      [
        "m",
        [
          12,
          1028,
          1577
        ],
        790556274
      ],
      [
        "m",
        [
          12,
          1029,
          1577
        ],
        790556058
      ],
      [
        "m",
        [
          12,
          1030,
          1577
        ],
        790556238
      ],
      [
        "m",
        [
          12,
          1031,
          1577
        ],
        790556238
      ],
      [
        "m",
        [
          12,
          1032,
          1577
        ],
        790556238
      ],
      [
        "m",
        [
          12,
          1033,
          1577
        ],
        790556238
      ],
      [
        "m",
        [
          12,
          1034,
          1577
        ],
        790556238
      ],
      [
        "m",
        [
          12,
          1035,
          1577
        ],
        790556238
      ],
      [
        "m",
        [
          12,
          1036,
          1577
        ],
        790556058
      ],
      [
        "m",
        [
          12,
          1037,
          1577
        ],
        790556238
      ],
      [
        "m",
        [
          12,
          1038,
          1577
        ],
        790556238
      ],
      [
        "m",
        [
          12,
          986,
          1578
        ],
        790556058
      ],
      [
        "m",
        [
          12,
          987,
          1578
        ],
        790556058
      ],
      [
        "m",
        [
          12,
          988,
          1578
        ],
        790556238
      ],
      [
        "m",
        [
          12,
          989,
          1578
        ],
        790556418
      ],
      [
        "m",
        [
          12,
          990,
          1578
        ],
        790556418
      ],
      [
        "m",
        [
          12,
          991,
          1578
        ],
        790556472
      ],
      [
        "m",
        [
          12,
          992,
          1578
        ],
        790556472
      ],
      [
        "m",
        [
          12,
          993,
          1578
        ],
        790556472
      ],
      [
        "m",
        [
          12,
          994,
          1578
        ],
        790556364
      ],
      [
        "m",
        [
          12,
          995,
          1578
        ],
        790556238
      ],
      [
        "m",
        [
          12,
          996,
          1578
        ],
        790556238
      ],
      [
        "m",
        [
          12,
          997,
          1578
        ],
        790556238
      ],
      [
        "m",
        [
          12,
          998,
          1578
        ],
        790556238
      ],
      [
        "m",
        [
          12,
          999,
          1578
        ],
        790556166
      ],
      [
        "m",
        [
          12,
          1000,
          1578
        ],
        790556166
      ],
      [
        "m",
        [
          12,
          1001,
          1578
        ],
        790556058
      ],
      [
        "m",
        [
          12,
          1002,
          1578
        ],
        790556058
      ],
      [
        "m",
        [
          12,
          1003,
          1578
        ],
        790556058
      ],
      [
        "m",
        [
          12,
          1004,
          1578
        ],
        790556058
      ],
      [
        "m",
        [
          12,
          1005,
          1578
        ],
        790556058
      ],
      [
        "m",
        [
          12,
          1006,
          1578
        ],
        790556058
      ],
      [
        "m",
        [
          12,
          1007,
          1578
        ],
        790556418
      ],
      [
        "m",
        [
          12,
          1008,
          1578
        ],
        790556418
      ],
      [
        "m",
        [
          12,
          1009,
          1578
        ],
        790556472
      ],
      [
        "m",
        [
          12,
          1010,
          1578
        ],
        790556472
      ],
      [
        "m",
        [
          12,
          1011,
          1578
        ],
        790556472
      ],
      [
        "m",
        [
          12,
          1012,
          1578
        ],
        790556166
      ],
      [
        "m",
        [
          12,
          1013,
          1578
        ],
        790556058
      ],
      [
        "m",
        [
          12,
          1014,
          1578
        ],
        790556238
      ],
      [
        "m",
        [
          12,
          1015,
          1578
        ],
        790556238
      ],
      [
        "m",
        [
          12,
          1016,
          1578
        ],
        790556238
      ],
      [
        "m",
        [
          12,
          1017,
          1578
        ],
        790556238
      ],
      [
        "m",
        [
          12,
          1018,
          1578
        ],
        790556238
      ],
      [
        "m",
        [
          12,
          1019,
          1578
        ],
        790556238
      ],
      [
        "m",
        [
          12,
          1020,
          1578
        ],
        790556418
      ],
      [
        "m",
        [
          12,
          1021,
          1578
        ],
        790556418
      ],
      [
        "m",
        [
          12,
          1022,
          1578
        ],
        790556418
      ],
      [
        "m",
        [
          12,
          1023,
          1578
        ],
        790556166
      ],
      [
        "m",
        [
          12,
          1024,
          1578
        ],
        790556166
      ],
      [
        "m",
        [
          12,
          1025,
          1578
        ],
        790556058
      ],
      [
        "m",
        [
          12,
          1026,
          1578
        ],
        790556274
      ],
      [
        "m",
        [
          12,
          1027,
          1578
        ],
        790556274
      ],
      [
        "m",
        [
          12,
          1028,
          1578
        ],
        790556274
      ],
      [
        "m",
        [
          12,
          1029,
          1578
        ],
        790556166
      ],
      [
        "m",
        [
          12,
          1030,
          1578
        ],
        790556238
      ],
      [
        "m",
        [
          12,
          1031,
          1578
        ],
        790556238
      ],
      [
        "m",
        [
          12,
          1032,
          1578
        ],
        790556238
      ],
      [
        "m",
        [
          12,
          1033,
          1578
        ],
        790556238
      ],
      [
        "m",
        [
          12,
          1034,
          1578
        ],
        790556238
      ],
      [
        "m",
        [
          12,
          1035,
          1578
        ],
        790556238
      ],
      [
        "m",
        [
          12,
          1036,
          1578
        ],
        790556058
      ],
      [
        "m",
        [
          12,
          1037,
          1578
        ],
        790556058
      ],
      [
        "m",
        [
          12,
          1038,
          1578
        ],
        790556166
      ],
      [
        "m",
        [
          12,
          986,
          1579
        ],
        790556238
      ],
      [
        "m",
        [
          12,
          987,
          1579
        ],
        790556238
      ],
      [
        "m",
        [
          12,
          988,
          1579
        ],
        790556238
      ],
      [
        "m",
        [
          12,
          989,
          1579
        ],
        790556238
      ],
      [
        "m",
        [
          12,
          990,
          1579
        ],
        790556238
      ],
      [
        "m",
        [
          12,
          991,
          1579
        ],
        790556472
      ],
      [
        "m",
        [
          12,
          992,
          1579
        ],
        790556472
      ],
      [
        "m",
        [
          12,
          993,
          1579
        ],
        790556472
      ],
      [
        "m",
        [
          12,
          994,
          1579
        ],
        790556364
      ],
      [
        "m",
        [
          12,
          995,
          1579
        ],
        790556238
      ],
      [
        "m",
        [
          12,
          996,
          1579
        ],
        790556238
      ],
      [
        "m",
        [
          12,
          997,
          1579
        ],
        790556238
      ],
      [
        "m",
        [
          12,
          998,
          1579
        ],
        790556238
      ],
      [
        "m",
        [
          12,
          999,
          1579
        ],
        790556166
      ],
      [
        "m",
        [
          12,
          1000,
          1579
        ],
        790556166
      ],
      [
        "m",
        [
          12,
          1001,
          1579
        ],
        790556058
      ],
      [
        "m",
        [
          12,
          1002,
          1579
        ],
        790556238
      ],
      [
        "m",
        [
          12,
          1003,
          1579
        ],
        790556238
      ],
      [
        "m",
        [
          12,
          1004,
          1579
        ],
        790556238
      ],
      [
        "m",
        [
          12,
          1005,
          1579
        ],
        790556166
      ],
      [
        "m",
        [
          12,
          1006,
          1579
        ],
        790556166
      ],
      [
        "m",
        [
          12,
          1007,
          1579
        ],
        790556418
      ],
      [
        "m",
        [
          12,
          1008,
          1579
        ],
        790556418
      ],
      [
        "m",
        [
          12,
          1009,
          1579
        ],
        790556418
      ],
      [
        "m",
        [
          12,
          1010,
          1579
        ],
        790556166
      ],
      [
        "m",
        [
          12,
          1011,
          1579
        ],
        790556166
      ],
      [
        "m",
        [
          12,
          1012,
          1579
        ],
        790556166
      ],
      [
        "m",
        [
          12,
          1013,
          1579
        ],
        790556058
      ],
      [
        "m",
        [
          12,
          1014,
          1579
        ],
        790556238
      ],
      [
        "m",
        [
          12,
          1015,
          1579
        ],
        790556238
      ],
      [
        "m",
        [
          12,
          1016,
          1579
        ],
        790556238
      ],
      [
        "m",
        [
          12,
          1017,
          1579
        ],
        790556238
      ],
      [
        "m",
        [
          12,
          1018,
          1579
        ],
        790556238
      ],
      [
        "m",
        [
          12,
          1019,
          1579
        ],
        790556238
      ],
      [
        "m",
        [
          12,
          1020,
          1579
        ],
        790556418
      ],
      [
        "m",
        [
          12,
          1021,
          1579
        ],
        790556418
      ],
      [
        "m",
        [
          12,
          1022,
          1579
        ],
        790556418
      ],
      [
        "m",
        [
          12,
          1023,
          1579
        ],
        790556274
      ],
      [
        "m",
        [
          12,
          1024,
          1579
        ],
        790556238
      ],
      [
        "m",
        [
          12,
          1025,
          1579
        ],
        790556166
      ],
      [
        "m",
        [
          12,
          1026,
          1579
        ],
        790556274
      ],
      [
        "m",
        [
          12,
          1027,
          1579
        ],
        790556274
      ],
      [
        "m",
        [
          12,
          1028,
          1579
        ],
        790556274
      ],
      [
        "m",
        [
          12,
          1029,
          1579
        ],
        790556166
      ],
      [
        "m",
        [
          12,
          1030,
          1579
        ],
        790556238
      ],
      [
        "m",
        [
          12,
          1031,
          1579
        ],
        790556238
      ],
      [
        "m",
        [
          12,
          1032,
          1579
        ],
        790556418
      ],
      [
        "m",
        [
          12,
          1033,
          1579
        ],
        790556418
      ],
      [
        "m",
        [
          12,
          1034,
          1579
        ],
        790556418
      ],
      [
        "m",
        [
          12,
          1035,
          1579
        ],
        790556166
      ],
      [
        "m",
        [
          12,
          1036,
          1579
        ],
        790556166
      ],
      [
        "m",
        [
          12,
          1037,
          1579
        ],
        790556166
      ],
      [
        "m",
        [
          12,
          1038,
          1579
        ],
        790556166
      ],
      [
        "m",
        [
          12,
          986,
          1580
        ],
        790556238
      ],
      [
        "m",
        [
          12,
          987,
          1580
        ],
        790556238
      ],
      [
        "m",
        [
          12,
          988,
          1580
        ],
        790556166
      ],
      [
        "m",
        [
          12,
          989,
          1580
        ],
        790556418
      ],
      [
        "m",
        [
          12,
          990,
          1580
        ],
        790556418
      ],
      [
        "m",
        [
          12,
          991,
          1580
        ],
        790556472
      ],
      [
        "m",
        [
          12,
          992,
          1580
        ],
        790556472
      ],
      [
        "m",
        [
          12,
          993,
          1580
        ],
        790556472
      ],
      [
        "m",
        [
          12,
          994,
          1580
        ],
        790556238
      ],
      [
        "m",
        [
          12,
          995,
          1580
        ],
        790556238
      ],
      [
        "m",
        [
          12,
          996,
          1580
        ],
        790556238
      ],
      [
        "m",
        [
          12,
          997,
          1580
        ],
        790556364
      ],
      [
        "m",
        [
          12,
          998,
          1580
        ],
        790556364
      ],
      [
        "m",
        [
          12,
          999,
          1580
        ],
        790556364
      ],
      [
        "m",
        [
          12,
          1000,
          1580
        ],
        790556274
      ],
      [
        "m",
        [
          12,
          1001,
          1580
        ],
        790556274
      ],
      [
        "m",
        [
          12,
          1002,
          1580
        ],
        790556238
      ],
      [
        "m",
        [
          12,
          1003,
          1580
        ],
        790556238
      ],
      [
        "m",
        [
          12,
          1004,
          1580
        ],
        790556238
      ],
      [
        "m",
        [
          12,
          1005,
          1580
        ],
        790556166
      ],
      [
        "m",
        [
          12,
          1006,
          1580
        ],
        790556166
      ],
      [
        "m",
        [
          12,
          1007,
          1580
        ],
        790556166
      ],
      [
        "m",
        [
          12,
          1008,
          1580
        ],
        790556166
      ],
      [
        "m",
        [
          12,
          1009,
          1580
        ],
        790556166
      ],
      [
        "m",
        [
          12,
          1010,
          1580
        ],
        790556166
      ],
      [
        "m",
        [
          12,
          1011,
          1580
        ],
        790556166
      ],
      [
        "m",
        [
          12,
          1012,
          1580
        ],
        790556166
      ],
      [
        "m",
        [
          12,
          1013,
          1580
        ],
        790556058
      ],
      [
        "m",
        [
          12,
          1014,
          1580
        ],
        790556238
      ],
      [
        "m",
        [
          12,
          1015,
          1580
        ],
        790556238
      ],
      [
        "m",
        [
          12,
          1016,
          1580
        ],
        790556238
      ],
      [
        "m",
        [
          12,
          1017,
          1580
        ],
        790556364
      ],
      [
        "m",
        [
          12,
          1018,
          1580
        ],
        790556364
      ],
      [
        "m",
        [
          12,
          1019,
          1580
        ],
        790556364
      ],
      [
        "m",
        [
          12,
          1020,
          1580
        ],
        790556418
      ],
      [
        "m",
        [
          12,
          1021,
          1580
        ],
        790556418
      ],
      [
        "m",
        [
          12,
          1022,
          1580
        ],
        790556418
      ],
      [
        "m",
        [
          12,
          1023,
          1580
        ],
        790556274
      ],
      [
        "m",
        [
          12,
          1024,
          1580
        ],
        790556238
      ],
      [
        "m",
        [
          12,
          1025,
          1580
        ],
        790556238
      ],
      [
        "m",
        [
          12,
          1026,
          1580
        ],
        790556238
      ],
      [
        "m",
        [
          12,
          1027,
          1580
        ],
        790556166
      ],
      [
        "m",
        [
          12,
          1028,
          1580
        ],
        790556238
      ],
      [
        "m",
        [
          12,
          1029,
          1580
        ],
        790556238
      ],
      [
        "m",
        [
          12,
          1030,
          1580
        ],
        790556238
      ],
      [
        "m",
        [
          12,
          1031,
          1580
        ],
        790556238
      ],
      [
        "m",
        [
          12,
          1032,
          1580
        ],
        790556418
      ],
      [
        "m",
        [
          12,
          1033,
          1580
        ],
        790556418
      ],
      [
        "m",
        [
          12,
          1034,
          1580
        ],
        790556418
      ],
      [
        "m",
        [
          12,
          1035,
          1580
        ],
        790556166
      ],
      [
        "m",
        [
          12,
          1036,
          1580
        ],
        790556166
      ],
      [
        "m",
        [
          12,
          1037,
          1580
        ],
        790556166
      ],
      [
        "m",
        [
          12,
          1038,
          1580
        ],
        790556166
      ],
      [
        "m",
        [
          12,
          986,
          1581
        ],
        790556238
      ],
      [
        "m",
        [
          12,
          987,
          1581
        ],
        790556238
      ],
      [
        "m",
        [
          12,
          988,
          1581
        ],
        790556238
      ],
      [
        "m",
        [
          12,
          989,
          1581
        ],
        790556418
      ],
      [
        "m",
        [
          12,
          990,
          1581
        ],
        790556418
      ],
      [
        "m",
        [
          12,
          991,
          1581
        ],
        790556418
      ],
      [
        "m",
        [
          12,
          992,
          1581
        ],
        790556238
      ],
      [
        "m",
        [
          12,
          993,
          1581
        ],
        790556238
      ],
      [
        "m",
        [
          12,
          994,
          1581
        ],
        790556238
      ],
      [
        "m",
        [
          12,
          995,
          1581
        ],
        790556238
      ],
      [
        "m",
        [
          12,
          996,
          1581
        ],
        790556238
      ],
      [
        "m",
        [
          12,
          997,
          1581
        ],
        790556364
      ],
      [
        "m",
        [
          12,
          998,
          1581
        ],
        790556364
      ],
      [
        "m",
        [
          12,
          999,
          1581
        ],
        790556472
      ],
      [
        "m",
        [
          12,
          1000,
          1581
        ],
        790556472
      ],
      [
        "m",
        [
          12,
          1001,
          1581
        ],
        790556472
      ],
      [
        "m",
        [
          12,
          1002,
          1581
        ],
        790556238
      ],
      [
        "m",
        [
          12,
          1003,
          1581
        ],
        790556238
      ],
      [
        "m",
        [
          12,
          1004,
          1581
        ],
        790556238
      ],
      [
        "m",
        [
          12,
          1005,
          1581
        ],
        790556166
      ],
      [
        "m",
        [
          12,
          1006,
          1581
        ],
        790556166
      ],
      [
        "m",
        [
          12,
          1007,
          1581
        ],
        790556166
      ],
      [
        "m",
        [
          12,
          1008,
          1581
        ],
        790556166
      ],
      [
        "m",
        [
          12,
          1009,
          1581
        ],
        790556166
      ],
      [
        "m",
        [
          12,
          1010,
          1581
        ],
        790556166
      ],
      [
        "m",
        [
          12,
          1011,
          1581
        ],
        790556166
      ],
      [
        "m",
        [
          12,
          1012,
          1581
        ],
        790556166
      ],
      [
        "m",
        [
          12,
          1013,
          1581
        ],
        790556058
      ],
      [
        "m",
        [
          12,
          1014,
          1581
        ],
        790556472
      ],
      [
        "m",
        [
          12,
          1015,
          1581
        ],
        790556472
      ],
      [
        "m",
        [
          12,
          1016,
          1581
        ],
        790556472
      ],
      [
        "m",
        [
          12,
          1017,
          1581
        ],
        790556364
      ],
      [
        "m",
        [
          12,
          1018,
          1581
        ],
        790556364
      ],
      [
        "m",
        [
          12,
          1019,
          1581
        ],
        790556364
      ],
      [
        "m",
        [
          12,
          1020,
          1581
        ],
        790556166
      ],
      [
        "m",
        [
          12,
          1021,
          1581
        ],
        790556274
      ],
      [
        "m",
        [
          12,
          1022,
          1581
        ],
        790556274
      ],
      [
        "m",
        [
          12,
          1023,
          1581
        ],
        790556274
      ],
      [
        "m",
        [
          12,
          1024,
          1581
        ],
        790556238
      ],
      [
        "m",
        [
          12,
          1025,
          1581
        ],
        790556238
      ],
      [
        "m",
        [
          12,
          1026,
          1581
        ],
        790556238
      ],
      [
        "m",
        [
          12,
          1027,
          1581
        ],
        790556166
      ],
      [
        "m",
        [
          12,
          1028,
          1581
        ],
        790556238
      ],
      [
        "m",
        [
          12,
          1029,
          1581
        ],
        790556238
      ],
      [
        "m",
        [
          12,
          1030,
          1581
        ],
        790556238
      ],
      [
        "m",
        [
          12,
          1031,
          1581
        ],
        790556364
      ],
      [
        "m",
        [
          12,
          1032,
          1581
        ],
        790556418
      ],
      [
        "m",
        [
          12,
          1033,
          1581
        ],
        790556418
      ],
      [
        "m",
        [
          12,
          1034,
          1581
        ],
        790556418
      ],
      [
        "m",
        [
          12,
          1035,
          1581
        ],
        790556166
      ],
      [
        "m",
        [
          12,
          1036,
          1581
        ],
        790556166
      ],
      [
        "m",
        [
          12,
          1037,
          1581
        ],
        790556166
      ],
      [
        "m",
        [
          12,
          1038,
          1581
        ],
        790556166
      ],
      [
        "m",
        [
          12,
          986,
          1582
        ],
        790556238
      ],
      [
        "m",
        [
          12,
          987,
          1582
        ],
        790556238
      ],
      [
        "m",
        [
          12,
          988,
          1582
        ],
        790556238
      ],
      [
        "m",
        [
          12,
          989,
          1582
        ],
        790556418
      ],
      [
        "m",
        [
          12,
          990,
          1582
        ],
        790556418
      ],
      [
        "m",
        [
          12,
          991,
          1582
        ],
        790556418
      ],
      [
        "m",
        [
          12,
          992,
          1582
        ],
        790556238
      ],
      [
        "m",
        [
          12,
          993,
          1582
        ],
        790556238
      ],
      [
        "m",
        [
          12,
          994,
          1582
        ],
        790556238
      ],
      [
        "m",
        [
          12,
          995,
          1582
        ],
        790556238
      ],
      [
        "m",
        [
          12,
          996,
          1582
        ],
        790556238
      ],
      [
        "m",
        [
          12,
          997,
          1582
        ],
        790556364
      ],
      [
        "m",
        [
          12,
          998,
          1582
        ],
        790556364
      ],
      [
        "m",
        [
          12,
          999,
          1582
        ],
        790556472
      ],
      [
        "m",
        [
          12,
          1000,
          1582
        ],
        790556472
      ],
      [
        "m",
        [
          12,
          1001,
          1582
        ],
        790556472
      ],
      [
        "m",
        [
          12,
          1002,
          1582
        ],
        790556058
      ],
      [
        "m",
        [
          12,
          1003,
          1582
        ],
        790556058
      ],
      [
        "m",
        [
          12,
          1004,
          1582
        ],
        790556058
      ],
      [
        "m",
        [
          12,
          1005,
          1582
        ],
        790556166
      ],
      [
        "m",
        [
          12,
          1006,
          1582
        ],
        790556166
      ],
      [
        "m",
        [
          12,
          1007,
          1582
        ],
        790556166
      ],
      [
        "m",
        [
          12,
          1008,
          1582
        ],
        790556166
      ],
      [
        "m",
        [
          12,
          1009,
          1582
        ],
        790556166
      ],
      [
        "m",
        [
          12,
          1010,
          1582
        ],
        790556166
      ],
      [
        "m",
        [
          12,
          1011,
          1582
        ],
        790556166
      ],
      [
        "m",
        [
          12,
          1012,
          1582
        ],
        790556166
      ],
      [
        "m",
        [
          12,
          1013,
          1582
        ],
        790556058
      ],
      [
        "m",
        [
          12,
          1014,
          1582
        ],
        790556472
      ],
      [
        "m",
        [
          12,
          1015,
          1582
        ],
        790556472
      ],
      [
        "m",
        [
          12,
          1016,
          1582
        ],
        790556472
      ],
      [
        "m",
        [
          12,
          1017,
          1582
        ],
        790556364
      ],
      [
        "m",
        [
          12,
          1018,
          1582
        ],
        790556364
      ],
      [
        "m",
        [
          12,
          1019,
          1582
        ],
        790556364
      ],
      [
        "m",
        [
          12,
          1020,
          1582
        ],
        790556058
      ],
      [
        "m",
        [
          12,
          1021,
          1582
        ],
        790556058
      ],
      [
        "m",
        [
          12,
          1022,
          1582
        ],
        790556058
      ],
      [
        "m",
        [
          12,
          1023,
          1582
        ],
        790556166
      ],
      [
        "m",
        [
          12,
          1024,
          1582
        ],
        790556238
      ],
      [
        "m",
        [
          12,
          1025,
          1582
        ],
        790556238
      ],
      [
        "m",
        [
          12,
          1026,
          1582
        ],
        790556238
      ],
      [
        "m",
        [
          12,
          1027,
          1582
        ],
        790556166
      ],
      [
        "m",
        [
          12,
          1028,
          1582
        ],
        790556238
      ],
      [
        "m",
        [
          12,
          1029,
          1582
        ],
        790556238
      ],
      [
        "m",
        [
          12,
          1030,
          1582
        ],
        790556418
      ],
      [
        "m",
        [
          12,
          1031,
          1582
        ],
        790556418
      ],
      [
        "m",
        [
          12,
          1032,
          1582
        ],
        790556418
      ],
      [
        "m",
        [
          12,
          1033,
          1582
        ],
        790556364
      ],
      [
        "m",
        [
          12,
          1034,
          1582
        ],
        790556238
      ],
      [
        "m",
        [
          12,
          1035,
          1582
        ],
        790556364
      ],
      [
        "m",
        [
          12,
          1036,
          1582
        ],
        790556364
      ],
      [
        "m",
        [
          12,
          1037,
          1582
        ],
        790556418
      ],
      [
        "m",
        [
          12,
          1038,
          1582
        ],
        790556418
      ],
      [
        "m",
        [
          12,
          986,
          1583
        ],
        790556238
      ],
      [
        "m",
        [
          12,
          987,
          1583
        ],
        790556238
      ],
      [
        "m",
        [
          12,
          988,
          1583
        ],
        790556238
      ],
      [
        "m",
        [
          12,
          989,
          1583
        ],
        790556166
      ],
      [
        "m",
        [
          12,
          990,
          1583
        ],
        790556364
      ],
      [
        "m",
        [
          12,
          991,
          1583
        ],
        790556364
      ],
      [
        "m",
        [
          12,
          992,
          1583
        ],
        790556364
      ],
      [
        "m",
        [
          12,
          993,
          1583
        ],
        790556274
      ],
      [
        "m",
        [
          12,
          994,
          1583
        ],
        790556166
      ],
      [
        "m",
        [
          12,
          995,
          1583
        ],
        790556166
      ],
      [
        "m",
        [
          12,
          996,
          1583
        ],
        790556058
      ],
      [
        "m",
        [
          12,
          997,
          1583
        ],
        790556058
      ],
      [
        "m",
        [
          12,
          998,
          1583
        ],
        790556364
      ],
      [
        "m",
        [
          12,
          999,
          1583
        ],
        790556472
      ],
      [
        "m",
        [
          12,
          1000,
          1583
        ],
        790556472
      ],
      [
        "m",
        [
          12,
          1001,
          1583
        ],
        790556472
      ],
      [
        "m",
        [
          12,
          1002,
          1583
        ],
        790556058
      ],
      [
        "m",
        [
          12,
          1003,
          1583
        ],
        790556058
      ],
      [
        "m",
        [
          12,
          1004,
          1583
        ],
        790556166
      ],
      [
        "m",
        [
          12,
          1005,
          1583
        ],
        790556166
      ],
      [
        "m",
        [
          12,
          1006,
          1583
        ],
        790556166
      ],
      [
        "m",
        [
          12,
          1007,
          1583
        ],
        790556166
      ],
      [
        "m",
        [
          12,
          1008,
          1583
        ],
        790556166
      ],
      [
        "m",
        [
          12,
          1009,
          1583
        ],
        790556166
      ],
      [
        "m",
        [
          12,
          1010,
          1583
        ],
        790556058
      ],
      [
        "m",
        [
          12,
          1011,
          1583
        ],
        790556058
      ],
      [
        "m",
        [
          12,
          1012,
          1583
        ],
        790556058
      ],
      [
        "m",
        [
          12,
          1013,
          1583
        ],
        790556058
      ],
      [
        "m",
        [
          12,
          1014,
          1583
        ],
        790556472
      ],
      [
        "m",
        [
          12,
          1015,
          1583
        ],
        790556472
      ],
      [
        "m",
        [
          12,
          1016,
          1583
        ],
        790556472
      ],
      [
        "m",
        [
          12,
          1017,
          1583
        ],
        790556238
      ],
      [
        "m",
        [
          12,
          1018,
          1583
        ],
        790556238
      ],
      [
        "m",
        [
          12,
          1019,
          1583
        ],
        790556238
      ],
      [
        "m",
        [
          12,
          1020,
          1583
        ],
        790556058
      ],
      [
        "m",
        [
          12,
          1021,
          1583
        ],
        790556058
      ],
      [
        "m",
        [
          12,
          1022,
          1583
        ],
        790556418
      ],
      [
        "m",
        [
          12,
          1023,
          1583
        ],
        790556418
      ],
      [
        "m",
        [
          12,
          1024,
          1583
        ],
        790556418
      ],
      [
        "m",
        [
          12,
          1025,
          1583
        ],
        790556418
      ],
      [
        "m",
        [
          12,
          1026,
          1583
        ],
        790556058
      ],
      [
        "m",
        [
          12,
          1027,
          1583
        ],
        790556058
      ],
      [
        "m",
        [
          12,
          1028,
          1583
        ],
        790556058
      ],
      [
        "m",
        [
          12,
          1029,
          1583
        ],
        790556058
      ],
      [
        "m",
        [
          12,
          1030,
          1583
        ],
        790556418
      ],
      [
        "m",
        [
          12,
          1031,
          1583
        ],
        790556418
      ],
      [
        "m",
        [
          12,
          1032,
          1583
        ],
        790556418
      ],
      [
        "m",
        [
          12,
          1033,
          1583
        ],
        790556364
      ],
      [
        "m",
        [
          12,
          1034,
          1583
        ],
        790556238
      ],
      [
        "m",
        [
          12,
          1035,
          1583
        ],
        790556364
      ],
      [
        "m",
        [
          12,
          1036,
          1583
        ],
        790556364
      ],
      [
        "m",
        [
          12,
          1037,
          1583
        ],
        790556418
      ],
      [
        "m",
        [
          12,
          1038,
          1583
        ],
        790556418
      ],
      [
        "m",
        [
          11,
          493,
          780
        ],
        790556058
      ],
      [
        "m",
        [
          11,
          494,
          780
        ],
        790556058
      ],
      [
        "m",
        [
          11,
          495,
          780
        ],
        790556058
      ],
      [
        "m",
        [
          11,
          496,
          780
        ],
        790556058
      ],
      [
        "m",
        [
          11,
          497,
          780
        ],
        790556058
      ],
      [
        "m",
        [
          11,
          498,
          780
        ],
        790556058
      ],
      [
        "m",
        [
          11,
          499,
          780
        ],
        790556058
      ],
      [
        "m",
        [
          11,
          500,
          780
        ],
        790556058
      ],
      [
        "m",
        [
          11,
          501,
          780
        ],
        790556058
      ],
      [
        "m",
        [
          11,
          502,
          780
        ],
        790556058
      ],
      [
        "m",
        [
          11,
          503,
          780
        ],
        790556058
      ],
      [
        "m",
        [
          11,
          504,
          780
        ],
        790556058
      ],
      [
        "m",
        [
          11,
          505,
          780
        ],
        790556058
      ],
      [
        "m",
        [
          11,
          506,
          780
        ],
        790556058
      ],
      [
        "m",
        [
          11,
          507,
          780
        ],
        790556058
      ],
      [
        "m",
        [
          11,
          508,
          780
        ],
        790556058
      ],
      [
        "m",
        [
          11,
          509,
          780
        ],
        790555512
      ],
      [
        "m",
        [
          11,
          510,
          780
        ],
        790555512
      ],
      [
        "m",
        [
          11,
          511,
          780
        ],
        790555512
      ],
      [
        "m",
        [
          11,
          512,
          780
        ],
        790555512
      ],
      [
        "m",
        [
          11,
          513,
          780
        ],
        790556058
      ],
      [
        "m",
        [
          11,
          514,
          780
        ],
        790556058
      ],
      [
        "m",
        [
          11,
          515,
          780
        ],
        790556058
      ],
      [
        "m",
        [
          11,
          516,
          780
        ],
        790556058
      ],
      [
        "m",
        [
          11,
          517,
          780
        ],
        790556058
      ],
      [
        "m",
        [
          11,
          518,
          780
        ],
        790556058
      ],
      [
        "m",
        [
          11,
          519,
          780
        ],
        790556058
      ],
      [
        "m",
        [
          11,
          493,
          781
        ],
        790556058
      ],
      [
        "m",
        [
          11,
          494,
          781
        ],
        790556058
      ],
      [
        "m",
        [
          11,
          495,
          781
        ],
        790556058
      ],
      [
        "m",
        [
          11,
          496,
          781
        ],
        790556058
      ],
      [
        "m",
        [
          11,
          497,
          781
        ],
        790556058
      ],
      [
        "m",
        [
          11,
          498,
          781
        ],
        790556058
      ],
      [
        "m",
        [
          11,
          499,
          781
        ],
        790556058
      ],
      [
        "m",
        [
          11,
          500,
          781
        ],
        790556058
      ],
      [
        "m",
        [
          11,
          501,
          781
        ],
        790556058
      ],
      [
        "m",
        [
          11,
          502,
          781
        ],
        790556058
      ],
      [
        "m",
        [
          11,
          503,
          781
        ],
        790556166
      ],
      [
        "m",
        [
          11,
          504,
          781
        ],
        790556166
      ],
      [
        "m",
        [
          11,
          505,
          781
        ],
        790556166
      ],
      [
        "m",
        [
          11,
          506,
          781
        ],
        790556166
      ],
      [
        "m",
        [
          11,
          507,
          781
        ],
        790556058
      ],
      [
        "m",
        [
          11,
          508,
          781
        ],
        790556058
      ],
      [
        "m",
        [
          11,
          509,
          781
        ],
        790556364
      ],
      [
        "m",
        [
          11,
          510,
          781
        ],
        790556364
      ],
      [
        "m",
        [
          11,
          511,
          781
        ],
        790556364
      ],
      [
        "m",
        [
          11,
          512,
          781
        ],
        790556364
      ],
      [
        "m",
        [
          11,
          513,
          781
        ],
        790556058
      ],
      [
        "m",
        [
          11,
          514,
          781
        ],
        790556058
      ],
      [
        "m",
        [
          11,
          515,
          781
        ],
        790556058
      ],
      [
        "m",
        [
          11,
          516,
          781
        ],
        790556058
      ],
      [
        "m",
        [
          11,
          517,
          781
        ],
        790556058
      ],
      [
        "m",
        [
          11,
          518,
          781
        ],
        790556058
      ],
      [
        "m",
        [
          11,
          519,
          781
        ],
        790556058
      ],
      [
        "m",
        [
          11,
          493,
          782
        ],
        790556058
      ],
      [
        "m",
        [
          11,
          494,
          782
        ],
        790556058
      ],
      [
        "m",
        [
          11,
          495,
          782
        ],
        790556058
      ],
      [
        "m",
        [
          11,
          496,
          782
        ],
        790556058
      ],
      [
        "m",
        [
          11,
          497,
          782
        ],
        790556058
      ],
      [
        "m",
        [
          11,
          498,
          782
        ],
        790556058
      ],
      [
        "m",
        [
          11,
          499,
          782
        ],
        790556058
      ],
      [
        "m",
        [
          11,
          500,
          782
        ],
        790556058
      ],
      [
        "m",
        [
          11,
          501,
          782
        ],
        790556058
      ],
      [
        "m",
        [
          11,
          502,
          782
        ],
        790556058
      ],
      [
        "m",
        [
          11,
          503,
          782
        ],
        790556166
      ],
      [
        "m",
        [
          11,
          504,
          782
        ],
        790556166
      ],
      [
        "m",
        [
          11,
          505,
          782
        ],
        790556166
      ],
      [
        "m",
        [
          11,
          506,
          782
        ],
        790556166
      ],
      [
        "m",
        [
          11,
          507,
          782
        ],
        790556058
      ],
      [
        "m",
        [
          11,
          508,
          782
        ],
        790556058
      ],
      [
        "m",
        [
          11,
          509,
          782
        ],
        790556364
      ],
      [
        "m",
        [
          11,
          510,
          782
        ],
        790556364
      ],
      [
        "m",
        [
          11,
          511,
          782
        ],
        790556364
      ],
      [
        "m",
        [
          11,
          512,
          782
        ],
        790556364
      ],
      [
        "m",
        [
          11,
          513,
          782
        ],
        790556058
      ],
      [
        "m",
        [
          11,
          514,
          782
        ],
        790556058
      ],
      [
        "m",
        [
          11,
          515,
          782
        ],
        790556058
      ],
      [
        "m",
        [
          11,
          516,
          782
        ],
        790556058
      ],
      [
        "m",
        [
          11,
          517,
          782
        ],
        790556058
      ],
      [
        "m",
        [
          11,
          518,
          782
        ],
        790556058
      ],
      [
        "m",
        [
          11,
          519,
          782
        ],
        790556058
      ],
      [
        "m",
        [
          11,
          493,
          783
        ],
        790556058
      ],
      [
        "m",
        [
          11,
          494,
          783
        ],
        790556058
      ],
      [
        "m",
        [
          11,
          495,
          783
        ],
        790556058
      ],
      [
        "m",
        [
          11,
          496,
          783
        ],
        790556058
      ],
      [
        "m",
        [
          11,
          497,
          783
        ],
        790556058
      ],
      [
        "m",
        [
          11,
          498,
          783
        ],
        790556058
      ],
      [
        "m",
        [
          11,
          499,
          783
        ],
        790556058
      ],
      [
        "m",
        [
          11,
          500,
          783
        ],
        790556058
      ],
      [
        "m",
        [
          11,
          501,
          783
        ],
        790556058
      ],
      [
        "m",
        [
          11,
          502,
          783
        ],
        790556058
      ],
      [
        "m",
        [
          11,
          503,
          783
        ],
        790556166
      ],
      [
        "m",
        [
          11,
          504,
          783
        ],
        790556166
      ],
      [
        "m",
        [
          11,
          505,
          783
        ],
        790556166
      ],
      [
        "m",
        [
          11,
          506,
          783
        ],
        790556166
      ],
      [
        "m",
        [
          11,
          507,
          783
        ],
        790556166
      ],
      [
        "m",
        [
          11,
          508,
          783
        ],
        790556166
      ],
      [
        "m",
        [
          11,
          509,
          783
        ],
        790556364
      ],
      [
        "m",
        [
          11,
          510,
          783
        ],
        790556364
      ],
      [
        "m",
        [
          11,
          511,
          783
        ],
        790556364
      ],
      [
        "m",
        [
          11,
          512,
          783
        ],
        790556364
      ],
      [
        "m",
        [
          11,
          513,
          783
        ],
        790556364
      ],
      [
        "m",
        [
          11,
          514,
          783
        ],
        790556364
      ],
      [
        "m",
        [
          11,
          515,
          783
        ],
        790556364
      ],
      [
        "m",
        [
          11,
          516,
          783
        ],
        790556364
      ],
      [
        "m",
        [
          11,
          517,
          783
        ],
        790556058
      ],
      [
        "m",
        [
          11,
          518,
          783
        ],
        790556058
      ],
      [
        "m",
        [
          11,
          519,
          783
        ],
        790556058
      ],
      [
        "m",
        [
          11,
          493,
          784
        ],
        790556058
      ],
      [
        "m",
        [
          11,
          494,
          784
        ],
        790556058
      ],
      [
        "m",
        [
          11,
          495,
          784
        ],
        790556058
      ],
      [
        "m",
        [
          11,
          496,
          784
        ],
        790556058
      ],
      [
        "m",
        [
          11,
          497,
          784
        ],
        790556058
      ],
      [
        "m",
        [
          11,
          498,
          784
        ],
        790556058
      ],
      [
        "m",
        [
          11,
          499,
          784
        ],
        790556058
      ],
      [
        "m",
        [
          11,
          500,
          784
        ],
        790556058
      ],
      [
        "m",
        [
          11,
          501,
          784
        ],
        790556058
      ],
      [
        "m",
        [
          11,
          502,
          784
        ],
        790556058
      ],
      [
        "m",
        [
          11,
          503,
          784
        ],
        790556166
      ],
      [
        "m",
        [
          11,
          504,
          784
        ],
        790556166
      ],
      [
        "m",
        [
          11,
          505,
          784
        ],
        790556166
      ],
      [
        "m",
        [
          11,
          506,
          784
        ],
        790556166
      ],
      [
        "m",
        [
          11,
          507,
          784
        ],
        790556166
      ],
      [
        "m",
        [
          11,
          508,
          784
        ],
        790556166
      ],
      [
        "m",
        [
          11,
          509,
          784
        ],
        790556364
      ],
      [
        "m",
        [
          11,
          510,
          784
        ],
        790556364
      ],
      [
        "m",
        [
          11,
          511,
          784
        ],
        790556364
      ],
      [
        "m",
        [
          11,
          512,
          784
        ],
        790556364
      ],
      [
        "m",
        [
          11,
          513,
          784
        ],
        790556364
      ],
      [
        "m",
        [
          11,
          514,
          784
        ],
        790556364
      ],
      [
        "m",
        [
          11,
          515,
          784
        ],
        790556364
      ],
      [
        "m",
        [
          11,
          516,
          784
        ],
        790556364
      ],
      [
        "m",
        [
          11,
          517,
          784
        ],
        790556058
      ],
      [
        "m",
        [
          11,
          518,
          784
        ],
        790556058
      ],
      [
        "m",
        [
          11,
          519,
          784
        ],
        790556058
      ],
      [
        "m",
        [
          11,
          493,
          785
        ],
        790556058
      ],
      [
        "m",
        [
          11,
          494,
          785
        ],
        790556058
      ],
      [
        "m",
        [
          11,
          495,
          785
        ],
        790556058
      ],
      [
        "m",
        [
          11,
          496,
          785
        ],
        790556058
      ],
      [
        "m",
        [
          11,
          497,
          785
        ],
        790556058
      ],
      [
        "m",
        [
          11,
          498,
          785
        ],
        790556058
      ],
      [
        "m",
        [
          11,
          499,
          785
        ],
        790556058
      ],
      [
        "m",
        [
          11,
          500,
          785
        ],
        790556058
      ],
      [
        "m",
        [
          11,
          501,
          785
        ],
        790555512
      ],
      [
        "m",
        [
          11,
          502,
          785
        ],
        790555512
      ],
      [
        "m",
        [
          11,
          503,
          785
        ],
        790556058
      ],
      [
        "m",
        [
          11,
          504,
          785
        ],
        790556058
      ],
      [
        "m",
        [
          11,
          505,
          785
        ],
        790556166
      ],
      [
        "m",
        [
          11,
          506,
          785
        ],
        790556166
      ],
      [
        "m",
        [
          11,
          507,
          785
        ],
        790556166
      ],
      [
        "m",
        [
          11,
          508,
          785
        ],
        790556166
      ],
      [
        "m",
        [
          11,
          509,
          785
        ],
        790556166
      ],
      [
        "m",
        [
          11,
          510,
          785
        ],
        790556166
      ],
      [
        "m",
        [
          11,
          511,
          785
        ],
        790556166
      ],
      [
        "m",
        [
          11,
          512,
          785
        ],
        790556166
      ],
      [
        "m",
        [
          11,
          513,
          785
        ],
        790556364
      ],
      [
        "m",
        [
          11,
          514,
          785
        ],
        790556364
      ],
      [
        "m",
        [
          11,
          515,
          785
        ],
        790556364
      ],
      [
        "m",
        [
          11,
          516,
          785
        ],
        790556364
      ],
      [
        "m",
        [
          11,
          517,
          785
        ],
        790556058
      ],
      [
        "m",
        [
          11,
          518,
          785
        ],
        790556058
      ],
      [
        "m",
        [
          11,
          519,
          785
        ],
        790556058
      ],
      [
        "m",
        [
          11,
          493,
          786
        ],
        790556058
      ],
      [
        "m",
        [
          11,
          494,
          786
        ],
        790556058
      ],
      [
        "m",
        [
          11,
          495,
          786
        ],
        790556058
      ],
      [
        "m",
        [
          11,
          496,
          786
        ],
        790556058
      ],
      [
        "m",
        [
          11,
          497,
          786
        ],
        790556058
      ],
      [
        "m",
        [
          11,
          498,
          786
        ],
        790556058
      ],
      [
        "m",
        [
          11,
          499,
          786
        ],
        790556058
      ],
      [
        "m",
        [
          11,
          500,
          786
        ],
        790556058
      ],
      [
        "m",
        [
          11,
          501,
          786
        ],
        790555512
      ],
      [
        "m",
        [
          11,
          502,
          786
        ],
        790555512
      ],
      [
        "m",
        [
          11,
          503,
          786
        ],
        790556058
      ],
      [
        "m",
        [
          11,
          504,
          786
        ],
        790556058
      ],
      [
        "m",
        [
          11,
          505,
          786
        ],
        790556166
      ],
      [
        "m",
        [
          11,
          506,
          786
        ],
        790556166
      ],
      [
        "m",
        [
          11,
          507,
          786
        ],
        790556166
      ],
      [
        "m",
        [
          11,
          508,
          786
        ],
        790556166
      ],
      [
        "m",
        [
          11,
          509,
          786
        ],
        790556166
      ],
      [
        "m",
        [
          11,
          510,
          786
        ],
        790556166
      ],
      [
        "m",
        [
          11,
          511,
          786
        ],
        790556166
      ],
      [
        "m",
        [
          11,
          512,
          786
        ],
        790556166
      ],
      [
        "m",
        [
          11,
          513,
          786
        ],
        790556364
      ],
      [
        "m",
        [
          11,
          514,
          786
        ],
        790556364
      ],
      [
        "m",
        [
          11,
          515,
          786
        ],
        790556364
      ],
      [
        "m",
        [
          11,
          516,
          786
        ],
        790556364
      ],
      [
        "m",
        [
          11,
          517,
          786
        ],
        790556058
      ],
      [
        "m",
        [
          11,
          518,
          786
        ],
        790556058
      ],
      [
        "m",
        [
          11,
          519,
          786
        ],
        790556058
      ],
      [
        "m",
        [
          11,
          493,
          787
        ],
        790556058
      ],
      [
        "m",
        [
          11,
          494,
          787
        ],
        790556058
      ],
      [
        "m",
        [
          11,
          495,
          787
        ],
        790556058
      ],
      [
        "m",
        [
          11,
          496,
          787
        ],
        790556058
      ],
      [
        "m",
        [
          11,
          497,
          787
        ],
        790556058
      ],
      [
        "m",
        [
          11,
          498,
          787
        ],
        790556058
      ],
      [
        "m",
        [
          11,
          499,
          787
        ],
        790556058
      ],
      [
        "m",
        [
          11,
          500,
          787
        ],
        790556058
      ],
      [
        "m",
        [
          11,
          501,
          787
        ],
        790556058
      ],
      [
        "m",
        [
          11,
          502,
          787
        ],
        790556058
      ],
      [
        "m",
        [
          11,
          503,
          787
        ],
        790556058
      ],
      [
        "m",
        [
          11,
          504,
          787
        ],
        790556058
      ],
      [
        "m",
        [
          11,
          505,
          787
        ],
        790556058
      ],
      [
        "m",
        [
          11,
          506,
          787
        ],
        790556058
      ],
      [
        "m",
        [
          11,
          507,
          787
        ],
        790556058
      ],
      [
        "m",
        [
          11,
          508,
          787
        ],
        790556058
      ],
      [
        "m",
        [
          11,
          509,
          787
        ],
        790556166
      ],
      [
        "m",
        [
          11,
          510,
          787
        ],
        790556166
      ],
      [
        "m",
        [
          11,
          511,
          787
        ],
        790556166
      ],
      [
        "m",
        [
          11,
          512,
          787
        ],
        790556166
      ],
      [
        "m",
        [
          11,
          513,
          787
        ],
        790556058
      ],
      [
        "m",
        [
          11,
          514,
          787
        ],
        790556058
      ],
      [
        "m",
        [
          11,
          515,
          787
        ],
        790556058
      ],
      [
        "m",
        [
          11,
          516,
          787
        ],
        790556058
      ],
      [
        "m",
        [
          11,
          517,
          787
        ],
        790556058
      ],
      [
        "m",
        [
          11,
          518,
          787
        ],
        790556058
      ],
      [
        "m",
        [
          11,
          519,
          787
        ],
        790556058
      ],
      [
        "m",
        [
          11,
          493,
          788
        ],
        790556058
      ],
      [
        "m",
        [
          11,
          494,
          788
        ],
        790556058
      ],
      [
        "m",
        [
          11,
          495,
          788
        ],
        790556058
      ],
      [
        "m",
        [
          11,
          496,
          788
        ],
        790556058
      ],
      [
        "m",
        [
          11,
          497,
          788
        ],
        790556058
      ],
      [
        "m",
        [
          11,
          498,
          788
        ],
        790556058
      ],
      [
        "m",
        [
          11,
          499,
          788
        ],
        790556058
      ],
      [
        "m",
        [
          11,
          500,
          788
        ],
        790556058
      ],
      [
        "m",
        [
          11,
          501,
          788
        ],
        790556058
      ],
      [
        "m",
        [
          11,
          502,
          788
        ],
        790556058
      ],
      [
        "m",
        [
          11,
          503,
          788
        ],
        790556058
      ],
      [
        "m",
        [
          11,
          504,
          788
        ],
        790556058
      ],
      [
        "m",
        [
          11,
          505,
          788
        ],
        790556058
      ],
      [
        "m",
        [
          11,
          506,
          788
        ],
        790556058
      ],
      [
        "m",
        [
          11,
          507,
          788
        ],
        790556058
      ],
      [
        "m",
        [
          11,
          508,
          788
        ],
        790556058
      ],
      [
        "m",
        [
          11,
          509,
          788
        ],
        790556166
      ],
      [
        "m",
        [
          11,
          510,
          788
        ],
        790556166
      ],
      [
        "m",
        [
          11,
          511,
          788
        ],
        790556166
      ],
      [
        "m",
        [
          11,
          512,
          788
        ],
        790556166
      ],
      [
        "m",
        [
          11,
          513,
          788
        ],
        790556058
      ],
      [
        "m",
        [
          11,
          514,
          788
        ],
        790556058
      ],
      [
        "m",
        [
          11,
          515,
          788
        ],
        790556058
      ],
      [
        "m",
        [
          11,
          516,
          788
        ],
        790556058
      ],
      [
        "m",
        [
          11,
          517,
          788
        ],
        790556058
      ],
      [
        "m",
        [
          11,
          518,
          788
        ],
        790556058
      ],
      [
        "m",
        [
          11,
          519,
          788
        ],
        790556058
      ],
      [
        "m",
        [
          11,
          493,
          789
        ],
        790556058
      ],
      [
        "m",
        [
          11,
          494,
          789
        ],
        790556058
      ],
      [
        "m",
        [
          11,
          495,
          789
        ],
        790556058
      ],
      [
        "m",
        [
          11,
          496,
          789
        ],
        790556058
      ],
      [
        "m",
        [
          11,
          497,
          789
        ],
        790556364
      ],
      [
        "m",
        [
          11,
          498,
          789
        ],
        790556364
      ],
      [
        "m",
        [
          11,
          499,
          789
        ],
        790556364
      ],
      [
        "m",
        [
          11,
          500,
          789
        ],
        790556364
      ],
      [
        "m",
        [
          11,
          501,
          789
        ],
        790556166
      ],
      [
        "m",
        [
          11,
          502,
          789
        ],
        790556166
      ],
      [
        "m",
        [
          11,
          503,
          789
        ],
        790556166
      ],
      [
        "m",
        [
          11,
          504,
          789
        ],
        790556166
      ],
      [
        "m",
        [
          11,
          505,
          789
        ],
        790556058
      ],
      [
        "m",
        [
          11,
          506,
          789
        ],
        790556058
      ],
      [
        "m",
        [
          11,
          507,
          789
        ],
        790556058
      ],
      [
        "m",
        [
          11,
          508,
          789
        ],
        790556058
      ],
      [
        "m",
        [
          11,
          509,
          789
        ],
        790556058
      ],
      [
        "m",
        [
          11,
          510,
          789
        ],
        790556058
      ],
      [
        "m",
        [
          11,
          511,
          789
        ],
        790555512
      ],
      [
        "m",
        [
          11,
          512,
          789
        ],
        790555512
      ],
      [
        "m",
        [
          11,
          513,
          789
        ],
        790556058
      ],
      [
        "m",
        [
          11,
          514,
          789
        ],
        790556058
      ],
      [
        "m",
        [
          11,
          515,
          789
        ],
        790556058
      ],
      [
        "m",
        [
          11,
          516,
          789
        ],
        790556058
      ],
      [
        "m",
        [
          11,
          517,
          789
        ],
        790556058
      ],
      [
        "m",
        [
          11,
          518,
          789
        ],
        790556058
      ],
      [
        "m",
        [
          11,
          519,
          789
        ],
        790555512
      ],
      [
        "m",
        [
          11,
          493,
          790
        ],
        790556058
      ],
      [
        "m",
        [
          11,
          494,
          790
        ],
        790556058
      ],
      [
        "m",
        [
          11,
          495,
          790
        ],
        790556058
      ],
      [
        "m",
        [
          11,
          496,
          790
        ],
        790556058
      ],
      [
        "m",
        [
          11,
          497,
          790
        ],
        790556364
      ],
      [
        "m",
        [
          11,
          498,
          790
        ],
        790556364
      ],
      [
        "m",
        [
          11,
          499,
          790
        ],
        790556364
      ],
      [
        "m",
        [
          11,
          500,
          790
        ],
        790556364
      ],
      [
        "m",
        [
          11,
          501,
          790
        ],
        790556166
      ],
      [
        "m",
        [
          11,
          502,
          790
        ],
        790556166
      ],
      [
        "m",
        [
          11,
          503,
          790
        ],
        790556166
      ],
      [
        "m",
        [
          11,
          504,
          790
        ],
        790556166
      ],
      [
        "m",
        [
          11,
          505,
          790
        ],
        790556058
      ],
      [
        "m",
        [
          11,
          506,
          790
        ],
        790556058
      ],
      [
        "m",
        [
          11,
          507,
          790
        ],
        790556058
      ],
      [
        "m",
        [
          11,
          508,
          790
        ],
        790556058
      ],
      [
        "m",
        [
          11,
          509,
          790
        ],
        790556058
      ],
      [
        "m",
        [
          11,
          510,
          790
        ],
        790556058
      ],
      [
        "m",
        [
          11,
          511,
          790
        ],
        790555512
      ],
      [
        "m",
        [
          11,
          512,
          790
        ],
        790555512
      ],
      [
        "m",
        [
          11,
          513,
          790
        ],
        790556058
      ],
      [
        "m",
        [
          11,
          514,
          790
        ],
        790556058
      ],
      [
        "m",
        [
          11,
          515,
          790
        ],
        790556058
      ],
      [
        "m",
        [
          11,
          516,
          790
        ],
        790556058
      ],
      [
        "m",
        [
          11,
          517,
          790
        ],
        790556058
      ],
      [
        "m",
        [
          11,
          518,
          790
        ],
        790556058
      ],
      [
        "m",
        [
          11,
          519,
          790
        ],
        790555512
      ],
      [
        "m",
        [
          11,
          493,
          791
        ],
        790556058
      ],
      [
        "m",
        [
          11,
          494,
          791
        ],
        790556058
      ],
      [
        "m",
        [
          11,
          495,
          791
        ],
        790556058
      ],
      [
        "m",
        [
          11,
          496,
          791
        ],
        790556058
      ],
      [
        "m",
        [
          11,
          497,
          791
        ],
        790556364
      ],
      [
        "m",
        [
          11,
          498,
          791
        ],
        790556364
      ],
      [
        "m",
        [
          11,
          499,
          791
        ],
        790556364
      ],
      [
        "m",
        [
          11,
          500,
          791
        ],
        790556364
      ],
      [
        "m",
        [
          11,
          501,
          791
        ],
        790556166
      ],
      [
        "m",
        [
          11,
          502,
          791
        ],
        790556166
      ],
      [
        "m",
        [
          11,
          503,
          791
        ],
        790556166
      ],
      [
        "m",
        [
          11,
          504,
          791
        ],
        790556166
      ],
      [
        "m",
        [
          11,
          505,
          791
        ],
        790556058
      ],
      [
        "m",
        [
          11,
          506,
          791
        ],
        790556058
      ],
      [
        "m",
        [
          11,
          507,
          791
        ],
        790556058
      ],
      [
        "m",
        [
          11,
          508,
          791
        ],
        790556058
      ],
      [
        "m",
        [
          11,
          509,
          791
        ],
        790556058
      ],
      [
        "m",
        [
          11,
          510,
          791
        ],
        790556058
      ],
      [
        "m",
        [
          11,
          511,
          791
        ],
        790556058
      ],
      [
        "m",
        [
          11,
          512,
          791
        ],
        790556058
      ],
      [
        "m",
        [
          11,
          513,
          791
        ],
        790556058
      ],
      [
        "m",
        [
          11,
          514,
          791
        ],
        790556058
      ],
      [
        "m",
        [
          11,
          515,
          791
        ],
        790556058
      ],
      [
        "m",
        [
          11,
          516,
          791
        ],
        790556058
      ],
      [
        "m",
        [
          11,
          517,
          791
        ],
        790556058
      ],
      [
        "m",
        [
          11,
          518,
          791
        ],
        790556058
      ],
      [
        "m",
        [
          11,
          519,
          791
        ],
        790556238
      ],
      [
        "m",
        [
          13,
          1999,
          3134
        ],
        790556058
      ],
      [
        "m",
        [
          13,
          2000,
          3134
        ],
        790556058
      ],
      [
        "m",
        [
          13,
          2001,
          3134
        ],
        790556364
      ],
      [
        "m",
        [
          13,
          2002,
          3134
        ],
        790556364
      ],
      [
        "m",
        [
          13,
          2003,
          3134
        ],
        790556364
      ],
      [
        "m",
        [
          13,
          2004,
          3134
        ],
        790556364
      ],
      [
        "m",
        [
          13,
          2005,
          3134
        ],
        790556166
      ],
      [
        "m",
        [
          13,
          2006,
          3134
        ],
        790556166
      ],
      [
        "m",
        [
          13,
          2007,
          3134
        ],
        790556166
      ],
      [
        "m",
        [
          13,
          2008,
          3134
        ],
        790556166
      ],
      [
        "m",
        [
          13,
          2009,
          3134
        ],
        790556058
      ],
      [
        "m",
        [
          13,
          2010,
          3134
        ],
        790556058
      ],
      [
        "m",
        [
          13,
          2011,
          3134
        ],
        790556166
      ],
      [
        "m",
        [
          13,
          2012,
          3134
        ],
        790556166
      ],
      [
        "m",
        [
          13,
          2013,
          3134
        ],
        790556166
      ],
      [
        "m",
        [
          13,
          2014,
          3134
        ],
        790556166
      ],
      [
        "m",
        [
          13,
          2015,
          3134
        ],
        790556166
      ],
      [
        "m",
        [
          13,
          2016,
          3134
        ],
        790556166
      ],
      [
        "m",
        [
          13,
          2017,
          3134
        ],
        790556166
      ],
      [
        "m",
        [
          13,
          2018,
          3134
        ],
        790556166
      ],
      [
        "m",
        [
          13,
          2019,
          3134
        ],
        790556058
      ],
      [
        "m",
        [
          13,
          2020,
          3134
        ],
        790556058
      ],
      [
        "m",
        [
          13,
          2021,
          3134
        ],
        790556166
      ],
      [
        "m",
        [
          13,
          2022,
          3134
        ],
        790556166
      ],
      [
        "m",
        [
          13,
          2023,
          3134
        ],
        790556166
      ],
      [
        "m",
        [
          13,
          2024,
          3134
        ],
        790556166
      ],
      [
        "m",
        [
          13,
          2025,
          3134
        ],
        790556238
      ],
      [
        "m",
        [
          13,
          2026,
          3134
        ],
        790556238
      ],
      [
        "m",
        [
          13,
          2027,
          3134
        ],
        790556238
      ],
      [
        "m",
        [
          13,
          2028,
          3134
        ],
        790556238
      ],
      [
        "m",
        [
          13,
          2029,
          3134
        ],
        790556166
      ],
      [
        "m",
        [
          13,
          2030,
          3134
        ],
        790556166
      ],
      [
        "m",
        [
          13,
          2031,
          3134
        ],
        790556058
      ],
      [
        "m",
        [
          13,
          2032,
          3134
        ],
        790556058
      ],
      [
        "m",
        [
          13,
          2033,
          3134
        ],
        790556058
      ],
      [
        "m",
        [
          13,
          2034,
          3134
        ],
        790556058
      ],
      [
        "m",
        [
          13,
          2035,
          3134
        ],
        790556058
      ],
      [
        "m",
        [
          13,
          2036,
          3134
        ],
        790556058
      ],
      [
        "m",
        [
          13,
          2037,
          3134
        ],
        790556058
      ],
      [
        "m",
        [
          13,
          2038,
          3134
        ],
        790556058
      ],
      [
        "m",
        [
          13,
          2039,
          3134
        ],
        790556058
      ],
      [
        "m",
        [
          13,
          2040,
          3134
        ],
        790556058
      ],
      [
        "m",
        [
          13,
          2041,
          3134
        ],
        790556166
      ],
      [
        "m",
        [
          13,
          2042,
          3134
        ],
        790556166
      ],
      [
        "m",
        [
          13,
          2043,
          3134
        ],
        790556364
      ],
      [
        "m",
        [
          13,
          2044,
          3134
        ],
        790556364
      ],
      [
        "m",
        [
          13,
          2045,
          3134
        ],
        790556364
      ],
      [
        "m",
        [
          13,
          2046,
          3134
        ],
        790556364
      ],
      [
        "m",
        [
          13,
          2047,
          3134
        ],
        790556238
      ],
      [
        "m",
        [
          13,
          2048,
          3134
        ],
        790556238
      ],
      [
        "m",
        [
          13,
          2049,
          3134
        ],
        790556166
      ],
      [
        "m",
        [
          13,
          2050,
          3134
        ],
        790556166
      ],
      [
        "m",
        [
          13,
          1999,
          3135
        ],
        790556058
      ],
      [
        "m",
        [
          13,
          2000,
          3135
        ],
        790556058
      ],
      [
        "m",
        [
          13,
          2001,
          3135
        ],
        790556166
      ],
      [
        "m",
        [
          13,
          2002,
          3135
        ],
        790556166
      ],
      [
        "m",
        [
          13,
          2003,
          3135
        ],
        790556166
      ],
      [
        "m",
        [
          13,
          2004,
          3135
        ],
        790556166
      ],
      [
        "m",
        [
          13,
          2005,
          3135
        ],
        790556166
      ],
      [
        "m",
        [
          13,
          2006,
          3135
        ],
        790556166
      ],
      [
        "m",
        [
          13,
          2007,
          3135
        ],
        790556166
      ],
      [
        "m",
        [
          13,
          2008,
          3135
        ],
        790556166
      ],
      [
        "m",
        [
          13,
          2009,
          3135
        ],
        790556058
      ],
      [
        "m",
        [
          13,
          2010,
          3135
        ],
        790556058
      ],
      [
        "m",
        [
          13,
          2011,
          3135
        ],
        790556058
      ],
      [
        "m",
        [
          13,
          2012,
          3135
        ],
        790556058
      ],
      [
        "m",
        [
          13,
          2013,
          3135
        ],
        790556058
      ],
      [
        "m",
        [
          13,
          2014,
          3135
        ],
        790556058
      ],
      [
        "m",
        [
          13,
          2015,
          3135
        ],
        790556166
      ],
      [
        "m",
        [
          13,
          2016,
          3135
        ],
        790556166
      ],
      [
        "m",
        [
          13,
          2017,
          3135
        ],
        790556166
      ],
      [
        "m",
        [
          13,
          2018,
          3135
        ],
        790556166
      ],
      [
        "m",
        [
          13,
          2019,
          3135
        ],
        790556058
      ],
      [
        "m",
        [
          13,
          2020,
          3135
        ],
        790556058
      ],
      [
        "m",
        [
          13,
          2021,
          3135
        ],
        790556166
      ],
      [
        "m",
        [
          13,
          2022,
          3135
        ],
        790556166
      ],
      [
        "m",
        [
          13,
          2023,
          3135
        ],
        790556166
      ],
      [
        "m",
        [
          13,
          2024,
          3135
        ],
        790556166
      ],
      [
        "m",
        [
          13,
          2025,
          3135
        ],
        790556166
      ],
      [
        "m",
        [
          13,
          2026,
          3135
        ],
        790556166
      ],
      [
        "m",
        [
          13,
          2027,
          3135
        ],
        790556472
      ],
      [
        "m",
        [
          13,
          2028,
          3135
        ],
        790556472
      ],
      [
        "m",
        [
          13,
          2029,
          3135
        ],
        790556472
      ],
      [
        "m",
        [
          13,
          2030,
          3135
        ],
        790556472
      ],
      [
        "m",
        [
          13,
          2031,
          3135
        ],
        790556274
      ],
      [
        "m",
        [
          13,
          2032,
          3135
        ],
        790556274
      ],
      [
        "m",
        [
          13,
          2033,
          3135
        ],
        790556274
      ],
      [
        "m",
        [
          13,
          2034,
          3135
        ],
        790556274
      ],
      [
        "m",
        [
          13,
          2035,
          3135
        ],
        790556274
      ],
      [
        "m",
        [
          13,
          2036,
          3135
        ],
        790556274
      ],
      [
        "m",
        [
          13,
          2037,
          3135
        ],
        790556364
      ],
      [
        "m",
        [
          13,
          2038,
          3135
        ],
        790556364
      ],
      [
        "m",
        [
          13,
          2039,
          3135
        ],
        790556364
      ],
      [
        "m",
        [
          13,
          2040,
          3135
        ],
        790556364
      ],
      [
        "m",
        [
          13,
          2041,
          3135
        ],
        790556058
      ],
      [
        "m",
        [
          13,
          2042,
          3135
        ],
        790556058
      ],
      [
        "m",
        [
          13,
          2043,
          3135
        ],
        790556058
      ],
      [
        "m",
        [
          13,
          2044,
          3135
        ],
        790556058
      ],
      [
        "m",
        [
          13,
          2045,
          3135
        ],
        790556238
      ],
      [
        "m",
        [
          13,
          2046,
          3135
        ],
        790556238
      ],
      [
        "m",
        [
          13,
          2047,
          3135
        ],
        790556238
      ],
      [
        "m",
        [
          13,
          2048,
          3135
        ],
        790556238
      ],
      [
        "m",
        [
          13,
          2049,
          3135
        ],
        790556238
      ],
      [
        "m",
        [
          13,
          2050,
          3135
        ],
        790556238
      ],
      [
        "m",
        [
          13,
          1999,
          3136
        ],
        790556058
      ],
      [
        "m",
        [
          13,
          2000,
          3136
        ],
        790556058
      ],
      [
        "m",
        [
          13,
          2001,
          3136
        ],
        790556166
      ],
      [
        "m",
        [
          13,
          2002,
          3136
        ],
        790556166
      ],
      [
        "m",
        [
          13,
          2003,
          3136
        ],
        790556166
      ],
      [
        "m",
        [
          13,
          2004,
          3136
        ],
        790556166
      ],
      [
        "m",
        [
          13,
          2005,
          3136
        ],
        790556166
      ],
      [
        "m",
        [
          13,
          2006,
          3136
        ],
        790556166
      ],
      [
        "m",
        [
          13,
          2007,
          3136
        ],
        790556166
      ],
      [
        "m",
        [
          13,
          2008,
          3136
        ],
        790556166
      ],
      [
        "m",
        [
          13,
          2009,
          3136
        ],
        790556058
      ],
      [
        "m",
        [
          13,
          2010,
          3136
        ],
        790556058
      ],
      [
        "m",
        [
          13,
          2011,
          3136
        ],
        790556058
      ],
      [
        "m",
        [
          13,
          2012,
          3136
        ],
        790556058
      ],
      [
        "m",
        [
          13,
          2013,
          3136
        ],
        790556058
      ],
      [
        "m",
        [
          13,
          2014,
          3136
        ],
        790556058
      ],
      [
        "m",
        [
          13,
          2015,
          3136
        ],
        790556166
      ],
      [
        "m",
        [
          13,
          2016,
          3136
        ],
        790556166
      ],
      [
        "m",
        [
          13,
          2017,
          3136
        ],
        790556166
      ],
      [
        "m",
        [
          13,
          2018,
          3136
        ],
        790556166
      ],
      [
        "m",
        [
          13,
          2019,
          3136
        ],
        790556058
      ],
      [
        "m",
        [
          13,
          2020,
          3136
        ],
        790556058
      ],
      [
        "m",
        [
          13,
          2021,
          3136
        ],
        790556166
      ],
      [
        "m",
        [
          13,
          2022,
          3136
        ],
        790556166
      ],
      [
        "m",
        [
          13,
          2023,
          3136
        ],
        790556166
      ],
      [
        "m",
        [
          13,
          2024,
          3136
        ],
        790556166
      ],
      [
        "m",
        [
          13,
          2025,
          3136
        ],
        790556166
      ],
      [
        "m",
        [
          13,
          2026,
          3136
        ],
        790556166
      ],
      [
        "m",
        [
          13,
          2027,
          3136
        ],
        790556472
      ],
      [
        "m",
        [
          13,
          2028,
          3136
        ],
        790556472
      ],
      [
        "m",
        [
          13,
          2029,
          3136
        ],
        790556472
      ],
      [
        "m",
        [
          13,
          2030,
          3136
        ],
        790556472
      ],
      [
        "m",
        [
          13,
          2031,
          3136
        ],
        790556274
      ],
      [
        "m",
        [
          13,
          2032,
          3136
        ],
        790556274
      ],
      [
        "m",
        [
          13,
          2033,
          3136
        ],
        790556274
      ],
      [
        "m",
        [
          13,
          2034,
          3136
        ],
        790556274
      ],
      [
        "m",
        [
          13,
          2035,
          3136
        ],
        790556274
      ],
      [
        "m",
        [
          13,
          2036,
          3136
        ],
        790556274
      ],
      [
        "m",
        [
          13,
          2037,
          3136
        ],
        790556364
      ],
      [
        "m",
        [
          13,
          2038,
          3136
        ],
        790556364
      ],
      [
        "m",
        [
          13,
          2039,
          3136
        ],
        790556364
      ],
      [
        "m",
        [
          13,
          2040,
          3136
        ],
        790556364
      ],
      [
        "m",
        [
          13,
          2041,
          3136
        ],
        790556058
      ],
      [
        "m",
        [
          13,
          2042,
          3136
        ],
        790556058
      ],
      [
        "m",
        [
          13,
          2043,
          3136
        ],
        790556058
      ],
      [
        "m",
        [
          13,
          2044,
          3136
        ],
        790556058
      ],
      [
        "m",
        [
          13,
          2045,
          3136
        ],
        790556238
      ],
      [
        "m",
        [
          13,
          2046,
          3136
        ],
        790556238
      ],
      [
        "m",
        [
          13,
          2047,
          3136
        ],
        790556238
      ],
      [
        "m",
        [
          13,
          2048,
          3136
        ],
        790556238
      ],
      [
        "m",
        [
          13,
          2049,
          3136
        ],
        790556238
      ],
      [
        "m",
        [
          13,
          2050,
          3136
        ],
        790556238
      ],
      [
        "m",
        [
          13,
          1999,
          3137
        ],
        790556058
      ],
      [
        "m",
        [
          13,
          2000,
          3137
        ],
        790556058
      ],
      [
        "m",
        [
          13,
          2001,
          3137
        ],
        790556166
      ],
      [
        "m",
        [
          13,
          2002,
          3137
        ],
        790556166
      ],
      [
        "m",
        [
          13,
          2003,
          3137
        ],
        790556166
      ],
      [
        "m",
        [
          13,
          2004,
          3137
        ],
        790556166
      ],
      [
        "m",
        [
          13,
          2005,
          3137
        ],
        790556058
      ],
      [
        "m",
        [
          13,
          2006,
          3137
        ],
        790556058
      ],
      [
        "m",
        [
          13,
          2007,
          3137
        ],
        790556166
      ],
      [
        "m",
        [
          13,
          2008,
          3137
        ],
        790556166
      ],
      [
        "m",
        [
          13,
          2009,
          3137
        ],
        790556166
      ],
      [
        "m",
        [
          13,
          2010,
          3137
        ],
        790556166
      ],
      [
        "m",
        [
          13,
          2011,
          3137
        ],
        790556058
      ],
      [
        "m",
        [
          13,
          2012,
          3137
        ],
        790556058
      ],
      [
        "m",
        [
          13,
          2013,
          3137
        ],
        790556058
      ],
      [
        "m",
        [
          13,
          2014,
          3137
        ],
        790556058
      ],
      [
        "m",
        [
          13,
          2015,
          3137
        ],
        790556238
      ],
      [
        "m",
        [
          13,
          2016,
          3137
        ],
        790556238
      ],
      [
        "m",
        [
          13,
          2017,
          3137
        ],
        790556238
      ],
      [
        "m",
        [
          13,
          2018,
          3137
        ],
        790556238
      ],
      [
        "m",
        [
          13,
          2019,
          3137
        ],
        790556058
      ],
      [
        "m",
        [
          13,
          2020,
          3137
        ],
        790556058
      ],
      [
        "m",
        [
          13,
          2021,
          3137
        ],
        790556058
      ],
      [
        "m",
        [
          13,
          2022,
          3137
        ],
        790556058
      ],
      [
        "m",
        [
          13,
          2023,
          3137
        ],
        790556238
      ],
      [
        "m",
        [
          13,
          2024,
          3137
        ],
        790556238
      ],
      [
        "m",
        [
          13,
          2025,
          3137
        ],
        790556274
      ],
      [
        "m",
        [
          13,
          2026,
          3137
        ],
        790556274
      ],
      [
        "m",
        [
          13,
          2027,
          3137
        ],
        790556472
      ],
      [
        "m",
        [
          13,
          2028,
          3137
        ],
        790556472
      ],
      [
        "m",
        [
          13,
          2029,
          3137
        ],
        790556472
      ],
      [
        "m",
        [
          13,
          2030,
          3137
        ],
        790556472
      ],
      [
        "m",
        [
          13,
          2031,
          3137
        ],
        790556364
      ],
      [
        "m",
        [
          13,
          2032,
          3137
        ],
        790556364
      ],
      [
        "m",
        [
          13,
          2033,
          3137
        ],
        790556364
      ],
      [
        "m",
        [
          13,
          2034,
          3137
        ],
        790556364
      ],
      [
        "m",
        [
          13,
          2035,
          3137
        ],
        790556274
      ],
      [
        "m",
        [
          13,
          2036,
          3137
        ],
        790556274
      ],
      [
        "m",
        [
          13,
          2037,
          3137
        ],
        790556364
      ],
      [
        "m",
        [
          13,
          2038,
          3137
        ],
        790556364
      ],
      [
        "m",
        [
          13,
          2039,
          3137
        ],
        790556364
      ],
      [
        "m",
        [
          13,
          2040,
          3137
        ],
        790556364
      ],
      [
        "m",
        [
          13,
          2041,
          3137
        ],
        790556238
      ],
      [
        "m",
        [
          13,
          2042,
          3137
        ],
        790556238
      ],
      [
        "m",
        [
          13,
          2043,
          3137
        ],
        790556166
      ],
      [
        "m",
        [
          13,
          2044,
          3137
        ],
        790556166
      ],
      [
        "m",
        [
          13,
          2045,
          3137
        ],
        790556166
      ],
      [
        "m",
        [
          13,
          2046,
          3137
        ],
        790556166
      ],
      [
        "m",
        [
          13,
          2047,
          3137
        ],
        790556238
      ],
      [
        "m",
        [
          13,
          2048,
          3137
        ],
        790556238
      ],
      [
        "m",
        [
          13,
          2049,
          3137
        ],
        790556238
      ],
      [
        "m",
        [
          13,
          2050,
          3137
        ],
        790556238
      ],
      [
        "m",
        [
          13,
          1999,
          3138
        ],
        790556058
      ],
      [
        "m",
        [
          13,
          2000,
          3138
        ],
        790556058
      ],
      [
        "m",
        [
          13,
          2001,
          3138
        ],
        790556166
      ],
      [
        "m",
        [
          13,
          2002,
          3138
        ],
        790556166
      ],
      [
        "m",
        [
          13,
          2003,
          3138
        ],
        790556166
      ],
      [
        "m",
        [
          13,
          2004,
          3138
        ],
        790556166
      ],
      [
        "m",
        [
          13,
          2005,
          3138
        ],
        790556058
      ],
      [
        "m",
        [
          13,
          2006,
          3138
        ],
        790556058
      ],
      [
        "m",
        [
          13,
          2007,
          3138
        ],
        790556166
      ],
      [
        "m",
        [
          13,
          2008,
          3138
        ],
        790556166
      ],
      [
        "m",
        [
          13,
          2009,
          3138
        ],
        790556166
      ],
      [
        "m",
        [
          13,
          2010,
          3138
        ],
        790556166
      ],
      [
        "m",
        [
          13,
          2011,
          3138
        ],
        790556058
      ],
      [
        "m",
        [
          13,
          2012,
          3138
        ],
        790556058
      ],
      [
        "m",
        [
          13,
          2013,
          3138
        ],
        790556058
      ],
      [
        "m",
        [
          13,
          2014,
          3138
        ],
        790556058
      ],
      [
        "m",
        [
          13,
          2015,
          3138
        ],
        790556238
      ],
      [
        "m",
        [
          13,
          2016,
          3138
        ],
        790556238
      ],
      [
        "m",
        [
          13,
          2017,
          3138
        ],
        790556238
      ],
      [
        "m",
        [
          13,
          2018,
          3138
        ],
        790556238
      ],
      [
        "m",
        [
          13,
          2019,
          3138
        ],
        790556058
      ],
      [
        "m",
        [
          13,
          2020,
          3138
        ],
        790556058
      ],
      [
        "m",
        [
          13,
          2021,
          3138
        ],
        790556058
      ],
      [
        "m",
        [
          13,
          2022,
          3138
        ],
        790556058
      ],
      [
        "m",
        [
          13,
          2023,
          3138
        ],
        790556238
      ],
      [
        "m",
        [
          13,
          2024,
          3138
        ],
        790556238
      ],
      [
        "m",
        [
          13,
          2025,
          3138
        ],
        790556274
      ],
      [
        "m",
        [
          13,
          2026,
          3138
        ],
        790556274
      ],
      [
        "m",
        [
          13,
          2027,
          3138
        ],
        790556472
      ],
      [
        "m",
        [
          13,
          2028,
          3138
        ],
        790556472
      ],
      [
        "m",
        [
          13,
          2029,
          3138
        ],
        790556472
      ],
      [
        "m",
        [
          13,
          2030,
          3138
        ],
        790556472
      ],
      [
        "m",
        [
          13,
          2031,
          3138
        ],
        790556364
      ],
      [
        "m",
        [
          13,
          2032,
          3138
        ],
        790556364
      ],
      [
        "m",
        [
          13,
          2033,
          3138
        ],
        790556364
      ],
      [
        "m",
        [
          13,
          2034,
          3138
        ],
        790556364
      ],
      [
        "m",
        [
          13,
          2035,
          3138
        ],
        790556274
      ],
      [
        "m",
        [
          13,
          2036,
          3138
        ],
        790556274
      ],
      [
        "m",
        [
          13,
          2037,
          3138
        ],
        790556364
      ],
      [
        "m",
        [
          13,
          2038,
          3138
        ],
        790556364
      ],
      [
        "m",
        [
          13,
          2039,
          3138
        ],
        790556364
      ],
      [
        "m",
        [
          13,
          2040,
          3138
        ],
        790556364
      ],
      [
        "m",
        [
          13,
          2041,
          3138
        ],
        790556238
      ],
      [
        "m",
        [
          13,
          2042,
          3138
        ],
        790556238
      ],
      [
        "m",
        [
          13,
          2043,
          3138
        ],
        790556166
      ],
      [
        "m",
        [
          13,
          2044,
          3138
        ],
        790556166
      ],
      [
        "m",
        [
          13,
          2045,
          3138
        ],
        790556166
      ],
      [
        "m",
        [
          13,
          2046,
          3138
        ],
        790556166
      ],
      [
        "m",
        [
          13,
          2047,
          3138
        ],
        790556238
      ],
      [
        "m",
        [
          13,
          2048,
          3138
        ],
        790556238
      ],
      [
        "m",
        [
          13,
          2049,
          3138
        ],
        790556238
      ],
      [
        "m",
        [
          13,
          2050,
          3138
        ],
        790556238
      ],
      [
        "m",
        [
          13,
          1999,
          3139
        ],
        790556238
      ],
      [
        "m",
        [
          13,
          2000,
          3139
        ],
        790556238
      ],
      [
        "m",
        [
          13,
          2001,
          3139
        ],
        790556238
      ],
      [
        "m",
        [
          13,
          2002,
          3139
        ],
        790556238
      ],
      [
        "m",
        [
          13,
          2003,
          3139
        ],
        790556166
      ],
      [
        "m",
        [
          13,
          2004,
          3139
        ],
        790556166
      ],
      [
        "m",
        [
          13,
          2005,
          3139
        ],
        790556058
      ],
      [
        "m",
        [
          13,
          2006,
          3139
        ],
        790556058
      ],
      [
        "m",
        [
          13,
          2007,
          3139
        ],
        790556166
      ],
      [
        "m",
        [
          13,
          2008,
          3139
        ],
        790556166
      ],
      [
        "m",
        [
          13,
          2009,
          3139
        ],
        790556166
      ],
      [
        "m",
        [
          13,
          2010,
          3139
        ],
        790556166
      ],
      [
        "m",
        [
          13,
          2011,
          3139
        ],
        790556058
      ],
      [
        "m",
        [
          13,
          2012,
          3139
        ],
        790556058
      ],
      [
        "m",
        [
          13,
          2013,
          3139
        ],
        790556058
      ],
      [
        "m",
        [
          13,
          2014,
          3139
        ],
        790556058
      ],
      [
        "m",
        [
          13,
          2015,
          3139
        ],
        790556238
      ],
      [
        "m",
        [
          13,
          2016,
          3139
        ],
        790556238
      ],
      [
        "m",
        [
          13,
          2017,
          3139
        ],
        790556238
      ],
      [
        "m",
        [
          13,
          2018,
          3139
        ],
        790556238
      ],
      [
        "m",
        [
          13,
          2019,
          3139
        ],
        790556058
      ],
      [
        "m",
        [
          13,
          2020,
          3139
        ],
        790556058
      ],
      [
        "m",
        [
          13,
          2021,
          3139
        ],
        790556058
      ],
      [
        "m",
        [
          13,
          2022,
          3139
        ],
        790556058
      ],
      [
        "m",
        [
          13,
          2023,
          3139
        ],
        790556238
      ],
      [
        "m",
        [
          13,
          2024,
          3139
        ],
        790556238
      ],
      [
        "m",
        [
          13,
          2025,
          3139
        ],
        790556274
      ],
      [
        "m",
        [
          13,
          2026,
          3139
        ],
        790556274
      ],
      [
        "m",
        [
          13,
          2027,
          3139
        ],
        790556274
      ],
      [
        "m",
        [
          13,
          2028,
          3139
        ],
        790556274
      ],
      [
        "m",
        [
          13,
          2029,
          3139
        ],
        790556058
      ],
      [
        "m",
        [
          13,
          2030,
          3139
        ],
        790556058
      ],
      [
        "m",
        [
          13,
          2031,
          3139
        ],
        790556364
      ],
      [
        "m",
        [
          13,
          2032,
          3139
        ],
        790556364
      ],
      [
        "m",
        [
          13,
          2033,
          3139
        ],
        790556418
      ],
      [
        "m",
        [
          13,
          2034,
          3139
        ],
        790556418
      ],
      [
        "m",
        [
          13,
          2035,
          3139
        ],
        790556418
      ],
      [
        "m",
        [
          13,
          2036,
          3139
        ],
        790556418
      ],
      [
        "m",
        [
          13,
          2037,
          3139
        ],
        790556274
      ],
      [
        "m",
        [
          13,
          2038,
          3139
        ],
        790556274
      ],
      [
        "m",
        [
          13,
          2039,
          3139
        ],
        790556274
      ],
      [
        "m",
        [
          13,
          2040,
          3139
        ],
        790556274
      ],
      [
        "m",
        [
          13,
          2041,
          3139
        ],
        790556472
      ],
      [
        "m",
        [
          13,
          2042,
          3139
        ],
        790556472
      ],
      [
        "m",
        [
          13,
          2043,
          3139
        ],
        790556472
      ],
      [
        "m",
        [
          13,
          2044,
          3139
        ],
        790556472
      ],
      [
        "m",
        [
          13,
          2045,
          3139
        ],
        790556166
      ],
      [
        "m",
        [
          13,
          2046,
          3139
        ],
        790556166
      ],
      [
        "m",
        [
          13,
          2047,
          3139
        ],
        790556364
      ],
      [
        "m",
        [
          13,
          2048,
          3139
        ],
        790556364
      ],
      [
        "m",
        [
          13,
          2049,
          3139
        ],
        790556364
      ],
      [
        "m",
        [
          13,
          2050,
          3139
        ],
        790556364
      ],
      [
        "m",
        [
          13,
          1999,
          3140
        ],
        790556238
      ],
      [
        "m",
        [
          13,
          2000,
          3140
        ],
        790556238
      ],
      [
        "m",
        [
          13,
          2001,
          3140
        ],
        790556238
      ],
      [
        "m",
        [
          13,
          2002,
          3140
        ],
        790556238
      ],
      [
        "m",
        [
          13,
          2003,
          3140
        ],
        790556166
      ],
      [
        "m",
        [
          13,
          2004,
          3140
        ],
        790556166
      ],
      [
        "m",
        [
          13,
          2005,
          3140
        ],
        790556058
      ],
      [
        "m",
        [
          13,
          2006,
          3140
        ],
        790556058
      ],
      [
        "m",
        [
          13,
          2007,
          3140
        ],
        790556166
      ],
      [
        "m",
        [
          13,
          2008,
          3140
        ],
        790556166
      ],
      [
        "m",
        [
          13,
          2009,
          3140
        ],
        790556166
      ],
      [
        "m",
        [
          13,
          2010,
          3140
        ],
        790556166
      ],
      [
        "m",
        [
          13,
          2011,
          3140
        ],
        790556058
      ],
      [
        "m",
        [
          13,
          2012,
          3140
        ],
        790556058
      ],
      [
        "m",
        [
          13,
          2013,
          3140
        ],
        790556058
      ],
      [
        "m",
        [
          13,
          2014,
          3140
        ],
        790556058
      ],
      [
        "m",
        [
          13,
          2015,
          3140
        ],
        790556238
      ],
      [
        "m",
        [
          13,
          2016,
          3140
        ],
        790556238
      ],
      [
        "m",
        [
          13,
          2017,
          3140
        ],
        790556238
      ],
      [
        "m",
        [
          13,
          2018,
          3140
        ],
        790556238
      ],
      [
        "m",
        [
          13,
          2019,
          3140
        ],
        790556058
      ],
      [
        "m",
        [
          13,
          2020,
          3140
        ],
        790556058
      ],
      [
        "m",
        [
          13,
          2021,
          3140
        ],
        790556058
      ],
      [
        "m",
        [
          13,
          2022,
          3140
        ],
        790556058
      ],
      [
        "m",
        [
          13,
          2023,
          3140
        ],
        790556238
      ],
      [
        "m",
        [
          13,
          2024,
          3140
        ],
        790556238
      ],
      [
        "m",
        [
          13,
          2025,
          3140
        ],
        790556274
      ],
      [
        "m",
        [
          13,
          2026,
          3140
        ],
        790556274
      ],
      [
        "m",
        [
          13,
          2027,
          3140
        ],
        790556274
      ],
      [
        "m",
        [
          13,
          2028,
          3140
        ],
        790556274
      ],
      [
        "m",
        [
          13,
          2029,
          3140
        ],
        790556058
      ],
      [
        "m",
        [
          13,
          2030,
          3140
        ],
        790556058
      ],
      [
        "m",
        [
          13,
          2031,
          3140
        ],
        790556364
      ],
      [
        "m",
        [
          13,
          2032,
          3140
        ],
        790556364
      ],
      [
        "m",
        [
          13,
          2033,
          3140
        ],
        790556418
      ],
      [
        "m",
        [
          13,
          2034,
          3140
        ],
        790556418
      ],
      [
        "m",
        [
          13,
          2035,
          3140
        ],
        790556418
      ],
      [
        "m",
        [
          13,
          2036,
          3140
        ],
        790556418
      ],
      [
        "m",
        [
          13,
          2037,
          3140
        ],
        790556274
      ],
      [
        "m",
        [
          13,
          2038,
          3140
        ],
        790556274
      ],
      [
        "m",
        [
          13,
          2039,
          3140
        ],
        790556274
      ],
      [
        "m",
        [
          13,
          2040,
          3140
        ],
        790556274
      ],
      [
        "m",
        [
          13,
          2041,
          3140
        ],
        790556472
      ],
      [
        "m",
        [
          13,
          2042,
          3140
        ],
        790556472
      ],
      [
        "m",
        [
          13,
          2043,
          3140
        ],
        790556472
      ],
      [
        "m",
        [
          13,
          2044,
          3140
        ],
        790556472
      ],
      [
        "m",
        [
          13,
          2045,
          3140
        ],
        790556166
      ],
      [
        "m",
        [
          13,
          2046,
          3140
        ],
        790556166
      ],
      [
        "m",
        [
          13,
          2047,
          3140
        ],
        790556364
      ],
      [
        "m",
        [
          13,
          2048,
          3140
        ],
        790556364
      ],
      [
        "m",
        [
          13,
          2049,
          3140
        ],
        790556364
      ],
      [
        "m",
        [
          13,
          2050,
          3140
        ],
        790556364
      ],
      [
        "m",
        [
          13,
          1999,
          3141
        ],
        790556238
      ],
      [
        "m",
        [
          13,
          2000,
          3141
        ],
        790556238
      ],
      [
        "m",
        [
          13,
          2001,
          3141
        ],
        790556238
      ],
      [
        "m",
        [
          13,
          2002,
          3141
        ],
        790556238
      ],
      [
        "m",
        [
          13,
          2003,
          3141
        ],
        790556058
      ],
      [
        "m",
        [
          13,
          2004,
          3141
        ],
        790556058
      ],
      [
        "m",
        [
          13,
          2005,
          3141
        ],
        790556058
      ],
      [
        "m",
        [
          13,
          2006,
          3141
        ],
        790556058
      ],
      [
        "m",
        [
          13,
          2007,
          3141
        ],
        790556058
      ],
      [
        "m",
        [
          13,
          2008,
          3141
        ],
        790556058
      ],
      [
        "m",
        [
          13,
          2009,
          3141
        ],
        790556058
      ],
      [
        "m",
        [
          13,
          2010,
          3141
        ],
        790556058
      ],
      [
        "m",
        [
          13,
          2011,
          3141
        ],
        790556166
      ],
      [
        "m",
        [
          13,
          2012,
          3141
        ],
        790556166
      ],
      [
        "m",
        [
          13,
          2013,
          3141
        ],
        790556166
      ],
      [
        "m",
        [
          13,
          2014,
          3141
        ],
        790556166
      ],
      [
        "m",
        [
          13,
          2015,
          3141
        ],
        790556058
      ],
      [
        "m",
        [
          13,
          2016,
          3141
        ],
        790556058
      ],
      [
        "m",
        [
          13,
          2017,
          3141
        ],
        790556166
      ],
      [
        "m",
        [
          13,
          2018,
          3141
        ],
        790556166
      ],
      [
        "m",
        [
          13,
          2019,
          3141
        ],
        790556238
      ],
      [
        "m",
        [
          13,
          2020,
          3141
        ],
        790556238
      ],
      [
        "m",
        [
          13,
          2021,
          3141
        ],
        790556238
      ],
      [
        "m",
        [
          13,
          2022,
          3141
        ],
        790556238
      ],
      [
        "m",
        [
          13,
          2023,
          3141
        ],
        790556238
      ],
      [
        "m",
        [
          13,
          2024,
          3141
        ],
        790556238
      ],
      [
        "m",
        [
          13,
          2025,
          3141
        ],
        790556238
      ],
      [
        "m",
        [
          13,
          2026,
          3141
        ],
        790556238
      ],
      [
        "m",
        [
          13,
          2027,
          3141
        ],
        790556238
      ],
      [
        "m",
        [
          13,
          2028,
          3141
        ],
        790556238
      ],
      [
        "m",
        [
          13,
          2029,
          3141
        ],
        790556238
      ],
      [
        "m",
        [
          13,
          2030,
          3141
        ],
        790556238
      ],
      [
        "m",
        [
          13,
          2031,
          3141
        ],
        790556058
      ],
      [
        "m",
        [
          13,
          2032,
          3141
        ],
        790556058
      ],
      [
        "m",
        [
          13,
          2033,
          3141
        ],
        790556472
      ],
      [
        "m",
        [
          13,
          2034,
          3141
        ],
        790556472
      ],
      [
        "m",
        [
          13,
          2035,
          3141
        ],
        790556472
      ],
      [
        "m",
        [
          13,
          2036,
          3141
        ],
        790556472
      ],
      [
        "m",
        [
          13,
          2037,
          3141
        ],
        790556238
      ],
      [
        "m",
        [
          13,
          2038,
          3141
        ],
        790556238
      ],
      [
        "m",
        [
          13,
          2039,
          3141
        ],
        790556274
      ],
      [
        "m",
        [
          13,
          2040,
          3141
        ],
        790556274
      ],
      [
        "m",
        [
          13,
          2041,
          3141
        ],
        790556472
      ],
      [
        "m",
        [
          13,
          2042,
          3141
        ],
        790556472
      ],
      [
        "m",
        [
          13,
          2043,
          3141
        ],
        790556472
      ],
      [
        "m",
        [
          13,
          2044,
          3141
        ],
        790556472
      ],
      [
        "m",
        [
          13,
          2045,
          3141
        ],
        790556472
      ],
      [
        "m",
        [
          13,
          2046,
          3141
        ],
        790556472
      ],
      [
        "m",
        [
          13,
          2047,
          3141
        ],
        790556472
      ],
      [
        "m",
        [
          13,
          2048,
          3141
        ],
        790556472
      ],
      [
        "m",
        [
          13,
          2049,
          3141
        ],
        790556364
      ],
      [
        "m",
        [
          13,
          2050,
          3141
        ],
        790556364
      ],
      [
        "m",
        [
          13,
          1999,
          3142
        ],
        790556238
      ],
      [
        "m",
        [
          13,
          2000,
          3142
        ],
        790556238
      ],
      [
        "m",
        [
          13,
          2001,
          3142
        ],
        790556238
      ],
      [
        "m",
        [
          13,
          2002,
          3142
        ],
        790556238
      ],
      [
        "m",
        [
          13,
          2003,
          3142
        ],
        790556058
      ],
      [
        "m",
        [
          13,
          2004,
          3142
        ],
        790556058
      ],
      [
        "m",
        [
          13,
          2005,
          3142
        ],
        790556058
      ],
      [
        "m",
        [
          13,
          2006,
          3142
        ],
        790556058
      ],
      [
        "m",
        [
          13,
          2007,
          3142
        ],
        790556058
      ],
      [
        "m",
        [
          13,
          2008,
          3142
        ],
        790556058
      ],
      [
        "m",
        [
          13,
          2009,
          3142
        ],
        790556058
      ],
      [
        "m",
        [
          13,
          2010,
          3142
        ],
        790556058
      ],
      [
        "m",
        [
          13,
          2011,
          3142
        ],
        790556166
      ],
      [
        "m",
        [
          13,
          2012,
          3142
        ],
        790556166
      ],
      [
        "m",
        [
          13,
          2013,
          3142
        ],
        790556166
      ],
      [
        "m",
        [
          13,
          2014,
          3142
        ],
        790556166
      ],
      [
        "m",
        [
          13,
          2015,
          3142
        ],
        790556058
      ],
      [
        "m",
        [
          13,
          2016,
          3142
        ],
        790556058
      ],
      [
        "m",
        [
          13,
          2017,
          3142
        ],
        790556166
      ],
      [
        "m",
        [
          13,
          2018,
          3142
        ],
        790556166
      ],
      [
        "m",
        [
          13,
          2019,
          3142
        ],
        790556238
      ],
      [
        "m",
        [
          13,
          2020,
          3142
        ],
        790556238
      ],
      [
        "m",
        [
          13,
          2021,
          3142
        ],
        790556238
      ],
      [
        "m",
        [
          13,
          2022,
          3142
        ],
        790556238
      ],
      [
        "m",
        [
          13,
          2023,
          3142
        ],
        790556238
      ],
      [
        "m",
        [
          13,
          2024,
          3142
        ],
        790556238
      ],
      [
        "m",
        [
          13,
          2025,
          3142
        ],
        790556238
      ],
      [
        "m",
        [
          13,
          2026,
          3142
        ],
        790556238
      ],
      [
        "m",
        [
          13,
          2027,
          3142
        ],
        790556238
      ],
      [
        "m",
        [
          13,
          2028,
          3142
        ],
        790556238
      ],
      [
        "m",
        [
          13,
          2029,
          3142
        ],
        790556238
      ],
      [
        "m",
        [
          13,
          2030,
          3142
        ],
        790556238
      ],
      [
        "m",
        [
          13,
          2031,
          3142
        ],
        790556058
      ],
      [
        "m",
        [
          13,
          2032,
          3142
        ],
        790556058
      ],
      [
        "m",
        [
          13,
          2033,
          3142
        ],
        790556472
      ],
      [
        "m",
        [
          13,
          2034,
          3142
        ],
        790556472
      ],
      [
        "m",
        [
          13,
          2035,
          3142
        ],
        790556472
      ],
      [
        "m",
        [
          13,
          2036,
          3142
        ],
        790556472
      ],
      [
        "m",
        [
          13,
          2037,
          3142
        ],
        790556238
      ],
      [
        "m",
        [
          13,
          2038,
          3142
        ],
        790556238
      ],
      [
        "m",
        [
          13,
          2039,
          3142
        ],
        790556274
      ],
      [
        "m",
        [
          13,
          2040,
          3142
        ],
        790556274
      ],
      [
        "m",
        [
          13,
          2041,
          3142
        ],
        790556472
      ],
      [
        "m",
        [
          13,
          2042,
          3142
        ],
        790556472
      ],
      [
        "m",
        [
          13,
          2043,
          3142
        ],
        790556472
      ],
      [
        "m",
        [
          13,
          2044,
          3142
        ],
        790556472
      ],
      [
        "m",
        [
          13,
          2045,
          3142
        ],
        790556472
      ],
      [
        "m",
        [
          13,
          2046,
          3142
        ],
        790556472
      ],
      [
        "m",
        [
          13,
          2047,
          3142
        ],
        790556472
      ],
      [
        "m",
        [
          13,
          2048,
          3142
        ],
        790556472
      ],
      [
        "m",
        [
          13,
          2049,
          3142
        ],
        790556364
      ],
      [
        "m",
        [
          13,
          2050,
          3142
        ],
        790556364
      ],
      [
        "m",
        [
          13,
          1999,
          3143
        ],
        790556238
      ],
      [
        "m",
        [
          13,
          2000,
          3143
        ],
        790556238
      ],
      [
        "m",
        [
          13,
          2001,
          3143
        ],
        790556238
      ],
      [
        "m",
        [
          13,
          2002,
          3143
        ],
        790556238
      ],
      [
        "m",
        [
          13,
          2003,
          3143
        ],
        790556058
      ],
      [
        "m",
        [
          13,
          2004,
          3143
        ],
        790556058
      ],
      [
        "m",
        [
          13,
          2005,
          3143
        ],
        790556418
      ],
      [
        "m",
        [
          13,
          2006,
          3143
        ],
        790556418
      ],
      [
        "m",
        [
          13,
          2007,
          3143
        ],
        790556418
      ],
      [
        "m",
        [
          13,
          2008,
          3143
        ],
        790556418
      ],
      [
        "m",
        [
          13,
          2009,
          3143
        ],
        790556058
      ],
      [
        "m",
        [
          13,
          2010,
          3143
        ],
        790556058
      ],
      [
        "m",
        [
          13,
          2011,
          3143
        ],
        790556166
      ],
      [
        "m",
        [
          13,
          2012,
          3143
        ],
        790556166
      ],
      [
        "m",
        [
          13,
          2013,
          3143
        ],
        790556166
      ],
      [
        "m",
        [
          13,
          2014,
          3143
        ],
        790556166
      ],
      [
        "m",
        [
          13,
          2015,
          3143
        ],
        790556238
      ],
      [
        "m",
        [
          13,
          2016,
          3143
        ],
        790556238
      ],
      [
        "m",
        [
          13,
          2017,
          3143
        ],
        790556238
      ],
      [
        "m",
        [
          13,
          2018,
          3143
        ],
        790556238
      ],
      [
        "m",
        [
          13,
          2019,
          3143
        ],
        790556238
      ],
      [
        "m",
        [
          13,
          2020,
          3143
        ],
        790556238
      ],
      [
        "m",
        [
          13,
          2021,
          3143
        ],
        790556238
      ],
      [
        "m",
        [
          13,
          2022,
          3143
        ],
        790556238
      ],
      [
        "m",
        [
          13,
          2023,
          3143
        ],
        790556238
      ],
      [
        "m",
        [
          13,
          2024,
          3143
        ],
        790556238
      ],
      [
        "m",
        [
          13,
          2025,
          3143
        ],
        790556238
      ],
      [
        "m",
        [
          13,
          2026,
          3143
        ],
        790556238
      ],
      [
        "m",
        [
          13,
          2027,
          3143
        ],
        790556238
      ],
      [
        "m",
        [
          13,
          2028,
          3143
        ],
        790556238
      ],
      [
        "m",
        [
          13,
          2029,
          3143
        ],
        790556238
      ],
      [
        "m",
        [
          13,
          2030,
          3143
        ],
        790556238
      ],
      [
        "m",
        [
          13,
          2031,
          3143
        ],
        790556058
      ],
      [
        "m",
        [
          13,
          2032,
          3143
        ],
        790556058
      ],
      [
        "m",
        [
          13,
          2033,
          3143
        ],
        790556472
      ],
      [
        "m",
        [
          13,
          2034,
          3143
        ],
        790556472
      ],
      [
        "m",
        [
          13,
          2035,
          3143
        ],
        790556472
      ],
      [
        "m",
        [
          13,
          2036,
          3143
        ],
        790556472
      ],
      [
        "m",
        [
          13,
          2037,
          3143
        ],
        790556472
      ],
      [
        "m",
        [
          13,
          2038,
          3143
        ],
        790556472
      ],
      [
        "m",
        [
          13,
          2039,
          3143
        ],
        790556166
      ],
      [
        "m",
        [
          13,
          2040,
          3143
        ],
        790556166
      ],
      [
        "m",
        [
          13,
          2041,
          3143
        ],
        790556238
      ],
      [
        "m",
        [
          13,
          2042,
          3143
        ],
        790556238
      ],
      [
        "m",
        [
          13,
          2043,
          3143
        ],
        790556274
      ],
      [
        "m",
        [
          13,
          2044,
          3143
        ],
        790556274
      ],
      [
        "m",
        [
          13,
          2045,
          3143
        ],
        790556472
      ],
      [
        "m",
        [
          13,
          2046,
          3143
        ],
        790556472
      ],
      [
        "m",
        [
          13,
          2047,
          3143
        ],
        790556472
      ],
      [
        "m",
        [
          13,
          2048,
          3143
        ],
        790556472
      ],
      [
        "m",
        [
          13,
          2049,
          3143
        ],
        790556364
      ],
      [
        "m",
        [
          13,
          2050,
          3143
        ],
        790556364
      ],
      [
        "m",
        [
          13,
          1999,
          3144
        ],
        790556238
      ],
      [
        "m",
        [
          13,
          2000,
          3144
        ],
        790556238
      ],
      [
        "m",
        [
          13,
          2001,
          3144
        ],
        790556238
      ],
      [
        "m",
        [
          13,
          2002,
          3144
        ],
        790556238
      ],
      [
        "m",
        [
          13,
          2003,
          3144
        ],
        790556058
      ],
      [
        "m",
        [
          13,
          2004,
          3144
        ],
        790556058
      ],
      [
        "m",
        [
          13,
          2005,
          3144
        ],
        790556418
      ],
      [
        "m",
        [
          13,
          2006,
          3144
        ],
        790556418
      ],
      [
        "m",
        [
          13,
          2007,
          3144
        ],
        790556418
      ],
      [
        "m",
        [
          13,
          2008,
          3144
        ],
        790556418
      ],
      [
        "m",
        [
          13,
          2009,
          3144
        ],
        790556058
      ],
      [
        "m",
        [
          13,
          2010,
          3144
        ],
        790556058
      ],
      [
        "m",
        [
          13,
          2011,
          3144
        ],
        790556166
      ],
      [
        "m",
        [
          13,
          2012,
          3144
        ],
        790556166
      ],
      [
        "m",
        [
          13,
          2013,
          3144
        ],
        790556166
      ],
      [
        "m",
        [
          13,
          2014,
          3144
        ],
        790556166
      ],
      [
        "m",
        [
          13,
          2015,
          3144
        ],
        790556238
      ],
      [
        "m",
        [
          13,
          2016,
          3144
        ],
        790556238
      ],
      [
        "m",
        [
          13,
          2017,
          3144
        ],
        790556238
      ],
      [
        "m",
        [
          13,
          2018,
          3144
        ],
        790556238
      ],
      [
        "m",
        [
          13,
          2019,
          3144
        ],
        790556238
      ],
      [
        "m",
        [
          13,
          2020,
          3144
        ],
        790556238
      ],
      [
        "m",
        [
          13,
          2021,
          3144
        ],
        790556238
      ],
      [
        "m",
        [
          13,
          2022,
          3144
        ],
        790556238
      ],
      [
        "m",
        [
          13,
          2023,
          3144
        ],
        790556238
      ],
      [
        "m",
        [
          13,
          2024,
          3144
        ],
        790556238
      ],
      [
        "m",
        [
          13,
          2025,
          3144
        ],
        790556238
      ],
      [
        "m",
        [
          13,
          2026,
          3144
        ],
        790556238
      ],
      [
        "m",
        [
          13,
          2027,
          3144
        ],
        790556238
      ],
      [
        "m",
        [
          13,
          2028,
          3144
        ],
        790556238
      ],
      [
        "m",
        [
          13,
          2029,
          3144
        ],
        790556238
      ],
      [
        "m",
        [
          13,
          2030,
          3144
        ],
        790556238
      ],
      [
        "m",
        [
          13,
          2031,
          3144
        ],
        790556058
      ],
      [
        "m",
        [
          13,
          2032,
          3144
        ],
        790556058
      ],
      [
        "m",
        [
          13,
          2033,
          3144
        ],
        790556472
      ],
      [
        "m",
        [
          13,
          2034,
          3144
        ],
        790556472
      ],
      [
        "m",
        [
          13,
          2035,
          3144
        ],
        790556472
      ],
      [
        "m",
        [
          13,
          2036,
          3144
        ],
        790556472
      ],
      [
        "m",
        [
          13,
          2037,
          3144
        ],
        790556472
      ],
      [
        "m",
        [
          13,
          2038,
          3144
        ],
        790556472
      ],
      [
        "m",
        [
          13,
          2039,
          3144
        ],
        790556166
      ],
      [
        "m",
        [
          13,
          2040,
          3144
        ],
        790556166
      ],
      [
        "m",
        [
          13,
          2041,
          3144
        ],
        790556238
      ],
      [
        "m",
        [
          13,
          2042,
          3144
        ],
        790556238
      ],
      [
        "m",
        [
          13,
          2043,
          3144
        ],
        790556274
      ],
      [
        "m",
        [
          13,
          2044,
          3144
        ],
        790556274
      ],
      [
        "m",
        [
          13,
          2045,
          3144
        ],
        790556472
      ],
      [
        "m",
        [
          13,
          2046,
          3144
        ],
        790556472
      ],
      [
        "m",
        [
          13,
          2047,
          3144
        ],
        790556472
      ],
      [
        "m",
        [
          13,
          2048,
          3144
        ],
        790556472
      ],
      [
        "m",
        [
          13,
          2049,
          3144
        ],
        790556364
      ],
      [
        "m",
        [
          13,
          2050,
          3144
        ],
        790556364
      ],
      [
        "m",
        [
          13,
          1999,
          3145
        ],
        790556166
      ],
      [
        "m",
        [
          13,
          2000,
          3145
        ],
        790556166
      ],
      [
        "m",
        [
          13,
          2001,
          3145
        ],
        790556166
      ],
      [
        "m",
        [
          13,
          2002,
          3145
        ],
        790556166
      ],
      [
        "m",
        [
          13,
          2003,
          3145
        ],
        790556058
      ],
      [
        "m",
        [
          13,
          2004,
          3145
        ],
        790556058
      ],
      [
        "m",
        [
          13,
          2005,
          3145
        ],
        790556418
      ],
      [
        "m",
        [
          13,
          2006,
          3145
        ],
        790556418
      ],
      [
        "m",
        [
          13,
          2007,
          3145
        ],
        790556418
      ],
      [
        "m",
        [
          13,
          2008,
          3145
        ],
        790556418
      ],
      [
        "m",
        [
          13,
          2009,
          3145
        ],
        790556058
      ],
      [
        "m",
        [
          13,
          2010,
          3145
        ],
        790556058
      ],
      [
        "m",
        [
          13,
          2011,
          3145
        ],
        790556058
      ],
      [
        "m",
        [
          13,
          2012,
          3145
        ],
        790556058
      ],
      [
        "m",
        [
          13,
          2013,
          3145
        ],
        790556058
      ],
      [
        "m",
        [
          13,
          2014,
          3145
        ],
        790556058
      ],
      [
        "m",
        [
          13,
          2015,
          3145
        ],
        790556238
      ],
      [
        "m",
        [
          13,
          2016,
          3145
        ],
        790556238
      ],
      [
        "m",
        [
          13,
          2017,
          3145
        ],
        790556238
      ],
      [
        "m",
        [
          13,
          2018,
          3145
        ],
        790556238
      ],
      [
        "m",
        [
          13,
          2019,
          3145
        ],
        790556058
      ],
      [
        "m",
        [
          13,
          2020,
          3145
        ],
        790556058
      ],
      [
        "m",
        [
          13,
          2021,
          3145
        ],
        790556274
      ],
      [
        "m",
        [
          13,
          2022,
          3145
        ],
        790556274
      ],
      [
        "m",
        [
          13,
          2023,
          3145
        ],
        790556274
      ],
      [
        "m",
        [
          13,
          2024,
          3145
        ],
        790556274
      ],
      [
        "m",
        [
          13,
          2025,
          3145
        ],
        790556238
      ],
      [
        "m",
        [
          13,
          2026,
          3145
        ],
        790556238
      ],
      [
        "m",
        [
          13,
          2027,
          3145
        ],
        790556166
      ],
      [
        "m",
        [
          13,
          2028,
          3145
        ],
        790556166
      ],
      [
        "m",
        [
          13,
          2029,
          3145
        ],
        790556166
      ],
      [
        "m",
        [
          13,
          2030,
          3145
        ],
        790556166
      ],
      [
        "m",
        [
          13,
          2031,
          3145
        ],
        790556238
      ],
      [
        "m",
        [
          13,
          2032,
          3145
        ],
        790556238
      ],
      [
        "m",
        [
          13,
          2033,
          3145
        ],
        790556238
      ],
      [
        "m",
        [
          13,
          2034,
          3145
        ],
        790556238
      ],
      [
        "m",
        [
          13,
          2035,
          3145
        ],
        790556472
      ],
      [
        "m",
        [
          13,
          2036,
          3145
        ],
        790556472
      ],
      [
        "m",
        [
          13,
          2037,
          3145
        ],
        790556472
      ],
      [
        "m",
        [
          13,
          2038,
          3145
        ],
        790556472
      ],
      [
        "m",
        [
          13,
          2039,
          3145
        ],
        790556418
      ],
      [
        "m",
        [
          13,
          2040,
          3145
        ],
        790556418
      ],
      [
        "m",
        [
          13,
          2041,
          3145
        ],
        790556418
      ],
      [
        "m",
        [
          13,
          2042,
          3145
        ],
        790556418
      ],
      [
        "m",
        [
          13,
          2043,
          3145
        ],
        790556274
      ],
      [
        "m",
        [
          13,
          2044,
          3145
        ],
        790556274
      ],
      [
        "m",
        [
          13,
          2045,
          3145
        ],
        790556238
      ],
      [
        "m",
        [
          13,
          2046,
          3145
        ],
        790556238
      ],
      [
        "m",
        [
          13,
          2047,
          3145
        ],
        790556364
      ],
      [
        "m",
        [
          13,
          2048,
          3145
        ],
        790556364
      ],
      [
        "m",
        [
          13,
          2049,
          3145
        ],
        790556364
      ],
      [
        "m",
        [
          13,
          2050,
          3145
        ],
        790556364
      ],
      [
        "m",
        [
          13,
          1999,
          3146
        ],
        790556166
      ],
      [
        "m",
        [
          13,
          2000,
          3146
        ],
        790556166
      ],
      [
        "m",
        [
          13,
          2001,
          3146
        ],
        790556166
      ],
      [
        "m",
        [
          13,
          2002,
          3146
        ],
        790556166
      ],
      [
        "m",
        [
          13,
          2003,
          3146
        ],
        790556058
      ],
      [
        "m",
        [
          13,
          2004,
          3146
        ],
        790556058
      ],
      [
        "m",
        [
          13,
          2005,
          3146
        ],
        790556418
      ],
      [
        "m",
        [
          13,
          2006,
          3146
        ],
        790556418
      ],
      [
        "m",
        [
          13,
          2007,
          3146
        ],
        790556418
      ],
      [
        "m",
        [
          13,
          2008,
          3146
        ],
        790556418
      ],
      [
        "m",
        [
          13,
          2009,
          3146
        ],
        790556058
      ],
      [
        "m",
        [
          13,
          2010,
          3146
        ],
        790556058
      ],
      [
        "m",
        [
          13,
          2011,
          3146
        ],
        790556058
      ],
      [
        "m",
        [
          13,
          2012,
          3146
        ],
        790556058
      ],
      [
        "m",
        [
          13,
          2013,
          3146
        ],
        790556058
      ],
      [
        "m",
        [
          13,
          2014,
          3146
        ],
        790556058
      ],
      [
        "m",
        [
          13,
          2015,
          3146
        ],
        790556238
      ],
      [
        "m",
        [
          13,
          2016,
          3146
        ],
        790556238
      ],
      [
        "m",
        [
          13,
          2017,
          3146
        ],
        790556238
      ],
      [
        "m",
        [
          13,
          2018,
          3146
        ],
        790556238
      ],
      [
        "m",
        [
          13,
          2019,
          3146
        ],
        790556058
      ],
      [
        "m",
        [
          13,
          2020,
          3146
        ],
        790556058
      ],
      [
        "m",
        [
          13,
          2021,
          3146
        ],
        790556274
      ],
      [
        "m",
        [
          13,
          2022,
          3146
        ],
        790556274
      ],
      [
        "m",
        [
          13,
          2023,
          3146
        ],
        790556274
      ],
      [
        "m",
        [
          13,
          2024,
          3146
        ],
        790556274
      ],
      [
        "m",
        [
          13,
          2025,
          3146
        ],
        790556238
      ],
      [
        "m",
        [
          13,
          2026,
          3146
        ],
        790556238
      ],
      [
        "m",
        [
          13,
          2027,
          3146
        ],
        790556166
      ],
      [
        "m",
        [
          13,
          2028,
          3146
        ],
        790556166
      ],
      [
        "m",
        [
          13,
          2029,
          3146
        ],
        790556166
      ],
      [
        "m",
        [
          13,
          2030,
          3146
        ],
        790556166
      ],
      [
        "m",
        [
          13,
          2031,
          3146
        ],
        790556238
      ],
      [
        "m",
        [
          13,
          2032,
          3146
        ],
        790556238
      ],
      [
        "m",
        [
          13,
          2033,
          3146
        ],
        790556238
      ],
      [
        "m",
        [
          13,
          2034,
          3146
        ],
        790556238
      ],
      [
        "m",
        [
          13,
          2035,
          3146
        ],
        790556472
      ],
      [
        "m",
        [
          13,
          2036,
          3146
        ],
        790556472
      ],
      [
        "m",
        [
          13,
          2037,
          3146
        ],
        790556472
      ],
      [
        "m",
        [
          13,
          2038,
          3146
        ],
        790556472
      ],
      [
        "m",
        [
          13,
          2039,
          3146
        ],
        790556418
      ],
      [
        "m",
        [
          13,
          2040,
          3146
        ],
        790556418
      ],
      [
        "m",
        [
          13,
          2041,
          3146
        ],
        790556418
      ],
      [
        "m",
        [
          13,
          2042,
          3146
        ],
        790556418
      ],
      [
        "m",
        [
          13,
          2043,
          3146
        ],
        790556274
      ],
      [
        "m",
        [
          13,
          2044,
          3146
        ],
        790556274
      ],
      [
        "m",
        [
          13,
          2045,
          3146
        ],
        790556238
      ],
      [
        "m",
        [
          13,
          2046,
          3146
        ],
        790556238
      ],
      [
        "m",
        [
          13,
          2047,
          3146
        ],
        790556364
      ],
      [
        "m",
        [
          13,
          2048,
          3146
        ],
        790556364
      ],
      [
        "m",
        [
          13,
          2049,
          3146
        ],
        790556364
      ],
      [
        "m",
        [
          13,
          2050,
          3146
        ],
        790556364
      ],
      [
        "m",
        [
          13,
          1999,
          3147
        ],
        790556166
      ],
      [
        "m",
        [
          13,
          2000,
          3147
        ],
        790556166
      ],
      [
        "m",
        [
          13,
          2001,
          3147
        ],
        790556166
      ],
      [
        "m",
        [
          13,
          2002,
          3147
        ],
        790556166
      ],
      [
        "m",
        [
          13,
          2003,
          3147
        ],
        790556058
      ],
      [
        "m",
        [
          13,
          2004,
          3147
        ],
        790556058
      ],
      [
        "m",
        [
          13,
          2005,
          3147
        ],
        790556238
      ],
      [
        "m",
        [
          13,
          2006,
          3147
        ],
        790556238
      ],
      [
        "m",
        [
          13,
          2007,
          3147
        ],
        790556238
      ],
      [
        "m",
        [
          13,
          2008,
          3147
        ],
        790556238
      ],
      [
        "m",
        [
          13,
          2009,
          3147
        ],
        790556058
      ],
      [
        "m",
        [
          13,
          2010,
          3147
        ],
        790556058
      ],
      [
        "m",
        [
          13,
          2011,
          3147
        ],
        790556058
      ],
      [
        "m",
        [
          13,
          2012,
          3147
        ],
        790556058
      ],
      [
        "m",
        [
          13,
          2013,
          3147
        ],
        790556058
      ],
      [
        "m",
        [
          13,
          2014,
          3147
        ],
        790556058
      ],
      [
        "m",
        [
          13,
          2015,
          3147
        ],
        790556058
      ],
      [
        "m",
        [
          13,
          2016,
          3147
        ],
        790556058
      ],
      [
        "m",
        [
          13,
          2017,
          3147
        ],
        790556058
      ],
      [
        "m",
        [
          13,
          2018,
          3147
        ],
        790556058
      ],
      [
        "m",
        [
          13,
          2019,
          3147
        ],
        790556166
      ],
      [
        "m",
        [
          13,
          2020,
          3147
        ],
        790556166
      ],
      [
        "m",
        [
          13,
          2021,
          3147
        ],
        790556274
      ],
      [
        "m",
        [
          13,
          2022,
          3147
        ],
        790556274
      ],
      [
        "m",
        [
          13,
          2023,
          3147
        ],
        790556274
      ],
      [
        "m",
        [
          13,
          2024,
          3147
        ],
        790556274
      ],
      [
        "m",
        [
          13,
          2025,
          3147
        ],
        790556076
      ],
      [
        "m",
        [
          13,
          2026,
          3147
        ],
        790556076
      ],
      [
        "m",
        [
          13,
          2027,
          3147
        ],
        790556166
      ],
      [
        "m",
        [
          13,
          2028,
          3147
        ],
        790556166
      ],
      [
        "m",
        [
          13,
          2029,
          3147
        ],
        790556166
      ],
      [
        "m",
        [
          13,
          2030,
          3147
        ],
        790556166
      ],
      [
        "m",
        [
          13,
          2031,
          3147
        ],
        790556238
      ],
      [
        "m",
        [
          13,
          2032,
          3147
        ],
        790556238
      ],
      [
        "m",
        [
          13,
          2033,
          3147
        ],
        790556238
      ],
      [
        "m",
        [
          13,
          2034,
          3147
        ],
        790556238
      ],
      [
        "m",
        [
          13,
          2035,
          3147
        ],
        790556238
      ],
      [
        "m",
        [
          13,
          2036,
          3147
        ],
        790556238
      ],
      [
        "m",
        [
          13,
          2037,
          3147
        ],
        790556418
      ],
      [
        "m",
        [
          13,
          2038,
          3147
        ],
        790556418
      ],
      [
        "m",
        [
          13,
          2039,
          3147
        ],
        790556418
      ],
      [
        "m",
        [
          13,
          2040,
          3147
        ],
        790556418
      ],
      [
        "m",
        [
          13,
          2041,
          3147
        ],
        790556418
      ],
      [
        "m",
        [
          13,
          2042,
          3147
        ],
        790556418
      ],
      [
        "m",
        [
          13,
          2043,
          3147
        ],
        790556274
      ],
      [
        "m",
        [
          13,
          2044,
          3147
        ],
        790556274
      ],
      [
        "m",
        [
          13,
          2045,
          3147
        ],
        790556058
      ],
      [
        "m",
        [
          13,
          2046,
          3147
        ],
        790556058
      ],
      [
        "m",
        [
          13,
          2047,
          3147
        ],
        790556058
      ],
      [
        "m",
        [
          13,
          2048,
          3147
        ],
        790556058
      ],
      [
        "m",
        [
          13,
          2049,
          3147
        ],
        790556166
      ],
      [
        "m",
        [
          13,
          2050,
          3147
        ],
        790556166
      ],
      [
        "m",
        [
          13,
          1999,
          3148
        ],
        790556166
      ],
      [
        "m",
        [
          13,
          2000,
          3148
        ],
        790556166
      ],
      [
        "m",
        [
          13,
          2001,
          3148
        ],
        790556166
      ],
      [
        "m",
        [
          13,
          2002,
          3148
        ],
        790556166
      ],
      [
        "m",
        [
          13,
          2003,
          3148
        ],
        790556058
      ],
      [
        "m",
        [
          13,
          2004,
          3148
        ],
        790556058
      ],
      [
        "m",
        [
          13,
          2005,
          3148
        ],
        790556238
      ],
      [
        "m",
        [
          13,
          2006,
          3148
        ],
        790556238
      ],
      [
        "m",
        [
          13,
          2007,
          3148
        ],
        790556238
      ],
      [
        "m",
        [
          13,
          2008,
          3148
        ],
        790556238
      ],
      [
        "m",
        [
          13,
          2009,
          3148
        ],
        790556058
      ],
      [
        "m",
        [
          13,
          2010,
          3148
        ],
        790556058
      ],
      [
        "m",
        [
          13,
          2011,
          3148
        ],
        790556058
      ],
      [
        "m",
        [
          13,
          2012,
          3148
        ],
        790556058
      ],
      [
        "m",
        [
          13,
          2013,
          3148
        ],
        790556058
      ],
      [
        "m",
        [
          13,
          2014,
          3148
        ],
        790556058
      ],
      [
        "m",
        [
          13,
          2015,
          3148
        ],
        790556058
      ],
      [
        "m",
        [
          13,
          2016,
          3148
        ],
        790556058
      ],
      [
        "m",
        [
          13,
          2017,
          3148
        ],
        790556058
      ],
      [
        "m",
        [
          13,
          2018,
          3148
        ],
        790556058
      ],
      [
        "m",
        [
          13,
          2019,
          3148
        ],
        790556166
      ],
      [
        "m",
        [
          13,
          2020,
          3148
        ],
        790556166
      ],
      [
        "m",
        [
          13,
          2021,
          3148
        ],
        790556274
      ],
      [
        "m",
        [
          13,
          2022,
          3148
        ],
        790556274
      ],
      [
        "m",
        [
          13,
          2023,
          3148
        ],
        790556274
      ],
      [
        "m",
        [
          13,
          2024,
          3148
        ],
        790556274
      ],
      [
        "m",
        [
          13,
          2025,
          3148
        ],
        790556076
      ],
      [
        "m",
        [
          13,
          2026,
          3148
        ],
        790556076
      ],
      [
        "m",
        [
          13,
          2027,
          3148
        ],
        790556166
      ],
      [
        "m",
        [
          13,
          2028,
          3148
        ],
        790556166
      ],
      [
        "m",
        [
          13,
          2029,
          3148
        ],
        790556166
      ],
      [
        "m",
        [
          13,
          2030,
          3148
        ],
        790556166
      ],
      [
        "m",
        [
          13,
          2031,
          3148
        ],
        790556238
      ],
      [
        "m",
        [
          13,
          2032,
          3148
        ],
        790556238
      ],
      [
        "m",
        [
          13,
          2033,
          3148
        ],
        790556238
      ],
      [
        "m",
        [
          13,
          2034,
          3148
        ],
        790556238
      ],
      [
        "m",
        [
          13,
          2035,
          3148
        ],
        790556238
      ],
      [
        "m",
        [
          13,
          2036,
          3148
        ],
        790556238
      ],
      [
        "m",
        [
          13,
          2037,
          3148
        ],
        790556418
      ],
      [
        "m",
        [
          13,
          2038,
          3148
        ],
        790556418
      ],
      [
        "m",
        [
          13,
          2039,
          3148
        ],
        790556418
      ],
      [
        "m",
        [
          13,
          2040,
          3148
        ],
        790556418
      ],
      [
        "m",
        [
          13,
          2041,
          3148
        ],
        790556418
      ],
      [
        "m",
        [
          13,
          2042,
          3148
        ],
        790556418
      ],
      [
        "m",
        [
          13,
          2043,
          3148
        ],
        790556274
      ],
      [
        "m",
        [
          13,
          2044,
          3148
        ],
        790556274
      ],
      [
        "m",
        [
          13,
          2045,
          3148
        ],
        790556058
      ],
      [
        "m",
        [
          13,
          2046,
          3148
        ],
        790556058
      ],
      [
        "m",
        [
          13,
          2047,
          3148
        ],
        790556058
      ],
      [
        "m",
        [
          13,
          2048,
          3148
        ],
        790556058
      ],
      [
        "m",
        [
          13,
          2049,
          3148
        ],
        790556166
      ],
      [
        "m",
        [
          13,
          2050,
          3148
        ],
        790556166
      ],
      [
        "m",
        [
          13,
          1999,
          3149
        ],
        790556238
      ],
      [
        "m",
        [
          13,
          2000,
          3149
        ],
        790556238
      ],
      [
        "m",
        [
          13,
          2001,
          3149
        ],
        790556166
      ],
      [
        "m",
        [
          13,
          2002,
          3149
        ],
        790556166
      ],
      [
        "m",
        [
          13,
          2003,
          3149
        ],
        790556238
      ],
      [
        "m",
        [
          13,
          2004,
          3149
        ],
        790556238
      ],
      [
        "m",
        [
          13,
          2005,
          3149
        ],
        790556238
      ],
      [
        "m",
        [
          13,
          2006,
          3149
        ],
        790556238
      ],
      [
        "m",
        [
          13,
          2007,
          3149
        ],
        790556058
      ],
      [
        "m",
        [
          13,
          2008,
          3149
        ],
        790556058
      ],
      [
        "m",
        [
          13,
          2009,
          3149
        ],
        790556166
      ],
      [
        "m",
        [
          13,
          2010,
          3149
        ],
        790556166
      ],
      [
        "m",
        [
          13,
          2011,
          3149
        ],
        790556418
      ],
      [
        "m",
        [
          13,
          2012,
          3149
        ],
        790556418
      ],
      [
        "m",
        [
          13,
          2013,
          3149
        ],
        790556418
      ],
      [
        "m",
        [
          13,
          2014,
          3149
        ],
        790556418
      ],
      [
        "m",
        [
          13,
          2015,
          3149
        ],
        790556238
      ],
      [
        "m",
        [
          13,
          2016,
          3149
        ],
        790556238
      ],
      [
        "m",
        [
          13,
          2017,
          3149
        ],
        790556238
      ],
      [
        "m",
        [
          13,
          2018,
          3149
        ],
        790556238
      ],
      [
        "m",
        [
          13,
          2019,
          3149
        ],
        790556166
      ],
      [
        "m",
        [
          13,
          2020,
          3149
        ],
        790556166
      ],
      [
        "m",
        [
          13,
          2021,
          3149
        ],
        790556166
      ],
      [
        "m",
        [
          13,
          2022,
          3149
        ],
        790556166
      ],
      [
        "m",
        [
          13,
          2023,
          3149
        ],
        790556076
      ],
      [
        "m",
        [
          13,
          2024,
          3149
        ],
        790556076
      ],
      [
        "m",
        [
          13,
          2025,
          3149
        ],
        790556274
      ],
      [
        "m",
        [
          13,
          2026,
          3149
        ],
        790556274
      ],
      [
        "m",
        [
          13,
          2027,
          3149
        ],
        790556274
      ],
      [
        "m",
        [
          13,
          2028,
          3149
        ],
        790556274
      ],
      [
        "m",
        [
          13,
          2029,
          3149
        ],
        790556166
      ],
      [
        "m",
        [
          13,
          2030,
          3149
        ],
        790556166
      ],
      [
        "m",
        [
          13,
          2031,
          3149
        ],
        790556166
      ],
      [
        "m",
        [
          13,
          2032,
          3149
        ],
        790556166
      ],
      [
        "m",
        [
          13,
          2033,
          3149
        ],
        790556058
      ],
      [
        "m",
        [
          13,
          2034,
          3149
        ],
        790556058
      ],
      [
        "m",
        [
          13,
          2035,
          3149
        ],
        790556166
      ],
      [
        "m",
        [
          13,
          2036,
          3149
        ],
        790556166
      ],
      [
        "m",
        [
          13,
          2037,
          3149
        ],
        790556166
      ],
      [
        "m",
        [
          13,
          2038,
          3149
        ],
        790556166
      ],
      [
        "m",
        [
          13,
          2039,
          3149
        ],
        790556058
      ],
      [
        "m",
        [
          13,
          2040,
          3149
        ],
        790556058
      ],
      [
        "m",
        [
          13,
          2041,
          3149
        ],
        790556418
      ],
      [
        "m",
        [
          13,
          2042,
          3149
        ],
        790556418
      ],
      [
        "m",
        [
          13,
          2043,
          3149
        ],
        790556418
      ],
      [
        "m",
        [
          13,
          2044,
          3149
        ],
        790556418
      ],
      [
        "m",
        [
          13,
          2045,
          3149
        ],
        790556058
      ],
      [
        "m",
        [
          13,
          2046,
          3149
        ],
        790556058
      ],
      [
        "m",
        [
          13,
          2047,
          3149
        ],
        790556058
      ],
      [
        "m",
        [
          13,
          2048,
          3149
        ],
        790556058
      ],
      [
        "m",
        [
          13,
          2049,
          3149
        ],
        790556238
      ],
      [
        "m",
        [
          13,
          2050,
          3149
        ],
        790556238
      ],
      [
        "m",
        [
          13,
          1999,
          3150
        ],
        790556238
      ],
      [
        "m",
        [
          13,
          2000,
          3150
        ],
        790556238
      ],
      [
        "m",
        [
          13,
          2001,
          3150
        ],
        790556166
      ],
      [
        "m",
        [
          13,
          2002,
          3150
        ],
        790556166
      ],
      [
        "m",
        [
          13,
          2003,
          3150
        ],
        790556238
      ],
      [
        "m",
        [
          13,
          2004,
          3150
        ],
        790556238
      ],
      [
        "m",
        [
          13,
          2005,
          3150
        ],
        790556238
      ],
      [
        "m",
        [
          13,
          2006,
          3150
        ],
        790556238
      ],
      [
        "m",
        [
          13,
          2007,
          3150
        ],
        790556058
      ],
      [
        "m",
        [
          13,
          2008,
          3150
        ],
        790556058
      ],
      [
        "m",
        [
          13,
          2009,
          3150
        ],
        790556166
      ],
      [
        "m",
        [
          13,
          2010,
          3150
        ],
        790556166
      ],
      [
        "m",
        [
          13,
          2011,
          3150
        ],
        790556418
      ],
      [
        "m",
        [
          13,
          2012,
          3150
        ],
        790556418
      ],
      [
        "m",
        [
          13,
          2013,
          3150
        ],
        790556418
      ],
      [
        "m",
        [
          13,
          2014,
          3150
        ],
        790556418
      ],
      [
        "m",
        [
          13,
          2015,
          3150
        ],
        790556238
      ],
      [
        "m",
        [
          13,
          2016,
          3150
        ],
        790556238
      ],
      [
        "m",
        [
          13,
          2017,
          3150
        ],
        790556238
      ],
      [
        "m",
        [
          13,
          2018,
          3150
        ],
        790556238
      ],
      [
        "m",
        [
          13,
          2019,
          3150
        ],
        790556166
      ],
      [
        "m",
        [
          13,
          2020,
          3150
        ],
        790556166
      ],
      [
        "m",
        [
          13,
          2021,
          3150
        ],
        790556166
      ],
      [
        "m",
        [
          13,
          2022,
          3150
        ],
        790556166
      ],
      [
        "m",
        [
          13,
          2023,
          3150
        ],
        790556076
      ],
      [
        "m",
        [
          13,
          2024,
          3150
        ],
        790556076
      ],
      [
        "m",
        [
          13,
          2025,
          3150
        ],
        790556274
      ],
      [
        "m",
        [
          13,
          2026,
          3150
        ],
        790556274
      ],
      [
        "m",
        [
          13,
          2027,
          3150
        ],
        790556274
      ],
      [
        "m",
        [
          13,
          2028,
          3150
        ],
        790556274
      ],
      [
        "m",
        [
          13,
          2029,
          3150
        ],
        790556166
      ],
      [
        "m",
        [
          13,
          2030,
          3150
        ],
        790556166
      ],
      [
        "m",
        [
          13,
          2031,
          3150
        ],
        790556166
      ],
      [
        "m",
        [
          13,
          2032,
          3150
        ],
        790556166
      ],
      [
        "m",
        [
          13,
          2033,
          3150
        ],
        790556058
      ],
      [
        "m",
        [
          13,
          2034,
          3150
        ],
        790556058
      ],
      [
        "m",
        [
          13,
          2035,
          3150
        ],
        790556166
      ],
      [
        "m",
        [
          13,
          2036,
          3150
        ],
        790556166
      ],
      [
        "m",
        [
          13,
          2037,
          3150
        ],
        790556166
      ],
      [
        "m",
        [
          13,
          2038,
          3150
        ],
        790556166
      ],
      [
        "m",
        [
          13,
          2039,
          3150
        ],
        790556058
      ],
      [
        "m",
        [
          13,
          2040,
          3150
        ],
        790556058
      ],
      [
        "m",
        [
          13,
          2041,
          3150
        ],
        790556418
      ],
      [
        "m",
        [
          13,
          2042,
          3150
        ],
        790556418
      ],
      [
        "m",
        [
          13,
          2043,
          3150
        ],
        790556418
      ],
      [
        "m",
        [
          13,
          2044,
          3150
        ],
        790556418
      ],
      [
        "m",
        [
          13,
          2045,
          3150
        ],
        790556058
      ],
      [
        "m",
        [
          13,
          2046,
          3150
        ],
        790556058
      ],
      [
        "m",
        [
          13,
          2047,
          3150
        ],
        790556058
      ],
      [
        "m",
        [
          13,
          2048,
          3150
        ],
        790556058
      ],
      [
        "m",
        [
          13,
          2049,
          3150
        ],
        790556238
      ],
      [
        "m",
        [
          13,
          2050,
          3150
        ],
        790556238
      ],
      [
        "m",
        [
          13,
          1999,
          3151
        ],
        790556238
      ],
      [
        "m",
        [
          13,
          2000,
          3151
        ],
        790556238
      ],
      [
        "m",
        [
          13,
          2001,
          3151
        ],
        790556166
      ],
      [
        "m",
        [
          13,
          2002,
          3151
        ],
        790556166
      ],
      [
        "m",
        [
          13,
          2003,
          3151
        ],
        790556238
      ],
      [
        "m",
        [
          13,
          2004,
          3151
        ],
        790556238
      ],
      [
        "m",
        [
          13,
          2005,
          3151
        ],
        790556238
      ],
      [
        "m",
        [
          13,
          2006,
          3151
        ],
        790556238
      ],
      [
        "m",
        [
          13,
          2007,
          3151
        ],
        790556058
      ],
      [
        "m",
        [
          13,
          2008,
          3151
        ],
        790556058
      ],
      [
        "m",
        [
          13,
          2009,
          3151
        ],
        790556166
      ],
      [
        "m",
        [
          13,
          2010,
          3151
        ],
        790556166
      ],
      [
        "m",
        [
          13,
          2011,
          3151
        ],
        790556418
      ],
      [
        "m",
        [
          13,
          2012,
          3151
        ],
        790556418
      ],
      [
        "m",
        [
          13,
          2013,
          3151
        ],
        790556418
      ],
      [
        "m",
        [
          13,
          2014,
          3151
        ],
        790556418
      ],
      [
        "m",
        [
          13,
          2015,
          3151
        ],
        790556238
      ],
      [
        "m",
        [
          13,
          2016,
          3151
        ],
        790556238
      ],
      [
        "m",
        [
          13,
          2017,
          3151
        ],
        790556238
      ],
      [
        "m",
        [
          13,
          2018,
          3151
        ],
        790556238
      ],
      [
        "m",
        [
          13,
          2019,
          3151
        ],
        790556274
      ],
      [
        "m",
        [
          13,
          2020,
          3151
        ],
        790556274
      ],
      [
        "m",
        [
          13,
          2021,
          3151
        ],
        790556274
      ],
      [
        "m",
        [
          13,
          2022,
          3151
        ],
        790556274
      ],
      [
        "m",
        [
          13,
          2023,
          3151
        ],
        790556238
      ],
      [
        "m",
        [
          13,
          2024,
          3151
        ],
        790556238
      ],
      [
        "m",
        [
          13,
          2025,
          3151
        ],
        790556274
      ],
      [
        "m",
        [
          13,
          2026,
          3151
        ],
        790556274
      ],
      [
        "m",
        [
          13,
          2027,
          3151
        ],
        790556274
      ],
      [
        "m",
        [
          13,
          2028,
          3151
        ],
        790556274
      ],
      [
        "m",
        [
          13,
          2029,
          3151
        ],
        790556166
      ],
      [
        "m",
        [
          13,
          2030,
          3151
        ],
        790556166
      ],
      [
        "m",
        [
          13,
          2031,
          3151
        ],
        790556166
      ],
      [
        "m",
        [
          13,
          2032,
          3151
        ],
        790556166
      ],
      [
        "m",
        [
          13,
          2033,
          3151
        ],
        790556238
      ],
      [
        "m",
        [
          13,
          2034,
          3151
        ],
        790556238
      ],
      [
        "m",
        [
          13,
          2035,
          3151
        ],
        790556238
      ],
      [
        "m",
        [
          13,
          2036,
          3151
        ],
        790556238
      ],
      [
        "m",
        [
          13,
          2037,
          3151
        ],
        790556238
      ],
      [
        "m",
        [
          13,
          2038,
          3151
        ],
        790556238
      ],
      [
        "m",
        [
          13,
          2039,
          3151
        ],
        790556238
      ],
      [
        "m",
        [
          13,
          2040,
          3151
        ],
        790556238
      ],
      [
        "m",
        [
          13,
          2041,
          3151
        ],
        790556418
      ],
      [
        "m",
        [
          13,
          2042,
          3151
        ],
        790556418
      ],
      [
        "m",
        [
          13,
          2043,
          3151
        ],
        790556418
      ],
      [
        "m",
        [
          13,
          2044,
          3151
        ],
        790556418
      ],
      [
        "m",
        [
          13,
          2045,
          3151
        ],
        790556058
      ],
      [
        "m",
        [
          13,
          2046,
          3151
        ],
        790556058
      ],
      [
        "m",
        [
          13,
          2047,
          3151
        ],
        790556238
      ],
      [
        "m",
        [
          13,
          2048,
          3151
        ],
        790556238
      ],
      [
        "m",
        [
          13,
          2049,
          3151
        ],
        790556238
      ],
      [
        "m",
        [
          13,
          2050,
          3151
        ],
        790556238
      ],
      [
        "m",
        [
          13,
          1999,
          3152
        ],
        790556238
      ],
      [
        "m",
        [
          13,
          2000,
          3152
        ],
        790556238
      ],
      [
        "m",
        [
          13,
          2001,
          3152
        ],
        790556166
      ],
      [
        "m",
        [
          13,
          2002,
          3152
        ],
        790556166
      ],
      [
        "m",
        [
          13,
          2003,
          3152
        ],
        790556238
      ],
      [
        "m",
        [
          13,
          2004,
          3152
        ],
        790556238
      ],
      [
        "m",
        [
          13,
          2005,
          3152
        ],
        790556238
      ],
      [
        "m",
        [
          13,
          2006,
          3152
        ],
        790556238
      ],
      [
        "m",
        [
          13,
          2007,
          3152
        ],
        790556058
      ],
      [
        "m",
        [
          13,
          2008,
          3152
        ],
        790556058
      ],
      [
        "m",
        [
          13,
          2009,
          3152
        ],
        790556166
      ],
      [
        "m",
        [
          13,
          2010,
          3152
        ],
        790556166
      ],
      [
        "m",
        [
          13,
          2011,
          3152
        ],
        790556418
      ],
      [
        "m",
        [
          13,
          2012,
          3152
        ],
        790556418
      ],
      [
        "m",
        [
          13,
          2013,
          3152
        ],
        790556418
      ],
      [
        "m",
        [
          13,
          2014,
          3152
        ],
        790556418
      ],
      [
        "m",
        [
          13,
          2015,
          3152
        ],
        790556238
      ],
      [
        "m",
        [
          13,
          2016,
          3152
        ],
        790556238
      ],
      [
        "m",
        [
          13,
          2017,
          3152
        ],
        790556238
      ],
      [
        "m",
        [
          13,
          2018,
          3152
        ],
        790556238
      ],
      [
        "m",
        [
          13,
          2019,
          3152
        ],
        790556274
      ],
      [
        "m",
        [
          13,
          2020,
          3152
        ],
        790556274
      ],
      [
        "m",
        [
          13,
          2021,
          3152
        ],
        790556274
      ],
      [
        "m",
        [
          13,
          2022,
          3152
        ],
        790556274
      ],
      [
        "m",
        [
          13,
          2023,
          3152
        ],
        790556238
      ],
      [
        "m",
        [
          13,
          2024,
          3152
        ],
        790556238
      ],
      [
        "m",
        [
          13,
          2025,
          3152
        ],
        790556274
      ],
      [
        "m",
        [
          13,
          2026,
          3152
        ],
        790556274
      ],
      [
        "m",
        [
          13,
          2027,
          3152
        ],
        790556274
      ],
      [
        "m",
        [
          13,
          2028,
          3152
        ],
        790556274
      ],
      [
        "m",
        [
          13,
          2029,
          3152
        ],
        790556166
      ],
      [
        "m",
        [
          13,
          2030,
          3152
        ],
        790556166
      ],
      [
        "m",
        [
          13,
          2031,
          3152
        ],
        790556166
      ],
      [
        "m",
        [
          13,
          2032,
          3152
        ],
        790556166
      ],
      [
        "m",
        [
          13,
          2033,
          3152
        ],
        790556238
      ],
      [
        "m",
        [
          13,
          2034,
          3152
        ],
        790556238
      ],
      [
        "m",
        [
          13,
          2035,
          3152
        ],
        790556238
      ],
      [
        "m",
        [
          13,
          2036,
          3152
        ],
        790556238
      ],
      [
        "m",
        [
          13,
          2037,
          3152
        ],
        790556238
      ],
      [
        "m",
        [
          13,
          2038,
          3152
        ],
        790556238
      ],
      [
        "m",
        [
          13,
          2039,
          3152
        ],
        790556238
      ],
      [
        "m",
        [
          13,
          2040,
          3152
        ],
        790556238
      ],
      [
        "m",
        [
          13,
          2041,
          3152
        ],
        790556418
      ],
      [
        "m",
        [
          13,
          2042,
          3152
        ],
        790556418
      ],
      [
        "m",
        [
          13,
          2043,
          3152
        ],
        790556418
      ],
      [
        "m",
        [
          13,
          2044,
          3152
        ],
        790556418
      ],
      [
        "m",
        [
          13,
          2045,
          3152
        ],
        790556058
      ],
      [
        "m",
        [
          13,
          2046,
          3152
        ],
        790556058
      ],
      [
        "m",
        [
          13,
          2047,
          3152
        ],
        790556238
      ],
      [
        "m",
        [
          13,
          2048,
          3152
        ],
        790556238
      ],
      [
        "m",
        [
          13,
          2049,
          3152
        ],
        790556238
      ],
      [
        "m",
        [
          13,
          2050,
          3152
        ],
        790556238
      ],
      [
        "m",
        [
          13,
          1999,
          3153
        ],
        790556058
      ],
      [
        "m",
        [
          13,
          2000,
          3153
        ],
        790556058
      ],
      [
        "m",
        [
          13,
          2001,
          3153
        ],
        790556058
      ],
      [
        "m",
        [
          13,
          2002,
          3153
        ],
        790556058
      ],
      [
        "m",
        [
          13,
          2003,
          3153
        ],
        790556058
      ],
      [
        "m",
        [
          13,
          2004,
          3153
        ],
        790556058
      ],
      [
        "m",
        [
          13,
          2005,
          3153
        ],
        790556058
      ],
      [
        "m",
        [
          13,
          2006,
          3153
        ],
        790556058
      ],
      [
        "m",
        [
          13,
          2007,
          3153
        ],
        790556058
      ],
      [
        "m",
        [
          13,
          2008,
          3153
        ],
        790556058
      ],
      [
        "m",
        [
          13,
          2009,
          3153
        ],
        790556058
      ],
      [
        "m",
        [
          13,
          2010,
          3153
        ],
        790556058
      ],
      [
        "m",
        [
          13,
          2011,
          3153
        ],
        790556058
      ],
      [
        "m",
        [
          13,
          2012,
          3153
        ],
        790556058
      ],
      [
        "m",
        [
          13,
          2013,
          3153
        ],
        790556058
      ],
      [
        "m",
        [
          13,
          2014,
          3153
        ],
        790556058
      ],
      [
        "m",
        [
          13,
          2015,
          3153
        ],
        790556058
      ],
      [
        "m",
        [
          13,
          2016,
          3153
        ],
        790556058
      ],
      [
        "m",
        [
          13,
          2017,
          3153
        ],
        790556058
      ],
      [
        "m",
        [
          13,
          2018,
          3153
        ],
        790556058
      ],
      [
        "m",
        [
          13,
          2019,
          3153
        ],
        790556472
      ],
      [
        "m",
        [
          13,
          2020,
          3153
        ],
        790556472
      ],
      [
        "m",
        [
          13,
          2021,
          3153
        ],
        790556472
      ],
      [
        "m",
        [
          13,
          2022,
          3153
        ],
        790556472
      ],
      [
        "m",
        [
          13,
          2023,
          3153
        ],
        790556238
      ],
      [
        "m",
        [
          13,
          2024,
          3153
        ],
        790556238
      ],
      [
        "m",
        [
          13,
          2025,
          3153
        ],
        790556166
      ],
      [
        "m",
        [
          13,
          2026,
          3153
        ],
        790556166
      ],
      [
        "m",
        [
          13,
          2027,
          3153
        ],
        790556058
      ],
      [
        "m",
        [
          13,
          2028,
          3153
        ],
        790556058
      ],
      [
        "m",
        [
          13,
          2029,
          3153
        ],
        790556058
      ],
      [
        "m",
        [
          13,
          2030,
          3153
        ],
        790556058
      ],
      [
        "m",
        [
          13,
          2031,
          3153
        ],
        790556166
      ],
      [
        "m",
        [
          13,
          2032,
          3153
        ],
        790556166
      ],
      [
        "m",
        [
          13,
          2033,
          3153
        ],
        790556238
      ],
      [
        "m",
        [
          13,
          2034,
          3153
        ],
        790556238
      ],
      [
        "m",
        [
          13,
          2035,
          3153
        ],
        790556238
      ],
      [
        "m",
        [
          13,
          2036,
          3153
        ],
        790556238
      ],
      [
        "m",
        [
          13,
          2037,
          3153
        ],
        790556238
      ],
      [
        "m",
        [
          13,
          2038,
          3153
        ],
        790556238
      ],
      [
        "m",
        [
          13,
          2039,
          3153
        ],
        790556238
      ],
      [
        "m",
        [
          13,
          2040,
          3153
        ],
        790556238
      ],
      [
        "m",
        [
          13,
          2041,
          3153
        ],
        790556166
      ],
      [
        "m",
        [
          13,
          2042,
          3153
        ],
        790556166
      ],
      [
        "m",
        [
          13,
          2043,
          3153
        ],
        790556166
      ],
      [
        "m",
        [
          13,
          2044,
          3153
        ],
        790556166
      ],
      [
        "m",
        [
          13,
          2045,
          3153
        ],
        790556166
      ],
      [
        "m",
        [
          13,
          2046,
          3153
        ],
        790556166
      ],
      [
        "m",
        [
          13,
          2047,
          3153
        ],
        790556238
      ],
      [
        "m",
        [
          13,
          2048,
          3153
        ],
        790556238
      ],
      [
        "m",
        [
          13,
          2049,
          3153
        ],
        790556238
      ],
      [
        "m",
        [
          13,
          2050,
          3153
        ],
        790556238
      ],
      [
        "m",
        [
          13,
          1999,
          3154
        ],
        790556058
      ],
      [
        "m",
        [
          13,
          2000,
          3154
        ],
        790556058
      ],
      [
        "m",
        [
          13,
          2001,
          3154
        ],
        790556058
      ],
      [
        "m",
        [
          13,
          2002,
          3154
        ],
        790556058
      ],
      [
        "m",
        [
          13,
          2003,
          3154
        ],
        790556058
      ],
      [
        "m",
        [
          13,
          2004,
          3154
        ],
        790556058
      ],
      [
        "m",
        [
          13,
          2005,
          3154
        ],
        790556058
      ],
      [
        "m",
        [
          13,
          2006,
          3154
        ],
        790556058
      ],
      [
        "m",
        [
          13,
          2007,
          3154
        ],
        790556058
      ],
      [
        "m",
        [
          13,
          2008,
          3154
        ],
        790556058
      ],
      [
        "m",
        [
          13,
          2009,
          3154
        ],
        790556058
      ],
      [
        "m",
        [
          13,
          2010,
          3154
        ],
        790556058
      ],
      [
        "m",
        [
          13,
          2011,
          3154
        ],
        790556058
      ],
      [
        "m",
        [
          13,
          2012,
          3154
        ],
        790556058
      ],
      [
        "m",
        [
          13,
          2013,
          3154
        ],
        790556058
      ],
      [
        "m",
        [
          13,
          2014,
          3154
        ],
        790556058
      ],
      [
        "m",
        [
          13,
          2015,
          3154
        ],
        790556058
      ],
      [
        "m",
        [
          13,
          2016,
          3154
        ],
        790556058
      ],
      [
        "m",
        [
          13,
          2017,
          3154
        ],
        790556058
      ],
      [
        "m",
        [
          13,
          2018,
          3154
        ],
        790556058
      ],
      [
        "m",
        [
          13,
          2019,
          3154
        ],
        790556472
      ],
      [
        "m",
        [
          13,
          2020,
          3154
        ],
        790556472
      ],
      [
        "m",
        [
          13,
          2021,
          3154
        ],
        790556472
      ],
      [
        "m",
        [
          13,
          2022,
          3154
        ],
        790556472
      ],
      [
        "m",
        [
          13,
          2023,
          3154
        ],
        790556238
      ],
      [
        "m",
        [
          13,
          2024,
          3154
        ],
        790556238
      ],
      [
        "m",
        [
          13,
          2025,
          3154
        ],
        790556166
      ],
      [
        "m",
        [
          13,
          2026,
          3154
        ],
        790556166
      ],
      [
        "m",
        [
          13,
          2027,
          3154
        ],
        790556058
      ],
      [
        "m",
        [
          13,
          2028,
          3154
        ],
        790556058
      ],
      [
        "m",
        [
          13,
          2029,
          3154
        ],
        790556058
      ],
      [
        "m",
        [
          13,
          2030,
          3154
        ],
        790556058
      ],
      [
        "m",
        [
          13,
          2031,
          3154
        ],
        790556166
      ],
      [
        "m",
        [
          13,
          2032,
          3154
        ],
        790556166
      ],
      [
        "m",
        [
          13,
          2033,
          3154
        ],
        790556238
      ],
      [
        "m",
        [
          13,
          2034,
          3154
        ],
        790556238
      ],
      [
        "m",
        [
          13,
          2035,
          3154
        ],
        790556238
      ],
      [
        "m",
        [
          13,
          2036,
          3154
        ],
        790556238
      ],
      [
        "m",
        [
          13,
          2037,
          3154
        ],
        790556238
      ],
      [
        "m",
        [
          13,
          2038,
          3154
        ],
        790556238
      ],
      [
        "m",
        [
          13,
          2039,
          3154
        ],
        790556238
      ],
      [
        "m",
        [
          13,
          2040,
          3154
        ],
        790556238
      ],
      [
        "m",
        [
          13,
          2041,
          3154
        ],
        790556166
      ],
      [
        "m",
        [
          13,
          2042,
          3154
        ],
        790556166
      ],
      [
        "m",
        [
          13,
          2043,
          3154
        ],
        790556166
      ],
      [
        "m",
        [
          13,
          2044,
          3154
        ],
        790556166
      ],
      [
        "m",
        [
          13,
          2045,
          3154
        ],
        790556166
      ],
      [
        "m",
        [
          13,
          2046,
          3154
        ],
        790556166
      ],
      [
        "m",
        [
          13,
          2047,
          3154
        ],
        790556238
      ],
      [
        "m",
        [
          13,
          2048,
          3154
        ],
        790556238
      ],
      [
        "m",
        [
          13,
          2049,
          3154
        ],
        790556238
      ],
      [
        "m",
        [
          13,
          2050,
          3154
        ],
        790556238
      ],
      [
        "m",
        [
          13,
          1999,
          3155
        ],
        790556166
      ],
      [
        "m",
        [
          13,
          2000,
          3155
        ],
        790556166
      ],
      [
        "m",
        [
          13,
          2001,
          3155
        ],
        790556058
      ],
      [
        "m",
        [
          13,
          2002,
          3155
        ],
        790556058
      ],
      [
        "m",
        [
          13,
          2003,
          3155
        ],
        790556058
      ],
      [
        "m",
        [
          13,
          2004,
          3155
        ],
        790556058
      ],
      [
        "m",
        [
          13,
          2005,
          3155
        ],
        790556058
      ],
      [
        "m",
        [
          13,
          2006,
          3155
        ],
        790556058
      ],
      [
        "m",
        [
          13,
          2007,
          3155
        ],
        790556058
      ],
      [
        "m",
        [
          13,
          2008,
          3155
        ],
        790556058
      ],
      [
        "m",
        [
          13,
          2009,
          3155
        ],
        790556058
      ],
      [
        "m",
        [
          13,
          2010,
          3155
        ],
        790556058
      ],
      [
        "m",
        [
          13,
          2011,
          3155
        ],
        790556058
      ],
      [
        "m",
        [
          13,
          2012,
          3155
        ],
        790556058
      ],
      [
        "m",
        [
          13,
          2013,
          3155
        ],
        790556058
      ],
      [
        "m",
        [
          13,
          2014,
          3155
        ],
        790556058
      ],
      [
        "m",
        [
          13,
          2015,
          3155
        ],
        790556418
      ],
      [
        "m",
        [
          13,
          2016,
          3155
        ],
        790556418
      ],
      [
        "m",
        [
          13,
          2017,
          3155
        ],
        790556418
      ],
      [
        "m",
        [
          13,
          2018,
          3155
        ],
        790556418
      ],
      [
        "m",
        [
          13,
          2019,
          3155
        ],
        790556472
      ],
      [
        "m",
        [
          13,
          2020,
          3155
        ],
        790556472
      ],
      [
        "m",
        [
          13,
          2021,
          3155
        ],
        790556472
      ],
      [
        "m",
        [
          13,
          2022,
          3155
        ],
        790556472
      ],
      [
        "m",
        [
          13,
          2023,
          3155
        ],
        790556166
      ],
      [
        "m",
        [
          13,
          2024,
          3155
        ],
        790556166
      ],
      [
        "m",
        [
          13,
          2025,
          3155
        ],
        790556058
      ],
      [
        "m",
        [
          13,
          2026,
          3155
        ],
        790556058
      ],
      [
        "m",
        [
          13,
          2027,
          3155
        ],
        790556058
      ],
      [
        "m",
        [
          13,
          2028,
          3155
        ],
        790556058
      ],
      [
        "m",
        [
          13,
          2029,
          3155
        ],
        790556058
      ],
      [
        "m",
        [
          13,
          2030,
          3155
        ],
        790556058
      ],
      [
        "m",
        [
          13,
          2031,
          3155
        ],
        790556238
      ],
      [
        "m",
        [
          13,
          2032,
          3155
        ],
        790556238
      ],
      [
        "m",
        [
          13,
          2033,
          3155
        ],
        790556238
      ],
      [
        "m",
        [
          13,
          2034,
          3155
        ],
        790556238
      ],
      [
        "m",
        [
          13,
          2035,
          3155
        ],
        790556238
      ],
      [
        "m",
        [
          13,
          2036,
          3155
        ],
        790556238
      ],
      [
        "m",
        [
          13,
          2037,
          3155
        ],
        790556238
      ],
      [
        "m",
        [
          13,
          2038,
          3155
        ],
        790556238
      ],
      [
        "m",
        [
          13,
          2039,
          3155
        ],
        790556238
      ],
      [
        "m",
        [
          13,
          2040,
          3155
        ],
        790556238
      ],
      [
        "m",
        [
          13,
          2041,
          3155
        ],
        790556166
      ],
      [
        "m",
        [
          13,
          2042,
          3155
        ],
        790556166
      ],
      [
        "m",
        [
          13,
          2043,
          3155
        ],
        790556058
      ],
      [
        "m",
        [
          13,
          2044,
          3155
        ],
        790556058
      ],
      [
        "m",
        [
          13,
          2045,
          3155
        ],
        790556166
      ],
      [
        "m",
        [
          13,
          2046,
          3155
        ],
        790556166
      ],
      [
        "m",
        [
          13,
          2047,
          3155
        ],
        790556166
      ],
      [
        "m",
        [
          13,
          2048,
          3155
        ],
        790556166
      ],
      [
        "m",
        [
          13,
          2049,
          3155
        ],
        790556058
      ],
      [
        "m",
        [
          13,
          2050,
          3155
        ],
        790556058
      ],
      [
        "m",
        [
          13,
          1999,
          3156
        ],
        790556166
      ],
      [
        "m",
        [
          13,
          2000,
          3156
        ],
        790556166
      ],
      [
        "m",
        [
          13,
          2001,
          3156
        ],
        790556058
      ],
      [
        "m",
        [
          13,
          2002,
          3156
        ],
        790556058
      ],
      [
        "m",
        [
          13,
          2003,
          3156
        ],
        790556058
      ],
      [
        "m",
        [
          13,
          2004,
          3156
        ],
        790556058
      ],
      [
        "m",
        [
          13,
          2005,
          3156
        ],
        790556058
      ],
      [
        "m",
        [
          13,
          2006,
          3156
        ],
        790556058
      ],
      [
        "m",
        [
          13,
          2007,
          3156
        ],
        790556058
      ],
      [
        "m",
        [
          13,
          2008,
          3156
        ],
        790556058
      ],
      [
        "m",
        [
          13,
          2009,
          3156
        ],
        790556058
      ],
      [
        "m",
        [
          13,
          2010,
          3156
        ],
        790556058
      ],
      [
        "m",
        [
          13,
          2011,
          3156
        ],
        790556058
      ],
      [
        "m",
        [
          13,
          2012,
          3156
        ],
        790556058
      ],
      [
        "m",
        [
          13,
          2013,
          3156
        ],
        790556058
      ],
      [
        "m",
        [
          13,
          2014,
          3156
        ],
        790556058
      ],
      [
        "m",
        [
          13,
          2015,
          3156
        ],
        790556418
      ],
      [
        "m",
        [
          13,
          2016,
          3156
        ],
        790556418
      ],
      [
        "m",
        [
          13,
          2017,
          3156
        ],
        790556418
      ],
      [
        "m",
        [
          13,
          2018,
          3156
        ],
        790556418
      ],
      [
        "m",
        [
          13,
          2019,
          3156
        ],
        790556472
      ],
      [
        "m",
        [
          13,
          2020,
          3156
        ],
        790556472
      ],
      [
        "m",
        [
          13,
          2021,
          3156
        ],
        790556472
      ],
      [
        "m",
        [
          13,
          2022,
          3156
        ],
        790556472
      ],
      [
        "m",
        [
          13,
          2023,
          3156
        ],
        790556166
      ],
      [
        "m",
        [
          13,
          2024,
          3156
        ],
        790556166
      ],
      [
        "m",
        [
          13,
          2025,
          3156
        ],
        790556058
      ],
      [
        "m",
        [
          13,
          2026,
          3156
        ],
        790556058
      ],
      [
        "m",
        [
          13,
          2027,
          3156
        ],
        790556058
      ],
      [
        "m",
        [
          13,
          2028,
          3156
        ],
        790556058
      ],
      [
        "m",
        [
          13,
          2029,
          3156
        ],
        790556058
      ],
      [
        "m",
        [
          13,
          2030,
          3156
        ],
        790556058
      ],
      [
        "m",
        [
          13,
          2031,
          3156
        ],
        790556238
      ],
      [
        "m",
        [
          13,
          2032,
          3156
        ],
        790556238
      ],
      [
        "m",
        [
          13,
          2033,
          3156
        ],
        790556238
      ],
      [
        "m",
        [
          13,
          2034,
          3156
        ],
        790556238
      ],
      [
        "m",
        [
          13,
          2035,
          3156
        ],
        790556238
      ],
      [
        "m",
        [
          13,
          2036,
          3156
        ],
        790556238
      ],
      [
        "m",
        [
          13,
          2037,
          3156
        ],
        790556238
      ],
      [
        "m",
        [
          13,
          2038,
          3156
        ],
        790556238
      ],
      [
        "m",
        [
          13,
          2039,
          3156
        ],
        790556238
      ],
      [
        "m",
        [
          13,
          2040,
          3156
        ],
        790556238
      ],
      [
        "m",
        [
          13,
          2041,
          3156
        ],
        790556166
      ],
      [
        "m",
        [
          13,
          2042,
          3156
        ],
        790556166
      ],
      [
        "m",
        [
          13,
          2043,
          3156
        ],
        790556058
      ],
      [
        "m",
        [
          13,
          2044,
          3156
        ],
        790556058
      ],
      [
        "m",
        [
          13,
          2045,
          3156
        ],
        790556166
      ],
      [
        "m",
        [
          13,
          2046,
          3156
        ],
        790556166
      ],
      [
        "m",
        [
          13,
          2047,
          3156
        ],
        790556166
      ],
      [
        "m",
        [
          13,
          2048,
          3156
        ],
        790556166
      ],
      [
        "m",
        [
          13,
          2049,
          3156
        ],
        790556058
      ],
      [
        "m",
        [
          13,
          2050,
          3156
        ],
        790556058
      ]
    ]
  ],
  0,
  null,
  [
    0,
    null,
    null,
    null,
    0
  ],
  2,
  [
    1
  ],
  3
]